title,car_make,car_model,year_cleaned,mileage_cleaned,range_km_cleaned,months_to_eu_cleaned,owners_cleaned,has_condition_issue,has_warranty,trim_level,region,is_dealer,dealer_name,days_listed,status,price_cleaned,predicted_value,value_difference,url
Nissan Leaf,Nissan,Leaf,2022.0,65411.0,270.0,22.6,1.0,0.0,1.0,Ukjent,Annet,1.0,Autoplan AS,0,Aktiv,69000.0,120998,51998,https://www.finn.no/mobility/item/452639352
Nissan Leaf,Nissan,Leaf,2022.0,58000.0,270.0,12.0,2.0,0.0,0.0,Ukjent,Oslo/Akershus,1.0,Oslo Varebil Spesialisten AS,0,Aktiv,139500.0,185008,45508,https://www.finn.no/mobility/item/450878359
Nissan Leaf,Nissan,Leaf,2023.0,79000.0,278.0,12.0,1.0,0.0,1.0,Tekna,Oslo/Akershus,1.0,Bilsalongen AS,0,Aktiv,155600.0,184694,29094,https://www.finn.no/mobility/item/451250811
Nissan Leaf,Nissan,Leaf,2019.0,120800.0,270.0,23.4,1.0,0.0,1.0,Ukjent,Annet,1.0,Overhalla Speed Auto,0,Aktiv,99932.0,123911,23979,https://www.finn.no/mobility/item/447625689
Nissan Leaf,Nissan,Leaf,2026.0,5.0,445.0,12.0,1.0,0.0,1.0,Ukjent,Annet,1.0,Birger N Haug avd. Rud,0,Aktiv,369900.0,392411,22511,https://www.finn.no/mobility/item/444942042
Nissan Leaf,Nissan,Leaf,2021.0,49300.0,385.0,21.5,1.0,0.0,1.0,Ukjent,Annet,1.0,DRIVALIA LEASE NORGE AS,0,Aktiv,179000.0,200828,21828,https://www.finn.no/mobility/item/449342114
Nissan Leaf,Nissan,Leaf,2019.0,141000.0,270.0,12.0,1.0,0.0,0.0,Ukjent,Sørlandet,1.0,TG BIL & BÅT AS,0,Aktiv,99000.0,118766,19766,https://www.finn.no/mobility/item/450860953
Nissan Leaf,Nissan,Leaf,2022.0,50500.0,270.0,22.166666666666668,2.0,0.0,0.0,Ukjent,Vestfold/Telemark,1.0,Ramnes Bil AS,0,Aktiv,139532.0,159236,19704,https://www.finn.no/mobility/item/447134279
Nissan Leaf,Nissan,Leaf,2018.0,91900.0,270.0,12.0,2.0,0.0,1.0,Ukjent,Rogaland,1.0,SANDNES BRUKTBIL AS,0,Aktiv,109000.0,128700,19700,https://www.finn.no/mobility/item/451919768
Nissan Leaf,Nissan,Leaf,2021.0,40700.0,270.0,12.0,1.0,0.0,0.0,Ukjent,Vestfold/Telemark,1.0,Telemark Bilutsalg AS,0,Aktiv,144900.0,164400,19500,https://www.finn.no/mobility/item/441012966
Nissan Leaf,Nissan,Leaf,2021.0,39000.0,270.0,12.0,1.0,0.0,0.0,Ukjent,Annet,1.0,Auksjonen.No AS,0,Aktiv,144532.0,163965,19433,https://www.finn.no/mobility/item/453554500
Nissan Leaf,Nissan,Leaf,2019.0,31143.0,270.0,17.533333333333335,1.0,0.0,0.0,N-Connecta,Oslo/Akershus,0.0,,0,Aktiv,124434.0,143274,18840,https://www.finn.no/mobility/item/434603759
Nissan Leaf,Nissan,Leaf,2018.0,86000.0,270.0,7.0,1.0,0.0,0.0,Ukjent,Oslo/Akershus,0.0,,0,Aktiv,99532.0,117858,18326,https://www.finn.no/mobility/item/451046761
Nissan Leaf,Nissan,Leaf,2018.0,145000.0,270.0,12.0,2.0,0.0,0.0,Ukjent,Oslo/Akershus,1.0,CARHOUSE AS,0,Aktiv,89000.0,107174,18174,https://www.finn.no/mobility/item/451633192
Nissan Leaf,Nissan,Leaf,2019.0,51979.0,270.0,12.0,2.0,0.0,1.0,Ukjent,Sørlandet,1.0,AUTO COMPANY AS,0,Aktiv,129900.0,147067,17167,https://www.finn.no/mobility/item/453473376
Nissan Leaf,Nissan,Leaf,2018.0,137000.0,270.0,6.0,4.0,0.0,0.0,Tekna,Annet,0.0,,0,Aktiv,89900.0,105953,16053,https://www.finn.no/mobility/item/452133070
Nissan Leaf,Nissan,Leaf,2016.0,47300.0,250.0,23.73333333333333,2.0,0.0,0.0,Ukjent,Trøndelag,1.0,RSR AS,0,Aktiv,52000.0,68030,16030,https://www.finn.no/mobility/item/440656379
Nissan Leaf,Nissan,Leaf,2019.0,100500.0,270.0,12.0,2.0,0.0,0.0,Ukjent,Rogaland,1.0,Digicarsale AS,0,Aktiv,105000.0,120945,15945,https://www.finn.no/mobility/item/452463363
Nissan Leaf,Nissan,Leaf,2018.0,42011.0,270.0,23.266666666666666,1.0,0.0,0.0,Ukjent,Vestland,0.0,,0,Aktiv,123434.0,139050,15616,https://www.finn.no/mobility/item/442523970
Nissan Leaf,Nissan,Leaf,2023.0,32736.0,270.0,12.933333333333334,1.0,0.0,1.0,N-Connecta,Oslo/Akershus,0.0,,0,Aktiv,187505.0,202616,15111,https://www.finn.no/mobility/item/448070988
Nissan Leaf,Nissan,Leaf,2018.0,74000.0,270.0,12.533333333333331,1.0,0.0,0.0,Ukjent,Vestland,0.0,,0,Aktiv,106434.0,121142,14708,https://www.finn.no/mobility/item/443173205
Nissan Leaf,Nissan,Leaf,2020.0,87000.0,385.0,12.0,1.0,0.0,1.0,N-Connecta,Annet,1.0,Romerike Autohus AS,0,Aktiv,159000.0,173503,14503,https://www.finn.no/mobility/item/450147346
Nissan Leaf,Nissan,Leaf,2022.0,58500.0,284.0,12.0,2.0,0.0,1.0,Ukjent,Østfold,1.0,Gretland Bil AS,0,Aktiv,159000.0,173231,14231,https://www.finn.no/mobility/item/452810723
Nissan Leaf,Nissan,Leaf,2023.0,26000.0,285.0,17.933333333333334,1.0,0.0,1.0,Visia,Vestland,1.0,Mobile Kokstad AS,0,Aktiv,199900.0,213991,14091,https://www.finn.no/mobility/item/424302880
Nissan Leaf,Nissan,Leaf,2020.0,142800.0,270.0,24.666666666666668,1.0,0.0,0.0,Ukjent,Annet,0.0,,0,Aktiv,99532.0,113496,13964,https://www.finn.no/mobility/item/449088162
Nissan Leaf,Nissan,Leaf,2022.0,18026.0,270.0,12.0,1.0,0.0,1.0,Ukjent,Annet,1.0,ARM Bil AS,0,Aktiv,189000.0,202668,13668,https://www.finn.no/mobility/item/449924579
Nissan Leaf,Nissan,Leaf,2020.0,19000.0,271.0,6.5,1.0,0.0,1.0,Ukjent,Annet,1.0,Polar Bil AS,0,Aktiv,162434.0,175999,13565,https://www.finn.no/mobility/item/380169385
Nissan Leaf,Nissan,Leaf,2018.0,143000.0,270.0,12.0,2.0,0.0,1.0,Ukjent,Rogaland,1.0,LOYAL AUTO AS,0,Aktiv,89000.0,102565,13565,https://www.finn.no/mobility/item/445335868
Nissan Leaf,Nissan,Leaf,2018.0,35000.0,270.0,12.0,2.0,0.0,1.0,Ukjent,Østfold,1.0,Brennes Auto AS,0,Aktiv,139000.0,152454,13454,https://www.finn.no/mobility/item/444945210
Nissan Leaf,Nissan,Leaf,2018.0,90400.0,270.0,22.7,2.0,0.0,1.0,Tekna,Vestland,0.0,,0,Aktiv,119900.0,133351,13451,https://www.finn.no/mobility/item/447098165
Nissan Leaf,Nissan,Leaf,2019.0,82284.0,270.0,12.0,1.0,0.0,1.0,Tekna,Oslo/Akershus,1.0,Auto Solution AS,0,Aktiv,114800.0,128191,13391,https://www.finn.no/mobility/item/452656488
Nissan Leaf,Nissan,Leaf,2018.0,103000.0,270.0,12.0,1.0,0.0,1.0,Tekna,Annet,1.0,Car4Sale AS,0,Aktiv,99900.0,113161,13261,https://www.finn.no/mobility/item/452497607
Nissan Leaf,Nissan,Leaf,2024.0,20269.0,278.0,25.133333333333333,2.0,0.0,1.0,Ukjent,Oslo/Akershus,1.0,Mobile Skøyen AS,0,Aktiv,218900.0,232149,13249,https://www.finn.no/mobility/item/449344088
Nissan Leaf,Nissan,Leaf,2022.0,50137.0,285.0,8.366666666666667,1.0,0.0,1.0,Visia,Annet,1.0,Mobile Kongsvinger,0,Aktiv,158900.0,171942,13042,https://www.finn.no/mobility/item/452509755
Nissan Leaf,Nissan,Leaf,2026.0,10.0,440.0,12.0,1.0,0.0,1.0,Ukjent,Trøndelag,1.0,Auto 8-8 Witro AS,0,Aktiv,379400.0,392411,13011,https://www.finn.no/mobility/item/445766927
Nissan Leaf,Nissan,Leaf,2021.0,68550.0,385.0,12.0,1.0,0.0,1.0,Tekna,Annet,1.0,Rebil,0,Aktiv,174900.0,187910,13010,https://www.finn.no/mobility/item/449813475
Nissan Leaf,Nissan,Leaf,2019.0,50000.0,270.0,12.0,1.0,0.0,0.0,Tekna,Oslo/Akershus,0.0,,0,Aktiv,128000.0,140992,12992,https://www.finn.no/mobility/item/449441976
Nissan Leaf,Nissan,Leaf,2020.0,43000.0,270.0,12.0,1.0,0.0,1.0,Ukjent,Trøndelag,1.0,Aage Vold Autosalg AS,0,Aktiv,149000.0,161953,12953,https://www.finn.no/mobility/item/451758421
Nissan Leaf,Nissan,Leaf,2020.0,22750.0,270.0,19.9,2.0,0.0,0.0,Ukjent,Vestland,0.0,,0,Aktiv,144532.0,156995,12463,https://www.finn.no/mobility/item/451920189
Nissan Leaf,Nissan,Leaf,2023.0,46000.0,278.0,12.0,2.0,0.0,1.0,Ukjent,Østfold,1.0,Dahles Auto Moss AS,0,Aktiv,189900.0,202053,12153,https://www.finn.no/mobility/item/435621123
Nissan Leaf,Nissan,Leaf,2018.0,53500.0,270.0,12.0,1.0,0.0,1.0,Ukjent,Annet,1.0,Nitteberg Bil AS,0,Aktiv,119000.0,131104,12104,https://www.finn.no/mobility/item/452808226
Nissan Leaf,Nissan,Leaf,2018.0,71000.0,270.0,12.0,2.0,0.0,1.0,Ukjent,Vestland,1.0,Car4Sale AS,0,Aktiv,114900.0,126980,12080,https://www.finn.no/mobility/item/452774661
Nissan Leaf,Nissan,Leaf,2018.0,95700.0,270.0,12.0,2.0,0.0,1.0,Ukjent,Rogaland,1.0,VELAND AUTO AS,0,Aktiv,98900.0,110944,12044,https://www.finn.no/mobility/item/452408394
Nissan Leaf,Nissan,Leaf,2021.0,93000.0,385.0,12.0,1.0,0.0,1.0,Ukjent,Annet,1.0,Rebil Salgshjelp,0,Aktiv,164999.0,176959,11960,https://www.finn.no/mobility/item/442440859
Nissan Leaf,Nissan,Leaf,2022.0,67000.0,270.0,12.0,1.0,0.0,1.0,N-Connecta,Annet,1.0,Panther Auto AS,0,Aktiv,149900.0,161853,11953,https://www.finn.no/mobility/item/447550976
Nissan Leaf,Nissan,Leaf,2022.0,20600.0,270.0,12.0,2.0,0.0,1.0,Ukjent,Østfold,1.0,Brennes Auto Moss AS,0,Aktiv,195000.0,206930,11930,https://www.finn.no/mobility/item/452957750
Nissan Leaf,Nissan,Leaf,2019.0,65000.0,270.0,12.0,2.0,0.0,1.0,Ukjent,Østfold,1.0,Dahles Auto Moss AS,0,Aktiv,129900.0,141820,11920,https://www.finn.no/mobility/item/439021077
Nissan Leaf,Nissan,Leaf,2023.0,70393.0,385.0,21.933333333333334,1.0,0.0,1.0,Ukjent,Oslo/Akershus,0.0,,0,Aktiv,210000.0,221787,11787,https://www.finn.no/mobility/item/450382567
Nissan Leaf,Nissan,Leaf,2022.0,117100.0,385.0,12.0,1.0,0.0,1.0,Tekna,Annet,1.0,Rebil,0,Aktiv,174900.0,186592,11692,https://www.finn.no/mobility/item/451924999
Nissan Leaf,Nissan,Leaf,2023.0,84811.0,278.0,10.666666666666666,1.0,0.0,1.0,Ukjent,Annet,1.0,Mobile Hamar AS,0,Aktiv,169000.0,180515,11515,https://www.finn.no/mobility/item/452833845
Nissan Leaf,Nissan,Leaf,2022.0,28000.0,385.0,6.666666666666667,1.0,0.0,1.0,Ukjent,Annet,1.0,DRIVALIA LEASE NORGE AS,0,Aktiv,219000.0,230508,11508,https://www.finn.no/mobility/item/449340577
Nissan Leaf,Nissan,Leaf,2018.0,82000.0,270.0,24.1,2.0,0.0,0.0,Tekna,Annet,0.0,,0,Aktiv,118000.0,129500,11500,https://www.finn.no/mobility/item/451641883
Nissan Leaf,Nissan,Leaf,2020.0,56400.0,385.0,12.0,1.0,0.0,1.0,Ukjent,Annet,1.0,AUTOVAULT AS,0,Aktiv,169900.0,181384,11484,https://www.finn.no/mobility/item/450460112
Nissan Leaf,Nissan,Leaf,2020.0,38595.0,385.0,12.0,1.0,0.0,1.0,N-Connecta,Annet,1.0,Hokksund Auto AS,0,Aktiv,189000.0,200463,11463,https://www.finn.no/mobility/item/450273719
Nissan Leaf,Nissan,Leaf,2020.0,52787.0,270.0,12.0,1.0,0.0,1.0,Ukjent,Rogaland,1.0,BILTEKNIKK 1 AS,0,Aktiv,149000.0,160215,11215,https://www.finn.no/mobility/item/441193877
Nissan Leaf,Nissan,Leaf,2018.0,153500.0,270.0,7.0,3.0,0.0,0.0,Ukjent,Oslo/Akershus,0.0,,0,Aktiv,84532.0,95736,11204,https://www.finn.no/mobility/item/451546128
Nissan Leaf,Nissan,Leaf,2020.0,57978.0,385.0,12.0,1.0,0.0,1.0,N-Connecta,Annet,1.0,Storhamar Bil AS,0,Aktiv,169000.0,180150,11150,https://www.finn.no/mobility/item/452796100
Nissan Leaf,Nissan,Leaf,2021.0,82500.0,385.0,12.0,2.0,0.0,1.0,Ukjent,Østfold,1.0,Brennes Auto Moss AS,0,Aktiv,169000.0,179766,10766,https://www.finn.no/mobility/item/448245939
Nissan Leaf,Nissan,Leaf,2021.0,64000.0,270.0,4.933333333333334,1.0,0.0,0.0,N-Connecta,Annet,0.0,,0,Aktiv,144532.0,155227,10695,https://www.finn.no/mobility/item/447469776
Nissan Leaf,Nissan,Leaf,2018.0,111000.0,270.0,12.0,1.0,0.0,0.0,Ukjent,Sørlandet,1.0,TG BIL & BÅT AS,0,Aktiv,99000.0,109615,10615,https://www.finn.no/mobility/item/450903887
Nissan Leaf,Nissan,Leaf,2020.0,59000.0,270.0,9.033333333333331,2.0,0.0,0.0,Ukjent,Annet,0.0,,0,Aktiv,139532.0,150063,10531,https://www.finn.no/mobility/item/451529508
Nissan Leaf,Nissan,Leaf,2021.0,55000.0,385.0,13.033333333333331,1.0,0.0,1.0,N-Connecta,Oslo/Akershus,1.0,Birger N. Haug Ski,0,Aktiv,189900.0,200410,10510,https://www.finn.no/mobility/item/452512931
Nissan Leaf,Nissan,Leaf,2018.0,134007.0,270.0,17.566666666666666,1.0,0.0,0.0,Ukjent,Annet,0.0,,0,Aktiv,99000.0,109502,10502,https://www.finn.no/mobility/item/450178852
Nissan Leaf,Nissan,Leaf,2018.0,125000.0,270.0,12.0,1.0,0.0,1.0,N-Connecta,Annet,1.0,RSA BIL Trondheim,0,Aktiv,109000.0,119322,10322,https://www.finn.no/mobility/item/451833540
Nissan Leaf,Nissan,Leaf,2021.0,77600.0,385.0,13.466666666666669,1.0,0.0,1.0,N-Connecta,Trøndelag,1.0,tm bil,0,Aktiv,174532.0,184757,10225,https://www.finn.no/mobility/item/435056799
Nissan Leaf,Nissan,Leaf,2020.0,84000.0,385.0,9.6,5.0,0.0,0.0,Ukjent,Oslo/Akershus,0.0,,0,Aktiv,157532.0,167752,10220,https://www.finn.no/mobility/item/453313855
Nissan Leaf,Nissan,Leaf,2019.0,218000.0,270.0,12.0,1.0,0.0,0.0,Ukjent,Annet,1.0,Auksjonen.No AS,0,Aktiv,65532.0,75743,10211,https://www.finn.no/mobility/item/453403393
Nissan Leaf,Nissan,Leaf,2017.0,75000.0,270.0,12.066666666666666,1.0,0.0,1.0,Ukjent,Annet,1.0,Møller Bil Bruktbil avd. Outlet Stor-Oslo,0,Aktiv,59000.0,68921,9921,https://www.finn.no/mobility/item/453326933
Nissan Leaf,Nissan,Leaf,2023.0,48500.0,285.0,12.0,1.0,0.0,1.0,Ukjent,Annet,1.0,ONSRUD AUTO GARDERMOEN AS,0,Aktiv,179000.0,188903,9903,https://www.finn.no/mobility/item/450752610
Nissan Leaf,Nissan,Leaf,2020.0,80000.0,385.0,24.166666666666668,1.0,0.0,0.0,Ukjent,Annet,0.0,,0,Aktiv,159999.0,169794,9795,https://www.finn.no/mobility/item/443421727
Nissan Leaf,Nissan,Leaf,2019.0,58000.0,270.0,16.0,2.0,0.0,0.0,Ukjent,Vestfold/Telemark,0.0,,0,Aktiv,134000.0,143651,9651,https://www.finn.no/mobility/item/451777175
Nissan Leaf,Nissan,Leaf,2018.0,95817.0,270.0,12.0,2.0,0.0,0.0,Ukjent,Vestfold/Telemark,1.0,Auksjonen.No AS,0,Aktiv,99532.0,109100,9568,https://www.finn.no/mobility/item/452510185
Nissan Leaf,Nissan,Leaf,2020.0,37700.0,385.0,12.0,1.0,0.0,1.0,Ukjent,Trøndelag,1.0,Aage Vold Autosalg AS,0,Aktiv,189000.0,198564,9564,https://www.finn.no/mobility/item/451771479
Nissan Leaf,Nissan,Leaf,2018.0,140079.0,270.0,12.0,1.0,0.0,1.0,Acenta,Sørlandet,1.0,AUTO COMPANY AS,0,Aktiv,99900.0,109378,9478,https://www.finn.no/mobility/item/439368737
Nissan Leaf,Nissan,Leaf,2018.0,138000.0,270.0,24.1,5.0,0.0,0.0,Ukjent,Annet,1.0,Christian Aasbø AS,0,Aktiv,89532.0,98973,9441,https://www.finn.no/mobility/item/452703867
Nissan Leaf,Nissan,Leaf,2018.0,112800.0,270.0,6.3,2.0,0.0,0.0,Ukjent,Rogaland,0.0,,0,Aktiv,94999.0,104426,9427,https://www.finn.no/mobility/item/452577174
Nissan Leaf,Nissan,Leaf,2022.0,30000.0,270.0,12.0,2.0,0.0,1.0,Ukjent,Rogaland,1.0,Kverneland Bil | Volvo og MG Haugesund,0,Aktiv,189000.0,198361,9361,https://www.finn.no/mobility/item/447392639
Nissan Leaf,Nissan,Leaf,2019.0,85000.0,270.0,12.933333333333334,1.0,0.0,1.0,Tekna,Annet,0.0,,0,Aktiv,119900.0,129242,9342,https://www.finn.no/mobility/item/440534587
Nissan Leaf,Nissan,Leaf,2020.0,65200.0,270.0,12.366666666666667,3.0,0.0,0.0,Ukjent,Oslo/Akershus,0.0,,0,Aktiv,129532.0,138846,9314,https://www.finn.no/mobility/item/453028925
Nissan Leaf,Nissan,Leaf,2023.0,32300.0,278.0,12.0,2.0,0.0,1.0,Ukjent,Vestland,1.0,"Frydenbø Bil, Førde ± Halbrendsøyra",0,Aktiv,209000.0,218268,9268,https://www.finn.no/mobility/item/452939776
Nissan Leaf,Nissan,Leaf,2022.0,51000.0,385.0,3.466666666666667,2.0,0.0,1.0,Ukjent,Oslo/Akershus,0.0,,0,Aktiv,199900.0,209154,9254,https://www.finn.no/mobility/item/444288427
Nissan Leaf,Nissan,Leaf,2021.0,63500.0,270.0,12.0,2.0,0.0,1.0,Ukjent,Rogaland,1.0,dahl auto,0,Aktiv,147000.0,156177,9177,https://www.finn.no/mobility/item/452503389
Nissan Leaf,Nissan,Leaf,2020.0,50500.0,270.0,24.6,1.0,0.0,0.0,Ukjent,Annet,0.0,,0,Aktiv,134532.0,143699,9167,https://www.finn.no/mobility/item/448742416
Nissan Leaf,Nissan,Leaf,2023.0,43800.0,278.0,12.0,2.0,0.0,1.0,Ukjent,Rogaland,1.0,Rogaland Bilformidling AS,0,Aktiv,199000.0,208153,9153,https://www.finn.no/mobility/item/451870560
Nissan Leaf,Nissan,Leaf,2020.0,69980.0,270.0,12.0,2.0,0.0,1.0,Ukjent,Østfold,1.0,Hvaler Bruktbil AS,0,Aktiv,139900.0,148971,9071,https://www.finn.no/mobility/item/452380441
Nissan Leaf,Nissan,Leaf,2022.0,17350.0,285.0,8.3,2.0,0.0,1.0,Ukjent,Vestfold/Telemark,1.0,Mobile Auto Vestfold AS,0,Aktiv,164500.0,173495,8995,https://www.finn.no/mobility/item/451807368
Nissan Leaf,Nissan,Leaf,2020.0,29300.0,385.0,7.766666666666667,1.0,0.0,1.0,Ukjent,Vestland,1.0,Møller Bil Bruktbilsenter Bergen,0,Aktiv,199900.0,208870,8970,https://www.finn.no/mobility/item/450579943
Nissan Leaf,Nissan,Leaf,2022.0,91451.0,270.0,0.8,1.0,0.0,1.0,Ukjent,Vestland,1.0,Vestland Bil & Import AS,0,Aktiv,144532.0,153438,8906,https://www.finn.no/mobility/item/452301149
Nissan Leaf,Nissan,Leaf,2022.0,53000.0,270.0,12.0,1.0,0.0,1.0,Tekna,Vestland,1.0,Motor Forum Bergen,0,Aktiv,179900.0,188750,8850,https://www.finn.no/mobility/item/439373597
Nissan Leaf,Nissan,Leaf,2022.0,40000.0,270.0,2.1333333333333333,1.0,0.0,0.0,Ukjent,Annet,0.0,,0,Aktiv,176532.0,185373,8841,https://www.finn.no/mobility/item/446089693
Nissan Leaf,Nissan,Leaf,2018.0,104000.0,270.0,23.866666666666667,1.0,0.0,0.0,Ukjent,Annet,1.0,Vøyen Auto,0,Aktiv,102532.0,111362,8830,https://www.finn.no/mobility/item/452904969
Nissan Leaf,Nissan,Leaf,2022.0,50300.0,278.0,5.733333333333333,2.0,0.0,1.0,Ukjent,Vestland,1.0,Møller Bil Bruktbilsenter Bergen,0,Aktiv,174900.0,183589,8689,https://www.finn.no/mobility/item/451945542
Nissan Leaf,Nissan,Leaf,2020.0,53714.0,385.0,6.7,1.0,0.0,0.0,Ukjent,Vestfold/Telemark,0.0,,0,Aktiv,169532.0,178116,8584,https://www.finn.no/mobility/item/448950023
Nissan Leaf,Nissan,Leaf,2018.0,72400.0,270.0,12.0,1.0,0.0,1.0,Ukjent,Nord-Norge,1.0,Biltrend Harstad AS,0,Aktiv,119000.0,127521,8521,https://www.finn.no/mobility/item/451921018
Nissan Leaf,Nissan,Leaf,2021.0,57232.0,270.0,13.566666666666666,1.0,0.0,1.0,Ukjent,Oslo/Akershus,1.0,Birger N. Haug AS Lillestrøm,0,Aktiv,149900.0,158356,8456,https://www.finn.no/mobility/item/448529309
Nissan Leaf,Nissan,Leaf,2018.0,72500.0,250.0,1.9,1.0,0.0,0.0,Tekna,Annet,0.0,,0,Aktiv,114147.0,122573,8426,https://www.finn.no/mobility/item/293259020
Nissan Leaf,Nissan,Leaf,2022.0,60000.0,385.0,12.0,2.0,0.0,1.0,Ukjent,Vestfold/Telemark,1.0,Øyans Bil Sandefjord AS,0,Aktiv,199900.0,208308,8408,https://www.finn.no/mobility/item/437981303
Nissan Leaf,Nissan,Leaf,2023.0,11500.0,270.0,12.0,1.0,0.0,1.0,Ukjent,Annet,1.0,GOL AUTO AS,0,Aktiv,205000.0,213297,8297,https://www.finn.no/mobility/item/439396933
Nissan Leaf,Nissan,Leaf,2021.0,46000.0,270.0,12.0,1.0,0.0,1.0,Acenta,Trøndelag,1.0,Trøndelag Bil AS,0,Aktiv,159900.0,168137,8237,https://www.finn.no/mobility/item/447198450
Nissan Leaf,Nissan,Leaf,2018.0,93000.0,270.0,9.2,1.0,0.0,0.0,Tekna,Annet,1.0,Birger N. Haug AS avd Gardermoen Outlet,0,Aktiv,109900.0,118104,8204,https://www.finn.no/mobility/item/450293931
Nissan Leaf,Nissan,Leaf,2018.0,60000.0,270.0,12.0,1.0,0.0,1.0,Ukjent,Trøndelag,1.0,Bertel O. Steen Stjørdal,0,Aktiv,119000.0,127175,8175,https://www.finn.no/mobility/item/447074704
Nissan Leaf,Nissan,Leaf,2022.0,34000.0,284.0,12.0,1.0,0.0,1.0,Acenta,Annet,1.0,Auto 8-8 Ålesund AS,0,Aktiv,179000.0,187174,8174,https://www.finn.no/mobility/item/450892849
Nissan Leaf,Nissan,Leaf,2022.0,44959.0,278.0,8.333333333333334,1.0,0.0,1.0,Ukjent,Oslo/Akershus,1.0,Birger N. Haug AS Lillestrøm,0,Aktiv,179900.0,188008,8108,https://www.finn.no/mobility/item/442114719
Nissan Leaf,Nissan,Leaf,2020.0,74682.0,270.0,23.366666666666667,1.0,0.0,0.0,Ukjent,Annet,1.0,Birger N. Haug Outlet Rud,0,Aktiv,132900.0,140989,8089,https://www.finn.no/mobility/item/448035512
Nissan Leaf,Nissan,Leaf,2018.0,104200.0,270.0,12.0,2.0,0.0,1.0,Ukjent,Vestland,1.0,Kverneland Bil AS | Ford Åsane,0,Aktiv,109000.0,117079,8079,https://www.finn.no/mobility/item/451617666
Nissan Leaf,Nissan,Leaf,2019.0,141500.0,270.0,12.0,2.0,0.0,1.0,Ukjent,Rogaland,1.0,MACK AUTO AS,0,Aktiv,109000.0,117021,8021,https://www.finn.no/mobility/item/446114158
Nissan Leaf,Nissan,Leaf,2018.0,87000.0,270.0,12.0,2.0,0.0,1.0,Ukjent,Rogaland,1.0,SANDNES BRUKTBIL AS,0,Aktiv,119000.0,126838,7838,https://www.finn.no/mobility/item/453414947
Nissan Leaf,Nissan,Leaf,2018.0,100000.0,270.0,12.0,1.0,0.0,0.0,Tekna,Annet,1.0,Resale AS,0,Aktiv,109900.0,117731,7831,https://www.finn.no/mobility/item/450688659
Nissan Leaf,Nissan,Leaf,2021.0,72000.0,385.0,12.0,2.0,0.0,1.0,Ukjent,Østfold,1.0,Exotic Motors,0,Aktiv,179990.0,187801,7811,https://www.finn.no/mobility/item/450756656
Nissan Leaf,Nissan,Leaf,2022.0,24000.0,270.0,12.0,1.0,0.0,1.0,Tekna,Annet,1.0,Dream Car,0,Aktiv,189999.0,197760,7761,https://www.finn.no/mobility/item/444859580
Nissan Leaf,Nissan,Leaf,2019.0,52550.0,270.0,12.0,1.0,0.0,1.0,Ukjent,Annet,1.0,AUTOLINKS AS,0,Aktiv,134900.0,142635,7735,https://www.finn.no/mobility/item/450107986
Nissan Leaf,Nissan,Leaf,2020.0,44000.0,385.0,-24.53333333333333,1.0,0.0,1.0,Ukjent,Vestfold/Telemark,1.0,RS Bilsenter AS,0,Aktiv,173532.0,181213,7681,https://www.finn.no/mobility/item/452379736
Nissan Leaf,Nissan,Leaf,2021.0,55000.0,270.0,18.433333333333334,1.0,0.0,1.0,Ukjent,Vestland,0.0,,0,Aktiv,149434.0,157053,7619,https://www.finn.no/mobility/item/438114627
Nissan Leaf,Nissan,Leaf,2021.0,43000.0,385.0,12.566666666666666,4.0,0.0,0.0,Ukjent,Vestfold/Telemark,0.0,,0,Aktiv,179000.0,186603,7603,https://www.finn.no/mobility/item/436036800
Nissan Leaf,Nissan,Leaf,2015.0,75000.0,270.0,17.966666666666665,2.0,0.0,0.0,Ukjent,Annet,0.0,,0,Aktiv,52532.0,60093,7561,https://www.finn.no/mobility/item/450486981
Nissan Leaf,Nissan,Leaf,2018.0,71100.0,270.0,12.0,1.0,0.0,0.0,Ukjent,Oslo/Akershus,1.0,SEBIL AS,0,Aktiv,119990.0,127550,7560,https://www.finn.no/mobility/item/450477915
Nissan Leaf,Nissan,Leaf,2018.0,80925.0,240.0,23.53333333333333,2.0,0.0,0.0,Ukjent,Nord-Norge,0.0,,0,Aktiv,119532.0,126993,7461,https://www.finn.no/mobility/item/451797283
Nissan Leaf,Nissan,Leaf,2020.0,86000.0,385.0,2.333333333333333,2.0,0.0,0.0,Ukjent,Vestfold/Telemark,0.0,,0,Aktiv,169932.0,177291,7359,https://www.finn.no/mobility/item/446617108
Nissan Leaf,Nissan,Leaf,2022.0,28500.0,270.0,12.0,1.0,0.0,1.0,Ukjent,Oslo/Akershus,1.0,Rebil,0,Aktiv,189000.0,196351,7351,https://www.finn.no/mobility/item/452378889
Nissan Leaf,Nissan,Leaf,2024.0,36056.0,278.0,12.0,1.0,0.0,1.0,N-Connecta,Annet,1.0,Elverumbil AS,0,Aktiv,215000.0,222183,7183,https://www.finn.no/mobility/item/452792743
Nissan Leaf,Nissan,Leaf,2022.0,36500.0,270.0,12.0,1.0,0.0,1.0,Ukjent,Annet,1.0,Auto 8-8 Ålesund AS,0,Aktiv,189000.0,196168,7168,https://www.finn.no/mobility/item/447538039
Nissan Leaf,Nissan,Leaf,2022.0,10000.0,285.0,10.0,2.0,0.0,1.0,Ukjent,Vestfold/Telemark,1.0,Mobile Larvik AS,0,Aktiv,179000.0,186152,7152,https://www.finn.no/mobility/item/451505032
Nissan Leaf,Nissan,Leaf,2021.0,63000.0,385.0,17.166666666666668,1.0,0.0,1.0,Ukjent,Annet,1.0,Beret AS,0,Aktiv,179434.0,186573,7139,https://www.finn.no/mobility/item/428988988
Nissan Leaf,Nissan,Leaf,2018.0,122812.0,270.0,5.4,1.0,0.0,0.0,Ukjent,Annet,0.0,,0,Aktiv,99532.0,106655,7123,https://www.finn.no/mobility/item/448970682
Nissan Leaf,Nissan,Leaf,2020.0,91000.0,270.0,7.933333333333334,1.0,0.0,0.0,Ukjent,Rogaland,0.0,,0,Aktiv,133532.0,140630,7098,https://www.finn.no/mobility/item/452668612
Nissan Leaf,Nissan,Leaf,2018.0,75355.0,270.0,23.8,1.0,0.0,1.0,Ukjent,Vestland,1.0,Birger N Haug AS avd Røyken,0,Aktiv,114900.0,121967,7067,https://www.finn.no/mobility/item/453518885
Nissan Leaf,Nissan,Leaf,2020.0,74000.0,270.0,12.0,1.0,0.0,1.0,Tekna,Oslo/Akershus,1.0,AUTO 24/7 AS,0,Aktiv,139999.0,147017,7018,https://www.finn.no/mobility/item/448725506
Nissan Leaf,Nissan,Leaf,2021.0,12000.0,270.0,21.266666666666666,1.0,0.0,1.0,Ukjent,Annet,1.0,Polar Bil AS,0,Aktiv,169434.0,176376,6942,https://www.finn.no/mobility/item/443204395
Nissan Leaf,Nissan,Leaf,2023.0,42130.0,278.0,12.0,1.0,0.0,1.0,N-Connecta,Vestland,1.0,Vest Motor AS,0,Aktiv,199000.0,205926,6926,https://www.finn.no/mobility/item/450307464
Nissan Leaf,Nissan,Leaf,2018.0,82500.0,270.0,-1.0666666666666669,1.0,0.0,0.0,Ukjent,Trøndelag,0.0,,0,Aktiv,119532.0,126399,6867,https://www.finn.no/mobility/item/449854520
Nissan Leaf,Nissan,Leaf,2021.0,29000.0,270.0,23.1,1.0,0.0,1.0,Ukjent,Annet,0.0,,0,Aktiv,149532.0,156396,6864,https://www.finn.no/mobility/item/450254085
Nissan Leaf,Nissan,Leaf,2017.0,82150.0,270.0,16.1,1.0,0.0,0.0,Tekna,Annet,1.0,Birger N. Haug AS avd Gardermoen Outlet,0,Aktiv,69900.0,76711,6811,https://www.finn.no/mobility/item/452668681
Nissan Leaf,Nissan,Leaf,2018.0,113350.0,270.0,23.266666666666666,3.0,0.0,0.0,Ukjent,Annet,0.0,,0,Aktiv,104532.0,111304,6772,https://www.finn.no/mobility/item/453454369
Nissan Leaf,Nissan,Leaf,2022.0,46866.0,285.0,12.0,1.0,0.0,1.0,Visia,Sørlandet,1.0,Gumpen Motor,0,Aktiv,169000.0,175765,6765,https://www.finn.no/mobility/item/452972769
Nissan Leaf,Nissan,Leaf,2018.0,112200.0,270.0,20.83333333333333,3.0,0.0,0.0,Ukjent,Annet,0.0,,0,Aktiv,104532.0,111294,6762,https://www.finn.no/mobility/item/450819789
Nissan Leaf,Nissan,Leaf,2018.0,84200.0,270.0,12.0,1.0,0.0,1.0,Ukjent,Sørlandet,1.0,Autoform Kristiansand AS,0,Aktiv,119000.0,125678,6678,https://www.finn.no/mobility/item/452806640
Nissan Leaf,Nissan,Leaf,2024.0,39959.0,395.0,22.566666666666663,1.0,0.0,1.0,N-Connecta,Annet,1.0,Mobile Autopartner AS,0,Aktiv,249900.0,256565,6665,https://www.finn.no/mobility/item/451659147
Nissan Leaf,Nissan,Leaf,2020.0,81812.0,385.0,12.0,1.0,0.0,1.0,Ukjent,Østfold,1.0,Brennes Auto AS,0,Aktiv,169900.0,176493,6593,https://www.finn.no/mobility/item/447361315
Nissan Leaf,Nissan,Leaf,2018.0,92440.0,270.0,6.0,2.0,0.0,0.0,N-Connecta,Annet,0.0,,0,Aktiv,114532.0,121122,6590,https://www.finn.no/mobility/item/453303332
Nissan Leaf,Nissan,Leaf,2022.0,34900.0,385.0,12.0,1.0,0.0,1.0,N-Connecta,Annet,1.0,Røhneselmer AS avd. Lier,0,Aktiv,221900.0,228437,6537,https://www.finn.no/mobility/item/446905871
Nissan Leaf,Nissan,Leaf,2023.0,25000.0,278.0,20.166666666666668,2.0,0.0,1.0,Ukjent,Rogaland,1.0,Ålgårds Auto AS,0,Aktiv,209000.0,215483,6483,https://www.finn.no/mobility/item/453445416
Nissan Leaf,Nissan,Leaf,2018.0,69000.0,270.0,12.0,1.0,0.0,1.0,Ukjent,Vestfold/Telemark,1.0,NORDIC BIL AS,0,Aktiv,119900.0,126216,6316,https://www.finn.no/mobility/item/441717379
Nissan Leaf,Nissan,Leaf,2022.0,27000.0,270.0,7.233333333333333,1.0,0.0,1.0,Visia,Annet,1.0,GEIR EVENSTAD,0,Aktiv,179900.0,186190,6290,https://www.finn.no/mobility/item/451385081
Nissan Leaf,Nissan,Leaf,2023.0,57500.0,385.0,12.0,2.0,0.0,1.0,Ukjent,Østfold,1.0,Brennes Auto AS,0,Aktiv,229000.0,235270,6270,https://www.finn.no/mobility/item/448775505
Nissan Leaf,Nissan,Leaf,2021.0,158000.0,385.0,19.966666666666665,2.0,0.0,0.0,Ukjent,Vestfold/Telemark,0.0,,0,Aktiv,134532.0,140785,6253,https://www.finn.no/mobility/item/444717268
Nissan Leaf,Nissan,Leaf,2018.0,105000.0,270.0,12.0,1.0,0.0,1.0,Ukjent,Annet,1.0,GUDBRANDSDALEN BIL AS,0,Aktiv,109000.0,115231,6231,https://www.finn.no/mobility/item/442921417
Nissan Leaf,Nissan,Leaf,2018.0,62000.0,270.0,24.2,3.0,0.0,0.0,Ukjent,Annet,0.0,,0,Aktiv,124432.0,130641,6209,https://www.finn.no/mobility/item/452431158
Nissan Leaf,Nissan,Leaf,2023.0,69900.0,385.0,10.033333333333331,2.0,0.0,1.0,Ukjent,Østfold,1.0,Autonord AS,0,Aktiv,219000.0,225171,6171,https://www.finn.no/mobility/item/453382487
Nissan Leaf,Nissan,Leaf,2021.0,115272.0,385.0,12.0,1.0,0.0,1.0,N-Connecta,Annet,1.0,Storhamar Bil AS,0,Aktiv,159000.0,165028,6028,https://www.finn.no/mobility/item/450725123
Nissan Leaf,Nissan,Leaf,2020.0,90000.0,270.0,12.0,1.0,0.0,1.0,Ukjent,Annet,1.0,Nardo Bil Sandmoen,0,Aktiv,139900.0,145888,5988,https://www.finn.no/mobility/item/449462078
Nissan Leaf,Nissan,Leaf,2018.0,150000.0,270.0,12.0,1.0,0.0,0.0,Ukjent,Annet,1.0,Autorada AS,0,Aktiv,89000.0,94759,5759,https://www.finn.no/mobility/item/450329060
Nissan Leaf,Nissan,Leaf,2022.0,43900.0,270.0,12.0,2.0,0.0,1.0,Ukjent,Vestland,1.0,Kverneland Bil AS | Ford Åsane,0,Aktiv,189000.0,194680,5680,https://www.finn.no/mobility/item/450917952
Nissan Leaf,Nissan,Leaf,2020.0,60000.0,385.0,8.366666666666667,1.0,0.0,1.0,N-Connecta,Vestland,1.0,Sande Auto AS Åsane (Sandegruppen),0,Aktiv,179000.0,184662,5662,https://www.finn.no/mobility/item/441988167
Nissan Leaf,Nissan,Leaf,2019.0,91000.0,270.0,23.433333333333334,2.0,0.0,0.0,Ukjent,Rogaland,0.0,,0,Aktiv,125000.0,130636,5636,https://www.finn.no/mobility/item/451234166
Nissan Leaf,Nissan,Leaf,2022.0,37066.0,285.0,9.266666666666667,2.0,0.0,1.0,Ukjent,Oslo/Akershus,1.0,Mobile Skøyen AS,0,Aktiv,169800.0,175381,5581,https://www.finn.no/mobility/item/452694845
Nissan Leaf,Nissan,Leaf,2022.0,16000.0,285.0,10.0,2.0,0.0,1.0,Ukjent,Vestfold/Telemark,1.0,Mobile Larvik AS,0,Aktiv,179000.0,184504,5504,https://www.finn.no/mobility/item/450448978
Nissan Leaf,Nissan,Leaf,2018.0,114000.0,270.0,8.033333333333333,1.0,0.0,0.0,Ukjent,Annet,0.0,,0,Aktiv,107532.0,112984,5452,https://www.finn.no/mobility/item/449990407
Nissan Leaf,Nissan,Leaf,2020.0,29000.0,270.0,12.0,1.0,0.0,1.0,Ukjent,Vestfold/Telemark,1.0,Toppen Bil AS,0,Aktiv,159000.0,164435,5435,https://www.finn.no/mobility/item/448370837
Nissan Leaf,Nissan,Leaf,2024.0,23500.0,280.0,28.2,1.0,0.0,1.0,N-Connecta,Nord-Norge,1.0,Traasdahl AS,0,Aktiv,224900.0,230255,5355,https://www.finn.no/mobility/item/452536824
Nissan Leaf,Nissan,Leaf,2019.0,167000.0,270.0,12.0,1.0,0.0,1.0,Ukjent,Annet,1.0,HS AUTO AS,0,Aktiv,99900.0,105220,5320,https://www.finn.no/mobility/item/435425871
Nissan Leaf,Nissan,Leaf,2024.0,26900.0,278.0,12.0,2.0,0.0,1.0,Ukjent,Vestland,1.0,AutoSwap AS,0,Aktiv,219800.0,225119,5319,https://www.finn.no/mobility/item/451611149
Nissan Leaf,Nissan,Leaf,2018.0,114000.0,270.0,7.0,1.0,0.0,0.0,Ukjent,Annet,0.0,,0,Aktiv,104532.0,109778,5246,https://www.finn.no/mobility/item/449065999
Nissan Leaf,Nissan,Leaf,2022.0,77590.0,389.0,12.0,1.0,0.0,1.0,Ukjent,Vestland,1.0,BILN AS,0,Aktiv,189900.0,195112,5212,https://www.finn.no/mobility/item/450427160
Nissan Leaf,Nissan,Leaf,2020.0,64363.0,385.0,12.0,2.0,0.0,1.0,Ukjent,Vestfold/Telemark,1.0,PANORAMA AUTO AS,0,Aktiv,173900.0,179108,5208,https://www.finn.no/mobility/item/444938061
Nissan Leaf,Nissan,Leaf,2023.0,35998.0,395.0,18.6,1.0,0.0,1.0,N-Connecta,Oslo/Akershus,1.0,Mobile Drammen AS,0,Aktiv,238900.0,244105,5205,https://www.finn.no/mobility/item/452531428
Nissan Leaf,Nissan,Leaf,2019.0,54800.0,270.0,12.0,2.0,0.0,0.0,Ukjent,Oslo/Akershus,1.0,DRIVEMAC AS,0,Aktiv,139990.0,145035,5045,https://www.finn.no/mobility/item/433308570
Nissan Leaf,Nissan,Leaf,2018.0,124500.0,270.0,12.0,2.0,0.0,1.0,Ukjent,Rogaland,1.0,Motorhead Auto AS,0,Aktiv,109000.0,114030,5030,https://www.finn.no/mobility/item/450570852
Nissan Leaf,Nissan,Leaf,2016.0,102000.0,149.0,12.0,1.0,0.0,1.0,Ukjent,Annet,1.0,Åsane Bil AS,0,Aktiv,51942.0,56934,4992,https://www.finn.no/mobility/item/448050477
Nissan Leaf,Nissan,Leaf,2020.0,87000.0,270.0,12.0,2.0,0.0,0.0,Tekna,Annet,1.0,RO AUTO AS,0,Aktiv,144900.0,149859,4959,https://www.finn.no/mobility/item/447647058
Nissan Leaf,Nissan,Leaf,2021.0,43400.0,385.0,12.0,1.0,0.0,1.0,Tekna,Vestland,1.0,AutoSwap AS,0,Aktiv,199800.0,204698,4898,https://www.finn.no/mobility/item/446504974
Nissan Leaf,Nissan,Leaf,2019.0,99850.0,270.0,8.666666666666666,1.0,0.0,1.0,Ukjent,Vestfold/Telemark,0.0,,0,Aktiv,114432.0,119330,4898,https://www.finn.no/mobility/item/445804901
Nissan Leaf,Nissan,Leaf,2020.0,96000.0,385.0,12.0,1.0,0.0,1.0,Ukjent,Vestland,1.0,Flesland Bil AS,0,Aktiv,165900.0,170782,4882,https://www.finn.no/mobility/item/445328242
Nissan Leaf,Nissan,Leaf,2023.0,41388.0,395.0,12.033333333333331,1.0,0.0,1.0,N-Connecta,Oslo/Akershus,1.0,Mobile Skøyen AS,0,Aktiv,238900.0,243729,4829,https://www.finn.no/mobility/item/453423697
Nissan Leaf,Nissan,Leaf,2022.0,9723.0,278.0,12.0,1.0,0.0,1.0,Ukjent,Sørlandet,1.0,Gumpen Motor,0,Aktiv,199000.0,203778,4778,https://www.finn.no/mobility/item/452956303
Nissan Leaf,Nissan,Leaf,2023.0,30000.0,396.0,12.0,2.0,0.0,0.0,Ukjent,Vestland,1.0,Autonett Bergen AS,0,Aktiv,239900.0,244644,4744,https://www.finn.no/mobility/item/452775207
Nissan Leaf,Nissan,Leaf,2023.0,78012.0,395.0,11.3,1.0,0.0,1.0,Ukjent,Oslo/Akershus,1.0,Birger N. Haug Ski,0,Aktiv,219900.0,224630,4730,https://www.finn.no/mobility/item/453065682
Nissan Leaf,Nissan,Leaf,2021.0,103500.0,270.0,12.0,1.0,0.0,1.0,Ukjent,Annet,1.0,GARDERMOEN BILSENTER AS,0,Aktiv,138800.0,143521,4721,https://www.finn.no/mobility/item/450735939
Nissan Leaf,Nissan,Leaf,2018.0,162000.0,270.0,21.5,2.0,0.0,0.0,Ukjent,Annet,0.0,,0,Aktiv,84532.0,89205,4673,https://www.finn.no/mobility/item/444983194
Nissan Leaf,Nissan,Leaf,2020.0,88000.0,270.0,18.2,1.0,0.0,0.0,Ukjent,Annet,0.0,,0,Aktiv,139000.0,143670,4670,https://www.finn.no/mobility/item/426670130
Nissan Leaf,Nissan,Leaf,2017.0,90000.0,270.0,22.7,1.0,0.0,1.0,Ukjent,Annet,1.0,LANGHUS BIL OG KAROSSERI AS,0,Aktiv,79999.0,84663,4664,https://www.finn.no/mobility/item/446113284
Nissan Leaf,Nissan,Leaf,2018.0,111580.0,270.0,12.0,1.0,0.0,1.0,N-Connecta,Annet,1.0,AUTO RS AS,0,Aktiv,114900.0,119558,4658,https://www.finn.no/mobility/item/383368784
Nissan Leaf,Nissan,Leaf,2021.0,52390.0,385.0,12.0,1.0,0.0,1.0,Ukjent,Annet,1.0,AUTOLINKS AS,0,Aktiv,196000.0,200572,4572,https://www.finn.no/mobility/item/440088354
Nissan Leaf,Nissan,Leaf,2019.0,100300.0,280.0,12.0,2.0,0.0,1.0,Ukjent,Østfold,1.0,Sandvika Bil AS,0,Aktiv,119000.0,123520,4520,https://www.finn.no/mobility/item/448220058
Nissan Leaf,Nissan,Leaf,2016.0,71250.0,270.0,12.0,2.0,0.0,0.0,Ukjent,Østfold,1.0,Ernø Auto AS,0,Aktiv,58700.0,63219,4519,https://www.finn.no/mobility/item/452634168
Nissan Leaf,Nissan,Leaf,2020.0,76530.0,270.0,7.866666666666666,1.0,0.0,0.0,Ukjent,Annet,0.0,,0,Aktiv,144532.0,149002,4470,https://www.finn.no/mobility/item/451401733
Nissan Leaf,Nissan,Leaf,2021.0,135000.0,385.0,-5.733333333333333,1.0,0.0,0.0,Ukjent,Annet,0.0,,0,Aktiv,139434.0,143862,4428,https://www.finn.no/mobility/item/402468999
Nissan Leaf,Nissan,Leaf,2022.0,32381.0,278.0,1.6333333333333333,1.0,0.0,1.0,Tekna,Oslo/Akershus,1.0,Mobile Drammen AS,0,Aktiv,179900.0,184292,4392,https://www.finn.no/mobility/item/452530334
Nissan Leaf,Nissan,Leaf,2018.0,112000.0,270.0,12.0,1.0,0.0,1.0,Ukjent,Annet,1.0,DAYTONA AUTO AS,0,Aktiv,109900.0,114291,4391,https://www.finn.no/mobility/item/448284588
Nissan Leaf,Nissan,Leaf,2021.0,80000.0,385.0,12.0,2.0,0.0,1.0,Ukjent,Oslo/Akershus,1.0,Oslo Bilsenter AS,0,Aktiv,178000.0,182349,4349,https://www.finn.no/mobility/item/447109187
Nissan Leaf,Nissan,Leaf,2020.0,39900.0,270.0,7.2,1.0,0.0,1.0,Tekna,Annet,0.0,,0,Aktiv,154900.0,159242,4342,https://www.finn.no/mobility/item/443360380
Nissan Leaf,Nissan,Leaf,2018.0,47632.0,270.0,12.0,1.0,0.0,1.0,Tekna,Sørlandet,1.0,AUTO COMPANY AS,0,Aktiv,129900.0,134229,4329,https://www.finn.no/mobility/item/453473663
Nissan Leaf,Nissan,Leaf,2017.0,40300.0,250.0,12.0,1.0,0.0,1.0,Tekna,Annet,1.0,Rebil,0,Aktiv,85000.0,89299,4299,https://www.finn.no/mobility/item/451700536
Nissan Leaf,Nissan,Leaf,2023.0,25765.0,395.0,13.733333333333333,2.0,0.0,1.0,Ukjent,Vestfold/Telemark,1.0,Møller Bil Tønsberg,0,Aktiv,239000.0,243287,4287,https://www.finn.no/mobility/item/450427542
Nissan Leaf,Nissan,Leaf,2022.0,43508.0,385.0,12.0,2.0,0.0,1.0,Ukjent,Oslo/Akershus,1.0,RSA BIL Oslo,0,Aktiv,214900.0,219155,4255,https://www.finn.no/mobility/item/447348827
Nissan Leaf,Nissan,Leaf,2017.0,81000.0,250.0,12.0,1.0,0.0,1.0,Ukjent,Østfold,1.0,Sørlie Bil AS,0,Aktiv,65000.0,69189,4189,https://www.finn.no/mobility/item/449810986
Nissan Leaf,Nissan,Leaf,2015.0,87000.0,270.0,12.0,1.0,0.0,1.0,Ukjent,Annet,1.0,DAYTONA BILSENTER AS,0,Aktiv,55900.0,60073,4173,https://www.finn.no/mobility/item/447480928
Nissan Leaf,Nissan,Leaf,2022.0,63000.0,270.0,5.0,1.0,0.0,1.0,Ukjent,Annet,0.0,,0,Aktiv,174532.0,178688,4156,https://www.finn.no/mobility/item/445441910
Nissan Leaf,Nissan,Leaf,2019.0,148900.0,270.0,12.0,1.0,0.0,0.0,Ukjent,Vestland,1.0,Auto Kompetanse AS,0,Aktiv,97500.0,101652,4152,https://www.finn.no/mobility/item/452499520
Nissan Leaf,Nissan,Leaf,2018.0,128300.0,270.0,0.9,2.0,0.0,0.0,Ukjent,Østfold,1.0,CAR CONNECT AS,0,Aktiv,99900.0,104039,4139,https://www.finn.no/mobility/item/446607563
Nissan Leaf,Nissan,Leaf,2019.0,99429.0,385.0,12.0,1.0,0.0,0.0,Tekna,Annet,0.0,,0,Aktiv,158532.0,162661,4129,https://www.finn.no/mobility/item/451690348
Nissan Leaf,Nissan,Leaf,2021.0,79518.0,270.0,8.566666666666666,2.0,0.0,1.0,Ukjent,Vestfold/Telemark,1.0,Mobile Bø AS,0,Aktiv,149900.0,154019,4119,https://www.finn.no/mobility/item/451464875
Nissan Leaf,Nissan,Leaf,2022.0,24400.0,295.0,12.0,1.0,0.0,1.0,Ukjent,Annet,1.0,GOL AUTO AS,0,Aktiv,179000.0,183002,4002,https://www.finn.no/mobility/item/442869536
Nissan Leaf,Nissan,Leaf,2022.0,22127.0,285.0,8.266666666666667,1.0,0.0,1.0,Ukjent,Oslo/Akershus,1.0,Mobile Drammen AS,0,Aktiv,167900.0,171882,3982,https://www.finn.no/mobility/item/452530617
Nissan Leaf,Nissan,Leaf,2019.0,115400.0,270.0,12.0,2.0,0.0,1.0,Ukjent,Rogaland,1.0,Stavanger Autosalg AS,0,Aktiv,119000.0,122922,3922,https://www.finn.no/mobility/item/451332988
Nissan Leaf,Nissan,Leaf,2019.0,70225.0,270.0,12.0,2.0,0.0,1.0,Ukjent,Rogaland,1.0,BILTEKNIKK 1 AS,0,Aktiv,129900.0,133768,3868,https://www.finn.no/mobility/item/448705431
Nissan Leaf,Nissan,Leaf,2023.0,10200.0,385.0,12.0,1.0,0.0,1.0,Ukjent,Nord-Norge,1.0,Auto 8-8 Imaas,0,Aktiv,269900.0,273747,3847,https://www.finn.no/mobility/item/450582784
Nissan Leaf,Nissan,Leaf,2016.0,84895.0,160.0,8.0,2.0,0.0,1.0,Ukjent,Østfold,1.0,Japan Auto AS,0,Aktiv,52000.0,55816,3816,https://www.finn.no/mobility/item/441171216
Nissan Leaf,Nissan,Leaf,2017.0,130000.0,200.0,12.0,2.0,0.0,1.0,Ukjent,Rogaland,1.0,LOYAL AUTO AS,0,Aktiv,59000.0,62801,3801,https://www.finn.no/mobility/item/452869681
Nissan Leaf,Nissan,Leaf,2016.0,106000.0,270.0,23.33333333333333,4.0,0.0,0.0,Acenta,Oslo/Akershus,0.0,,0,Aktiv,53532.0,57236,3704,https://www.finn.no/mobility/item/452713190
Nissan Leaf,Nissan,Leaf,2017.0,168000.0,270.0,15.1,1.0,0.0,0.0,Ukjent,Annet,0.0,,0,Aktiv,52532.0,56188,3656,https://www.finn.no/mobility/item/453309741
Nissan Leaf,Nissan,Leaf,2015.0,80000.0,166.0,11.233333333333333,2.0,0.0,0.0,Ukjent,Rogaland,0.0,,0,Aktiv,53732.0,57377,3645,https://www.finn.no/mobility/item/447827971
Nissan Leaf,Nissan,Leaf,2018.0,112000.0,270.0,7.0,2.0,0.0,0.0,Ukjent,Østfold,0.0,,0,Aktiv,104434.0,107970,3536,https://www.finn.no/mobility/item/420776811
Nissan Leaf,Nissan,Leaf,2020.0,75000.0,270.0,12.0,2.0,0.0,1.0,Ukjent,Østfold,1.0,Dahles Auto Moss AS,0,Aktiv,144900.0,148401,3501,https://www.finn.no/mobility/item/442570576
Nissan Leaf,Nissan,Leaf,2020.0,46909.0,270.0,0.0333333333333333,2.0,0.0,1.0,Ukjent,Vestfold/Telemark,1.0,Mobile Bø AS,0,Aktiv,158900.0,162385,3485,https://www.finn.no/mobility/item/441508099
Nissan Leaf,Nissan,Leaf,2015.0,93700.0,270.0,12.0,2.0,0.0,0.0,Ukjent,Rogaland,1.0,ROGALAND BIL AS,0,Aktiv,55000.0,58432,3432,https://www.finn.no/mobility/item/444871462
Nissan Leaf,Nissan,Leaf,2020.0,70305.0,385.0,9.566666666666666,1.0,0.0,0.0,N-Connecta,Annet,1.0,Birger N. Haug AS avd Gardermoen Outlet,0,Aktiv,179900.0,183303,3403,https://www.finn.no/mobility/item/452823629
Nissan Leaf,Nissan,Leaf,2017.0,103700.0,270.0,11.766666666666667,3.0,0.0,0.0,Tekna,Oslo/Akershus,1.0,Bilnor Outlet,0,Aktiv,55000.0,58383,3383,https://www.finn.no/mobility/item/453415743
Nissan Leaf,Nissan,Leaf,2021.0,17600.0,270.0,16.966666666666665,2.0,0.0,1.0,Ukjent,Vestland,1.0,Møller Bil Bruktbilsenter Bergen,0,Aktiv,179900.0,183203,3303,https://www.finn.no/mobility/item/452349294
Nissan Leaf,Nissan,Leaf,2020.0,29300.0,270.0,12.0,2.0,0.0,1.0,Ukjent,Rogaland,1.0,Broom Bil AS,0,Aktiv,159800.0,163097,3297,https://www.finn.no/mobility/item/451550613
Nissan Leaf,Nissan,Leaf,2022.0,62000.0,285.0,12.0,1.0,0.0,1.0,Ukjent,Sørlandet,1.0,Premium Auto AS,0,Aktiv,169000.0,172221,3221,https://www.finn.no/mobility/item/452990764
Nissan Leaf,Nissan,Leaf,2019.0,119171.0,270.0,12.0,1.0,0.0,1.0,Ukjent,Annet,1.0,GOL AUTO AS,0,Aktiv,119000.0,122218,3218,https://www.finn.no/mobility/item/452933021
Nissan Leaf,Nissan,Leaf,2020.0,105860.0,385.0,-0.1333333333333333,4.0,0.0,0.0,Ukjent,Oslo/Akershus,0.0,,0,Aktiv,159532.0,162740,3208,https://www.finn.no/mobility/item/450804957
Nissan Leaf,Nissan,Leaf,2020.0,109000.0,270.0,24.066666666666663,1.0,0.0,1.0,Ukjent,Vestland,1.0,Birger N Haug AS avd Røyken,0,Aktiv,124900.0,128001,3101,https://www.finn.no/mobility/item/453501608
Nissan Leaf,Nissan,Leaf,2017.0,121900.0,250.0,11.433333333333334,1.0,0.0,1.0,Ukjent,Sørlandet,1.0,ELBILFORMIDLING AS,0,Aktiv,59900.0,62962,3062,https://www.finn.no/mobility/item/448698658
Nissan Leaf,Nissan,Leaf,2022.0,50590.0,285.0,8.6,1.0,0.0,1.0,Visia,Vestland,1.0,Mobile Hønefoss AS,0,Aktiv,169000.0,172052,3052,https://www.finn.no/mobility/item/439114297
Nissan Leaf,Nissan,Leaf,2022.0,91500.0,285.0,9.333333333333334,1.0,0.0,1.0,Ukjent,Oslo/Akershus,1.0,CARSTORE OUTLET,0,Aktiv,159900.0,162904,3004,https://www.finn.no/mobility/item/452930828
Nissan Leaf,Nissan,Leaf,2016.0,58660.0,270.0,12.0,1.0,0.0,1.0,Ukjent,Annet,1.0,ASKER BRUKTBIL AS,0,Aktiv,64729.0,67723,2994,https://www.finn.no/mobility/item/443806803
Nissan Leaf,Nissan,Leaf,2022.0,29728.0,396.0,12.0,1.0,0.0,1.0,e+,Sørlandet,1.0,Gumpen Motor,0,Aktiv,229000.0,231973,2973,https://www.finn.no/mobility/item/452959306
Nissan Leaf,Nissan,Leaf,2018.0,90100.0,270.0,12.0,1.0,0.0,1.0,N-Connecta,Trøndelag,1.0,Auto 8-8 Witro AS,0,Aktiv,129000.0,131967,2967,https://www.finn.no/mobility/item/452930107
Nissan Leaf,Nissan,Leaf,2024.0,44723.0,395.0,23.5,1.0,0.0,1.0,N-Connecta,Oslo/Akershus,1.0,Birger N. Haug Ski,0,Aktiv,252900.0,255856,2956,https://www.finn.no/mobility/item/453065943
Nissan Leaf,Nissan,Leaf,2019.0,100500.0,270.0,12.0,2.0,0.0,1.0,Ukjent,Vestland,1.0,Bergen Bilformidling AS,0,Aktiv,119000.0,121887,2887,https://www.finn.no/mobility/item/452710441
Nissan Leaf,Nissan,Leaf,2023.0,3800.0,270.0,12.0,1.0,0.0,1.0,Visia,Trøndelag,1.0,Auto 8-8 Trio AS,0,Aktiv,215000.0,217858,2858,https://www.finn.no/mobility/item/452519154
Nissan Leaf,Nissan,Leaf,2020.0,96800.0,385.0,-0.6333333333333333,2.0,0.0,1.0,Ukjent,Østfold,1.0,Moss To-Takt AS,0,Aktiv,169000.0,171842,2842,https://www.finn.no/mobility/item/435835574
Nissan Leaf,Nissan,Leaf,2019.0,82950.0,270.0,12.0,1.0,0.0,1.0,Ukjent,Oslo/Akershus,1.0,Motor Forum Drammen,0,Aktiv,128000.0,130839,2839,https://www.finn.no/mobility/item/450427688
Nissan Leaf,Nissan,Leaf,2019.0,76900.0,385.0,21.166666666666668,2.0,0.0,0.0,Tekna,Annet,0.0,,0,Aktiv,164900.0,167693,2793,https://www.finn.no/mobility/item/452269024
Nissan Leaf,Nissan,Leaf,2020.0,47500.0,270.0,-0.0333333333333333,2.0,0.0,1.0,Ukjent,Rogaland,1.0,Ålgårds Auto AS,0,Aktiv,159000.0,161770,2770,https://www.finn.no/mobility/item/452575568
Nissan Leaf,Nissan,Leaf,2019.0,45265.0,270.0,18.0,2.0,0.0,0.0,Ukjent,Oslo/Akershus,0.0,,0,Aktiv,138000.0,140744,2744,https://www.finn.no/mobility/item/308692366
Nissan Leaf,Nissan,Leaf,2018.0,43000.0,270.0,12.0,2.0,0.0,1.0,Ukjent,Rogaland,1.0,Kverneland Bil | Ford Haugesund,0,Aktiv,139800.0,142432,2632,https://www.finn.no/mobility/item/450424607
Nissan Leaf,Nissan,Leaf,2018.0,92700.0,270.0,12.0,1.0,0.0,1.0,Ukjent,Trøndelag,1.0,Okkenhaug Krogstad AS,0,Aktiv,119900.0,122514,2614,https://www.finn.no/mobility/item/448036635
Nissan Leaf,Nissan,Leaf,2019.0,147000.0,270.0,12.0,1.0,0.0,0.0,Ukjent,Oslo/Akershus,1.0,BILNETT AS,0,Aktiv,99999.0,102595,2596,https://www.finn.no/mobility/item/439363609
Nissan Leaf,Nissan,Leaf,2023.0,18100.0,396.0,12.0,1.0,0.0,1.0,Ukjent,Annet,1.0,DBBIL AS,0,Aktiv,249000.0,251565,2565,https://www.finn.no/mobility/item/452676299
Nissan Leaf,Nissan,Leaf,2018.0,195700.0,270.0,12.0,2.0,0.0,1.0,Ukjent,Oslo/Akershus,1.0,AVP BIL AS,0,Aktiv,69900.0,72452,2552,https://www.finn.no/mobility/item/453003833
Nissan Leaf,Nissan,Leaf,2021.0,45000.0,270.0,21.7,2.0,0.0,1.0,Ukjent,Vestland,0.0,,0,Aktiv,157000.0,159549,2549,https://www.finn.no/mobility/item/330830134
Nissan Leaf,Nissan,Leaf,2022.0,22000.0,270.0,8.366666666666667,1.0,0.0,1.0,Ukjent,Oslo/Akershus,0.0,,0,Aktiv,184532.0,187050,2518,https://www.finn.no/mobility/item/450069228
Nissan Leaf,Nissan,Leaf,2021.0,92000.0,385.0,12.0,1.0,0.0,0.0,Tekna,Annet,1.0,Røhneselmer AS avd. Lier,0,Aktiv,179900.0,182360,2460,https://www.finn.no/mobility/item/451895506
Nissan Leaf,Nissan,Leaf,2022.0,37300.0,270.0,22.366666666666667,1.0,0.0,1.0,Ukjent,Annet,0.0,,0,Aktiv,169900.0,172296,2396,https://www.finn.no/mobility/item/342913155
Nissan Leaf,Nissan,Leaf,2018.0,43800.0,270.0,12.0,1.0,0.0,1.0,Tekna,Annet,1.0,Rebil,0,Aktiv,134000.0,136366,2366,https://www.finn.no/mobility/item/446109672
Nissan Leaf,Nissan,Leaf,2019.0,91940.0,270.0,12.0,1.0,0.0,1.0,Ukjent,Rogaland,1.0,BIL-KOMPANIET HAUGESUND AS,0,Aktiv,129900.0,132250,2350,https://www.finn.no/mobility/item/452599322
Nissan Leaf,Nissan,Leaf,2018.0,93800.0,270.0,12.0,1.0,0.0,1.0,Ukjent,Østfold,1.0,NULL TIL HUNDRE AS,0,Aktiv,119000.0,121332,2332,https://www.finn.no/mobility/item/449083796
Nissan Leaf,Nissan,Leaf,2024.0,22660.0,278.0,25.6,1.0,0.0,1.0,N-Connecta,Annet,1.0,Birger N. Haug AS avd. Rud,0,Aktiv,229900.0,232203,2303,https://www.finn.no/mobility/item/453405191
Nissan Leaf,Nissan,Leaf,2018.0,57547.0,270.0,12.0,1.0,0.0,1.0,Ukjent,Oslo/Akershus,1.0,RSA BIL Drammen,0,Aktiv,129000.0,131299,2299,https://www.finn.no/mobility/item/451463603
Nissan Leaf,Nissan,Leaf,2015.0,98830.0,270.0,12.0,1.0,0.0,1.0,Tekna,Sørlandet,1.0,Ydse Auto Salg AS,0,Aktiv,58900.0,61194,2294,https://www.finn.no/mobility/item/451622525
Nissan Leaf,Nissan,Leaf,2016.0,144000.0,270.0,12.0,2.0,0.0,1.0,Acenta,Trøndelag,1.0,Bilmekka AS,0,Aktiv,58900.0,61136,2236,https://www.finn.no/mobility/item/452760694
Nissan Leaf,Nissan,Leaf,2019.0,125600.0,385.0,12.0,2.0,0.0,1.0,Ukjent,Østfold,1.0,Bare Bil AS,0,Aktiv,139900.0,142117,2217,https://www.finn.no/mobility/item/450764587
Nissan Leaf,Nissan,Leaf,2020.0,57500.0,385.0,23.33333333333333,1.0,0.0,1.0,Tekna,Oslo/Akershus,1.0,FURUSET CAR SENTER & PREMIUM BIL,0,Aktiv,185000.0,187214,2214,https://www.finn.no/mobility/item/447379376
Nissan Leaf,Nissan,Leaf,2019.0,91150.0,275.0,12.0,2.0,0.0,1.0,Ukjent,Østfold,1.0,Brennes Auto Moss AS,0,Aktiv,129000.0,131197,2197,https://www.finn.no/mobility/item/452945179
Nissan Leaf,Nissan,Leaf,2018.0,112500.0,270.0,12.0,1.0,0.0,1.0,Ukjent,Sørlandet,1.0,Autoform Kristiansand AS,0,Aktiv,109000.0,111196,2196,https://www.finn.no/mobility/item/451714717
Nissan Leaf,Nissan,Leaf,2020.0,82495.0,270.0,3.2666666666666666,1.0,0.0,0.0,Tekna,Nord-Norge,0.0,,0,Aktiv,149900.0,152065,2165,https://www.finn.no/mobility/item/447045985
Nissan Leaf,Nissan,Leaf,2021.0,94849.0,270.0,11.4,1.0,0.0,1.0,Ukjent,Annet,1.0,Mobile Hamar AS,0,Aktiv,169000.0,171130,2130,https://www.finn.no/mobility/item/449813236
Nissan Leaf,Nissan,Leaf,2018.0,109000.0,270.0,12.0,1.0,0.0,1.0,Ukjent,Sørlandet,1.0,Car4Sale AS,0,Aktiv,110000.0,112105,2105,https://www.finn.no/mobility/item/434386338
Nissan Leaf,Nissan,Leaf,2020.0,63659.0,270.0,24.133333333333333,1.0,0.0,0.0,N-Connecta,Annet,1.0,Birger N. Haug AS avd Gardermoen Outlet,0,Aktiv,144900.0,146988,2088,https://www.finn.no/mobility/item/451929048
Nissan Leaf,Nissan,Leaf,2021.0,29686.0,270.0,-2.466666666666667,1.0,0.0,1.0,N-Connecta,Oslo/Akershus,1.0,Mobile Drammen AS,0,Aktiv,164900.0,166979,2079,https://www.finn.no/mobility/item/452530054
Nissan Leaf,Nissan,Leaf,2019.0,81050.0,275.0,12.0,2.0,0.0,1.0,Ukjent,Østfold,1.0,Brennes Auto Moss AS,0,Aktiv,129000.0,131061,2061,https://www.finn.no/mobility/item/449156709
Nissan Leaf,Nissan,Leaf,2019.0,122000.0,385.0,14.566666666666666,1.0,0.0,0.0,Tekna,Annet,0.0,,0,Aktiv,139434.0,141478,2044,https://www.finn.no/mobility/item/433626715
Nissan Leaf,Nissan,Leaf,2021.0,84961.0,385.0,12.0,2.0,0.0,1.0,Ukjent,Vestland,1.0,BILHUB AS,0,Aktiv,179000.0,180949,1949,https://www.finn.no/mobility/item/451307221
Nissan Leaf,Nissan,Leaf,2018.0,160800.0,270.0,24.2,2.0,0.0,0.0,Ukjent,Annet,1.0,A&N AUTO AS,0,Aktiv,86900.0,88830,1930,https://www.finn.no/mobility/item/449878222
Nissan Leaf,Nissan,Leaf,2024.0,17869.0,278.0,28.4,2.0,0.0,1.0,Ukjent,Oslo/Akershus,1.0,Mobile Skøyen AS,0,Aktiv,228900.0,230825,1925,https://www.finn.no/mobility/item/448213637
Nissan Leaf,Nissan,Leaf,2020.0,97729.0,385.0,-18.9,3.0,0.0,0.0,Ukjent,Annet,0.0,,0,Aktiv,164532.0,166450,1918,https://www.finn.no/mobility/item/452937970
Nissan Leaf,Nissan,Leaf,2020.0,93800.0,270.0,12.0,1.0,0.0,1.0,Ukjent,Rogaland,1.0,Auto V AS,0,Aktiv,139900.0,141809,1909,https://www.finn.no/mobility/item/451951026
Nissan Leaf,Nissan,Leaf,2019.0,95000.0,270.0,12.0,2.0,0.0,0.0,Ukjent,Østfold,0.0,,0,Aktiv,123532.0,125410,1878,https://www.finn.no/mobility/item/453491655
Nissan Leaf,Nissan,Leaf,2015.0,75000.0,270.0,23.166666666666668,2.0,0.0,0.0,Ukjent,Rogaland,0.0,,0,Aktiv,59532.0,61401,1869,https://www.finn.no/mobility/item/452441357
Nissan Leaf,Nissan,Leaf,2018.0,156544.0,270.0,16.633333333333333,8.0,0.0,0.0,Ukjent,Vestland,0.0,,0,Aktiv,89532.0,91357,1825,https://www.finn.no/mobility/item/451418086
Nissan Leaf,Nissan,Leaf,2020.0,106855.0,270.0,21.066666666666663,1.0,0.0,0.0,Ukjent,Rogaland,0.0,,0,Aktiv,129532.0,131336,1804,https://www.finn.no/mobility/item/447207988
Nissan Leaf,Nissan,Leaf,2019.0,93000.0,270.0,12.0,2.0,0.0,0.0,Ukjent,Vestland,1.0,Bergen Bilcenter AS,0,Aktiv,125000.0,126748,1748,https://www.finn.no/mobility/item/452500858
Nissan Leaf,Nissan,Leaf,2021.0,27900.0,270.0,12.0,1.0,0.0,1.0,Ukjent,Trøndelag,1.0,Aage Vold Autosalg AS,0,Aktiv,169000.0,170731,1731,https://www.finn.no/mobility/item/448394611
Nissan Leaf,Nissan,Leaf,2022.0,97500.0,385.0,12.0,1.0,0.0,1.0,Ukjent,Vestfold/Telemark,1.0,Car4Sale AS,0,Aktiv,189900.0,191618,1718,https://www.finn.no/mobility/item/450141287
Nissan Leaf,Nissan,Leaf,2023.0,14500.0,278.0,12.0,1.0,0.0,0.0,Ukjent,Annet,1.0,ØKERN BILAUKSJON AS,0,Aktiv,212500.0,214213,1713,https://www.finn.no/mobility/item/436868043
Nissan Leaf,Nissan,Leaf,2015.0,79500.0,150.0,12.0,2.0,0.0,1.0,Ukjent,Rogaland,1.0,dahl auto,0,Aktiv,59000.0,60675,1675,https://www.finn.no/mobility/item/451247803
Nissan Leaf,Nissan,Leaf,2020.0,56000.0,270.0,12.0,2.0,0.0,1.0,Ukjent,Østfold,1.0,Brennes Auto AS,0,Aktiv,175000.0,176673,1673,https://www.finn.no/mobility/item/452774045
Nissan Leaf,Nissan,Leaf,2022.0,29100.0,270.0,8.6,2.0,0.0,0.0,Ukjent,Annet,0.0,,0,Aktiv,190000.0,191644,1644,https://www.finn.no/mobility/item/451987259
Nissan Leaf,Nissan,Leaf,2018.0,97000.0,270.0,-0.1333333333333333,1.0,0.0,0.0,Tekna,Annet,1.0,Rebil Salgshjelp,0,Aktiv,115566.0,117178,1612,https://www.finn.no/mobility/item/439695345
Nissan Leaf,Nissan,Leaf,2022.0,19889.0,285.0,9.233333333333333,2.0,0.0,1.0,Ukjent,Oslo/Akershus,1.0,Mobile Skøyen AS,0,Aktiv,172900.0,174425,1525,https://www.finn.no/mobility/item/450275517
Nissan Leaf,Nissan,Leaf,2018.0,87100.0,270.0,3.033333333333333,1.0,0.0,1.0,Tekna,Annet,1.0,Mobile Asker AS,0,Aktiv,125000.0,126506,1506,https://www.finn.no/mobility/item/451367956
Nissan Leaf,Nissan,Leaf,2024.0,20818.0,395.0,23.8,2.0,0.0,1.0,Ukjent,Oslo/Akershus,1.0,Mobile Skøyen AS,0,Aktiv,269000.0,270478,1478,https://www.finn.no/mobility/item/450411430
Nissan Leaf,Nissan,Leaf,2022.0,31500.0,395.0,12.0,1.0,0.0,1.0,Ukjent,Oslo/Akershus,1.0,Bertel O. Steen Lørenskog,0,Aktiv,229900.0,231337,1437,https://www.finn.no/mobility/item/451958301
Nissan Leaf,Nissan,Leaf,2021.0,60770.0,270.0,21.7,1.0,0.0,1.0,N-Connecta,Annet,0.0,,0,Aktiv,153532.0,154907,1375,https://www.finn.no/mobility/item/438760191
Nissan Leaf,Nissan,Leaf,2022.0,40100.0,385.0,12.0,2.0,0.0,1.0,Ukjent,Østfold,1.0,Sulland Bil Askim,0,Aktiv,218900.0,220274,1374,https://www.finn.no/mobility/item/452491086
Nissan Leaf,Nissan,Leaf,2021.0,63200.0,385.0,12.0,2.0,0.0,1.0,Ukjent,Østfold,1.0,Mobility Halden AS,0,Aktiv,189000.0,190332,1332,https://www.finn.no/mobility/item/451641454
Nissan Leaf,Nissan,Leaf,2016.0,99000.0,180.0,22.666666666666668,1.0,0.0,0.0,Tekna,Annet,1.0,Hasa Bil AS,0,Aktiv,59000.0,60320,1320,https://www.finn.no/mobility/item/444967699
Nissan Leaf,Nissan,Leaf,2018.0,86000.0,270.0,23.266666666666666,2.0,0.0,0.0,Ukjent,Annet,0.0,,0,Aktiv,125000.0,126254,1254,https://www.finn.no/mobility/item/434652319
Nissan Leaf,Nissan,Leaf,2019.0,93600.0,270.0,15.666666666666666,2.0,0.0,0.0,Ukjent,Rogaland,0.0,,0,Aktiv,124532.0,125740,1208,https://www.finn.no/mobility/item/453110097
Nissan Leaf,Nissan,Leaf,2018.0,181000.0,270.0,24.2,1.0,0.0,0.0,Tekna,Annet,1.0,Birger N. Haug AS avd Gardermoen Outlet,0,Aktiv,84900.0,86072,1172,https://www.finn.no/mobility/item/450751640
Nissan Leaf,Nissan,Leaf,2018.0,132678.0,270.0,21.866666666666667,3.0,0.0,0.0,Ukjent,Annet,0.0,,0,Aktiv,109532.0,110641,1109,https://www.finn.no/mobility/item/453528998
Nissan Leaf,Nissan,Leaf,2020.0,125000.0,270.0,12.0,1.0,0.0,1.0,Ukjent,Østfold,1.0,Brennes Auto AS,0,Aktiv,129000.0,130096,1096,https://www.finn.no/mobility/item/447297338
Nissan Leaf,Nissan,Leaf,2021.0,57829.0,270.0,13.333333333333334,1.0,0.0,1.0,Ukjent,Annet,1.0,Mobile Elverum AS,0,Aktiv,159000.0,160063,1063,https://www.finn.no/mobility/item/440488609
Nissan Leaf,Nissan,Leaf,2020.0,102000.0,220.0,3.066666666666667,1.0,0.0,0.0,Ukjent,Rogaland,0.0,,0,Aktiv,134434.0,135438,1004,https://www.finn.no/mobility/item/415626748
Nissan Leaf,Nissan,Leaf,2021.0,39000.0,270.0,10.6,1.0,0.0,1.0,Ukjent,Annet,0.0,,0,Aktiv,162532.0,163497,965,https://www.finn.no/mobility/item/449394066
Nissan Leaf,Nissan,Leaf,2021.0,50100.0,385.0,20.1,2.0,0.0,1.0,Ukjent,Vestland,1.0,Oddvar Bjelde & Co AS,0,Aktiv,198800.0,199740,940,https://www.finn.no/mobility/item/452974816
Nissan Leaf,Nissan,Leaf,2019.0,71650.0,270.0,14.666666666666666,2.0,0.0,0.0,Tekna,Oslo/Akershus,0.0,,0,Aktiv,131434.0,132364,930,https://www.finn.no/mobility/item/441887816
Nissan Leaf,Nissan,Leaf,2015.0,82403.0,150.0,15.9,2.0,0.0,0.0,Ukjent,Annet,0.0,,0,Aktiv,54999.0,55874,875,https://www.finn.no/mobility/item/453013319
Nissan Leaf,Nissan,Leaf,2019.0,50929.0,270.0,15.7,1.0,0.0,0.0,Tekna,Annet,1.0,Birger N. Haug AS avd Gardermoen Outlet,0,Aktiv,144900.0,145747,847,https://www.finn.no/mobility/item/452679250
Nissan Leaf,Nissan,Leaf,2018.0,59900.0,270.0,12.0,1.0,0.0,1.0,Ukjent,Oslo/Akershus,1.0,AUTO 24/7 AS,0,Aktiv,129999.0,130810,811,https://www.finn.no/mobility/item/452350048
Nissan Leaf,Nissan,Leaf,2015.0,81000.0,270.0,16.0,1.0,0.0,0.0,Ukjent,Vestland,1.0,PARADIS BIL,0,Aktiv,53532.0,54204,672,https://www.finn.no/mobility/item/449242369
Nissan Leaf,Nissan,Leaf,2019.0,218000.0,270.0,15.1,3.0,0.0,0.0,Ukjent,Oslo/Akershus,1.0,JuTo Bil AS,0,Aktiv,74532.0,75163,631,https://www.finn.no/mobility/item/448811395
Nissan Leaf,Nissan,Leaf,2015.0,112000.0,150.0,13.5,1.0,0.0,0.0,Ukjent,Annet,1.0,BILVERDEN1 AS,0,Aktiv,55000.0,55629,629,https://www.finn.no/mobility/item/447436711
Nissan Leaf,Nissan,Leaf,2024.0,37000.0,270.0,12.0,2.0,0.0,1.0,Ukjent,Oslo/Akershus,1.0,Stor-Oslo Outlet,0,Aktiv,219000.0,219550,550,https://www.finn.no/mobility/item/451615478
Nissan Leaf,Nissan,Leaf,2021.0,37700.0,385.0,12.0,1.0,0.0,1.0,Ukjent,Trøndelag,1.0,Strada Holding AS,0,Aktiv,199000.0,199528,528,https://www.finn.no/mobility/item/440425263
Nissan Leaf,Nissan,Leaf,2018.0,75000.0,270.0,12.0,2.0,0.0,1.0,Ukjent,Vestland,1.0,Bergen Bilcenter AS,0,Aktiv,125000.0,125516,516,https://www.finn.no/mobility/item/452500781
Nissan Leaf,Nissan,Leaf,2023.0,25870.0,395.0,13.533333333333331,1.0,0.0,1.0,N-Connecta,Annet,1.0,Birger N. Haug avd Drammen,0,Aktiv,243900.0,244335,435,https://www.finn.no/mobility/item/438943071
Nissan Leaf,Nissan,Leaf,2018.0,119000.0,270.0,20.666666666666668,1.0,0.0,0.0,Ukjent,Vestland,0.0,,0,Aktiv,113434.0,113862,428,https://www.finn.no/mobility/item/446084186
Nissan Leaf,Nissan,Leaf,2018.0,151000.0,270.0,12.0,1.0,0.0,0.0,Ukjent,Oslo/Akershus,1.0,A AUTO AS,0,Aktiv,94990.0,95407,417,https://www.finn.no/mobility/item/448115893
Nissan Leaf,Nissan,Leaf,2022.0,37000.0,389.0,12.0,1.0,0.0,1.0,N-Connecta,Trøndelag,1.0,Strada Holding AS,0,Aktiv,229000.0,229408,408,https://www.finn.no/mobility/item/440316997
Nissan Leaf,Nissan,Leaf,2019.0,93449.0,270.0,12.933333333333334,2.0,0.0,0.0,Tekna,Nord-Norge,0.0,,0,Aktiv,129532.0,129883,351,https://www.finn.no/mobility/item/453035306
Nissan Leaf,Nissan,Leaf,2022.0,43900.0,270.0,12.0,2.0,0.0,1.0,Ukjent,Østfold,1.0,Brennes Auto AS,0,Aktiv,199900.0,200167,267,https://www.finn.no/mobility/item/438823280
Nissan Leaf,Nissan,Leaf,2018.0,155000.0,220.0,15.066666666666666,2.0,0.0,0.0,Ukjent,Vestfold/Telemark,0.0,,0,Aktiv,91532.0,91760,228,https://www.finn.no/mobility/item/449909764
Nissan Leaf,Nissan,Leaf,2019.0,55000.0,270.0,19.066666666666663,3.0,0.0,0.0,Tekna,Vestland,0.0,,0,Aktiv,144434.0,144651,217,https://www.finn.no/mobility/item/432720663
Nissan Leaf,Nissan,Leaf,2020.0,132200.0,270.0,12.0,1.0,0.0,0.0,Ukjent,Vestfold/Telemark,1.0,All-Star Company AS,0,Aktiv,128800.0,128957,157,https://www.finn.no/mobility/item/452442144
Nissan Leaf,Nissan,Leaf,2021.0,114600.0,385.0,12.0,1.0,0.0,1.0,Tekna,Vestland,1.0,Importservice Bil AS,0,Aktiv,170000.0,170128,128,https://www.finn.no/mobility/item/450574444
Nissan Leaf,Nissan,Leaf,2020.0,75270.0,270.0,23.7,1.0,0.0,1.0,N-Connecta,Trøndelag,1.0,tm bil,0,Aktiv,144900.0,145027,127,https://www.finn.no/mobility/item/448523921
Nissan Leaf,Nissan,Leaf,2024.0,48800.0,395.0,23.8,1.0,0.0,1.0,N-Connecta,Vestland,1.0,Mobile Hønefoss AS,0,Aktiv,259000.0,259109,109,https://www.finn.no/mobility/item/449782813
Nissan Leaf,Nissan,Leaf,2020.0,82000.0,270.0,12.0,2.0,0.0,1.0,Ukjent,Østfold,1.0,Brennes Auto AS,0,Aktiv,149900.0,149967,67,https://www.finn.no/mobility/item/449498743
Nissan Leaf,Nissan,Leaf,2020.0,87261.0,385.0,6.633333333333334,1.0,0.0,1.0,Ukjent,Annet,1.0,Mobile Elverum AS,0,Aktiv,179000.0,179021,21,https://www.finn.no/mobility/item/447255424
Nissan Leaf,Nissan,Leaf,2021.0,122000.0,385.0,12.0,1.0,0.0,1.0,N-Connecta,Vestland,1.0,Bertel O. Steen Ringerike,0,Aktiv,159000.0,159010,10,https://www.finn.no/mobility/item/453425363
Nissan Leaf,Nissan,Leaf,2018.0,67801.0,270.0,12.0,1.0,0.0,1.0,N-Connecta,Vestland,1.0,BILHUB AS,0,Aktiv,129000.0,128951,-49,https://www.finn.no/mobility/item/449360467
Nissan Leaf,Nissan,Leaf,2022.0,26489.0,280.0,12.0,2.0,0.0,1.0,Ukjent,Vestfold/Telemark,1.0,Lassen Auto AS,0,Aktiv,198800.0,198723,-77,https://www.finn.no/mobility/item/440200253
Nissan Leaf,Nissan,Leaf,2019.0,77000.0,270.0,12.0,2.0,0.0,1.0,Ukjent,Østfold,1.0,ØSTFOLD AUTO AS,0,Aktiv,159000.0,158923,-77,https://www.finn.no/mobility/item/443291527
Nissan Leaf,Nissan,Leaf,2020.0,153948.0,385.0,8.9,2.0,0.0,0.0,Ukjent,Vestfold/Telemark,0.0,,0,Aktiv,134532.0,134452,-80,https://www.finn.no/mobility/item/450755482
Nissan Leaf,Nissan,Leaf,2019.0,184000.0,270.0,12.0,1.0,0.0,1.0,Ukjent,Rogaland,1.0,Car4Sale AS,0,Aktiv,79990.0,79880,-110,https://www.finn.no/mobility/item/452383261
Nissan Leaf,Nissan,Leaf,2018.0,86300.0,270.0,12.0,2.0,0.0,1.0,Tekna,Annet,1.0,Auto Fire AS,0,Aktiv,129900.0,129780,-120,https://www.finn.no/mobility/item/448375483
Nissan Leaf,Nissan,Leaf,2022.0,26700.0,395.0,12.0,2.0,0.0,1.0,Ukjent,Vestland,1.0,7 Fjell Bil Vest AS,0,Aktiv,229000.0,228659,-341,https://www.finn.no/mobility/item/451342778
Nissan Leaf,Nissan,Leaf,2020.0,81500.0,270.0,12.0,1.0,0.0,1.0,Tekna,Sørlandet,1.0,RSA BIL Kristiansand,0,Aktiv,157000.0,156644,-356,https://www.finn.no/mobility/item/447252194
Nissan Leaf,Nissan,Leaf,2019.0,103974.0,270.0,11.566666666666666,2.0,0.0,0.0,Ukjent,Østfold,0.0,,0,Aktiv,123532.0,123170,-362,https://www.finn.no/mobility/item/453359248
Nissan Leaf,Nissan,Leaf,2019.0,106040.0,270.0,20.7,1.0,0.0,1.0,Ukjent,Annet,1.0,Taugbøl Bil og Maskin,0,Aktiv,125000.0,124625,-375,https://www.finn.no/mobility/item/450624174
Nissan Leaf,Nissan,Leaf,2020.0,90000.0,385.0,8.2,1.0,0.0,1.0,Ukjent,Annet,1.0,Skogen Bil AS,0,Aktiv,179000.0,178624,-376,https://www.finn.no/mobility/item/440330202
Nissan Leaf,Nissan,Leaf,2021.0,65711.0,385.0,7.5,1.0,0.0,1.0,Tekna,Trøndelag,1.0,tm bil,0,Aktiv,189899.0,189510,-389,https://www.finn.no/mobility/item/429514538
Nissan Leaf,Nissan,Leaf,2020.0,100854.0,270.0,12.0,2.0,0.0,1.0,Ukjent,Østfold,1.0,Brennes Auto AS,0,Aktiv,136900.0,136493,-407,https://www.finn.no/mobility/item/450878906
Nissan Leaf,Nissan,Leaf,2018.0,149040.0,260.0,12.0,1.0,0.0,1.0,Ukjent,Oslo/Akershus,1.0,Automotors AS,0,Aktiv,99000.0,98542,-458,https://www.finn.no/mobility/item/449555089
Nissan Leaf,Nissan,Leaf,2016.0,114861.0,190.0,9.033333333333331,6.0,0.0,1.0,Ukjent,Østfold,1.0,Japan Auto AS,0,Aktiv,62000.0,61525,-475,https://www.finn.no/mobility/item/440394157
Nissan Leaf,Nissan,Leaf,2018.0,67800.0,270.0,2.933333333333333,2.0,0.0,1.0,Ukjent,Vestfold/Telemark,1.0,Mobile Skien AS,0,Aktiv,129000.0,128499,-501,https://www.finn.no/mobility/item/452395330
Nissan Leaf,Nissan,Leaf,2022.0,53000.0,270.0,12.0,1.0,0.0,1.0,Ukjent,Trøndelag,1.0,Auto 8-8 Trio AS,0,Aktiv,189000.0,188471,-529,https://www.finn.no/mobility/item/449507121
Nissan Leaf,Nissan,Leaf,2012.0,42500.0,160.0,16.233333333333334,1.0,0.0,1.0,Ukjent,Rogaland,1.0,Messel Auto,0,Aktiv,59000.0,58437,-563,https://www.finn.no/mobility/item/441485000
Nissan Leaf,Nissan,Leaf,2022.0,28741.0,278.0,1.6333333333333333,1.0,0.0,1.0,Tekna,Oslo/Akershus,1.0,Mobile Drammen AS,0,Aktiv,184900.0,184311,-589,https://www.finn.no/mobility/item/452530495
Nissan Leaf,Nissan,Leaf,2022.0,25386.0,285.0,9.233333333333333,2.0,0.0,1.0,Ukjent,Oslo/Akershus,1.0,Mobile Skøyen AS,0,Aktiv,173800.0,173145,-655,https://www.finn.no/mobility/item/443671911
Nissan Leaf,Nissan,Leaf,2020.0,83775.0,385.0,23.5,1.0,0.0,1.0,Tekna,Sørlandet,1.0,Gumpens Auto Vest AS,0,Aktiv,179000.0,178317,-683,https://www.finn.no/mobility/item/447217421
Nissan Leaf,Nissan,Leaf,2022.0,76000.0,385.0,-0.7,1.0,0.0,1.0,Ukjent,Annet,1.0,DRIVALIA LEASE NORGE AS,0,Aktiv,199000.0,198307,-693,https://www.finn.no/mobility/item/447132728
Nissan Leaf,Nissan,Leaf,2023.0,73582.0,395.0,13.5,2.0,0.0,1.0,Ukjent,Vestfold/Telemark,1.0,Mobile Skien AS,0,Aktiv,229000.0,228291,-709,https://www.finn.no/mobility/item/451011559
Nissan Leaf,Nissan,Leaf,2017.0,99000.0,270.0,14.066666666666666,3.0,0.0,0.0,Ukjent,Rogaland,1.0,Bilgarden AS,0,Aktiv,62532.0,61819,-713,https://www.finn.no/mobility/item/450702372
Nissan Leaf,Nissan,Leaf,2019.0,25600.0,270.0,12.0,1.0,0.0,1.0,Ukjent,Trøndelag,1.0,Kristoffersen Bil AS,0,Aktiv,159900.0,159174,-726,https://www.finn.no/mobility/item/448179976
Nissan Leaf,Nissan,Leaf,2021.0,85000.0,270.0,12.0,2.0,0.0,1.0,Ukjent,Vestfold/Telemark,1.0,STAR BIL AS,0,Aktiv,179000.0,178199,-801,https://www.finn.no/mobility/item/448242354
Nissan Leaf,Nissan,Leaf,2022.0,35929.0,395.0,10.0,2.0,0.0,1.0,Ukjent,Oslo/Akershus,1.0,Birger N. Haug AS avd. Oslo,0,Aktiv,227900.0,227059,-841,https://www.finn.no/mobility/item/445913769
Nissan Leaf,Nissan,Leaf,2018.0,77000.0,270.0,12.0,2.0,0.0,0.0,Ukjent,Oslo/Akershus,1.0,Pro Bilsalg AS,0,Aktiv,128900.0,128024,-876,https://www.finn.no/mobility/item/448261467
Nissan Leaf,Nissan,Leaf,2021.0,95045.0,270.0,12.0,2.0,0.0,1.0,Ukjent,Vestfold/Telemark,1.0,Tintline Autocenter AS,0,Aktiv,149000.0,148071,-929,https://www.finn.no/mobility/item/450680179
Nissan Leaf,Nissan,Leaf,2020.0,73808.0,385.0,12.0,1.0,0.0,1.0,Ukjent,Trøndelag,1.0,Melhus Bil Trondheim AS,0,Aktiv,185000.0,184020,-980,https://www.finn.no/mobility/item/450599675
Nissan Leaf,Nissan,Leaf,2019.0,54000.0,270.0,12.0,2.0,0.0,1.0,Ukjent,Vestland,1.0,Kverneland Bil AS | Ford Åsane,0,Aktiv,149000.0,148020,-980,https://www.finn.no/mobility/item/452685103
Nissan Leaf,Nissan,Leaf,2018.0,77145.0,250.0,23.633333333333333,1.0,0.0,0.0,Ukjent,Vestfold/Telemark,0.0,,0,Aktiv,124532.0,123544,-988,https://www.finn.no/mobility/item/453090718
Nissan Leaf,Nissan,Leaf,2021.0,92000.0,270.0,12.6,1.0,0.0,0.0,Ukjent,Annet,0.0,,0,Aktiv,149532.0,148504,-1028,https://www.finn.no/mobility/item/447285052
Nissan Leaf,Nissan,Leaf,2019.0,91000.0,270.0,12.0,1.0,0.0,1.0,Ukjent,Oslo/Akershus,1.0,Automotors AS,0,Aktiv,133000.0,131924,-1076,https://www.finn.no/mobility/item/450179920
Nissan Leaf,Nissan,Leaf,2018.0,109211.0,270.0,23.2,1.0,0.0,0.0,Ukjent,Annet,0.0,,0,Aktiv,114532.0,113438,-1094,https://www.finn.no/mobility/item/448876389
Nissan Leaf,Nissan,Leaf,2015.0,62000.0,270.0,12.0,2.0,0.0,1.0,Ukjent,Rogaland,1.0,Holmane Bil AS,0,Aktiv,69000.0,67889,-1111,https://www.finn.no/mobility/item/448640596
Nissan Leaf,Nissan,Leaf,2018.0,162000.0,270.0,0.8,2.0,0.0,0.0,Ukjent,Vestfold/Telemark,0.0,,0,Aktiv,90305.0,89161,-1144,https://www.finn.no/mobility/item/375660307
Nissan Leaf,Nissan,Leaf,2018.0,162523.0,270.0,23.266666666666666,2.0,0.0,0.0,Tekna,Annet,0.0,,0,Aktiv,94434.0,93212,-1222,https://www.finn.no/mobility/item/434712232
Nissan Leaf,Nissan,Leaf,2020.0,59500.0,270.0,12.0,2.0,0.0,1.0,Ukjent,Vestfold/Telemark,1.0,Autospesialisten Tønsberg AS,0,Aktiv,159000.0,157763,-1237,https://www.finn.no/mobility/item/441973198
Nissan Leaf,Nissan,Leaf,2021.0,80000.0,385.0,12.0,2.0,0.0,0.0,Ukjent,Vestland,1.0,Bergen Bilcenter AS,0,Aktiv,185000.0,183705,-1295,https://www.finn.no/mobility/item/452500876
Nissan Leaf,Nissan,Leaf,2024.0,9106.0,270.0,12.0,1.0,0.0,1.0,Ukjent,Annet,1.0,RøhneSelmer AS avd. Asker og Bærum,0,Aktiv,234900.0,233592,-1308,https://www.finn.no/mobility/item/452728165
Nissan Leaf,Nissan,Leaf,2021.0,58500.0,384.0,12.0,2.0,0.0,1.0,Ukjent,Østfold,1.0,Brennes Auto AS,0,Aktiv,199900.0,198580,-1320,https://www.finn.no/mobility/item/447367524
Nissan Leaf,Nissan,Leaf,2021.0,98500.0,270.0,12.0,1.0,0.0,1.0,Tekna,Annet,1.0,Høylandet Auto AS,0,Aktiv,149000.0,147678,-1322,https://www.finn.no/mobility/item/452936689
Nissan Leaf,Nissan,Leaf,2018.0,178000.0,270.0,9.033333333333331,5.0,0.0,0.0,Tekna,Annet,0.0,,0,Aktiv,94532.0,93135,-1397,https://www.finn.no/mobility/item/452098141
Nissan Leaf,Nissan,Leaf,2017.0,88500.0,250.0,12.0,2.0,0.0,0.0,Ukjent,Oslo/Akershus,1.0,Rebil Salgshjelp,0,Aktiv,72532.0,71132,-1400,https://www.finn.no/mobility/item/452978243
Nissan Leaf,Nissan,Leaf,2021.0,66900.0,385.0,10.433333333333334,1.0,0.0,1.0,Ukjent,Vestland,1.0,Automegler1,0,Aktiv,189000.0,187479,-1521,https://www.finn.no/mobility/item/452683165
Nissan Leaf,Nissan,Leaf,2021.0,68000.0,270.0,15.2,2.0,0.0,0.0,Tekna,Annet,0.0,,0,Aktiv,154434.0,152901,-1533,https://www.finn.no/mobility/item/439760391
Nissan Leaf,Nissan,Leaf,2022.0,51111.0,275.0,3.3666666666666667,1.0,0.0,1.0,Visia,Trøndelag,1.0,tm bil,0,Aktiv,184900.0,183314,-1586,https://www.finn.no/mobility/item/423670193
Nissan Leaf,Nissan,Leaf,2022.0,27000.0,284.0,12.0,1.0,0.0,1.0,Acenta,Annet,1.0,Auto 8-8 Ålesund AS,0,Aktiv,189000.0,187410,-1590,https://www.finn.no/mobility/item/452031786
Nissan Leaf,Nissan,Leaf,2022.0,49525.0,395.0,12.0,1.0,0.0,1.0,N-Connecta,Trøndelag,1.0,LADE ARENA AUTO AS,0,Aktiv,229000.0,227399,-1601,https://www.finn.no/mobility/item/439101281
Nissan Leaf,Nissan,Leaf,2021.0,36600.0,270.0,12.0,1.0,0.0,1.0,Ukjent,Trøndelag,1.0,Aage Vold Autosalg AS,0,Aktiv,169000.0,167380,-1620,https://www.finn.no/mobility/item/448394774
Nissan Leaf,Nissan,Leaf,2017.0,175000.0,250.0,19.166666666666668,1.0,0.0,0.0,Ukjent,Rogaland,0.0,,0,Aktiv,59532.0,57911,-1621,https://www.finn.no/mobility/item/452087536
Nissan Leaf,Nissan,Leaf,2016.0,73319.0,140.0,8.166666666666666,2.0,0.0,1.0,Ukjent,Vestland,1.0,BRUKTBILSENTER AS,0,Aktiv,59900.0,58273,-1627,https://www.finn.no/mobility/item/452790047
Nissan Leaf,Nissan,Leaf,2022.0,23331.0,278.0,8.866666666666667,1.0,0.0,1.0,Ukjent,Oslo/Akershus,1.0,Birger N. Haug AS Lillestrøm,0,Aktiv,189900.0,188268,-1632,https://www.finn.no/mobility/item/444031112
Nissan Leaf,Nissan,Leaf,2019.0,87000.0,270.0,12.0,1.0,0.0,1.0,N-Connecta,Sørlandet,1.0,Autoform Kristiansand AS,0,Aktiv,135000.0,133268,-1732,https://www.finn.no/mobility/item/439536125
Nissan Leaf,Nissan,Leaf,2020.0,77100.0,270.0,12.0,2.0,0.0,1.0,Ukjent,Vestfold/Telemark,1.0,SENTRUM AUTO AS,0,Aktiv,155000.0,153253,-1747,https://www.finn.no/mobility/item/451774836
Nissan Leaf,Nissan,Leaf,2021.0,44100.0,270.0,12.0,1.0,0.0,1.0,Ukjent,Trøndelag,1.0,Auto 8-8 Witro AS,0,Aktiv,168900.0,167137,-1763,https://www.finn.no/mobility/item/453446880
Nissan Leaf,Nissan,Leaf,2018.0,99600.0,270.0,12.0,1.0,0.0,1.0,Ukjent,Rogaland,1.0,MACK AUTO AS,0,Aktiv,119000.0,117205,-1795,https://www.finn.no/mobility/item/452413666
Nissan Leaf,Nissan,Leaf,2019.0,97000.0,270.0,12.0,1.0,0.0,1.0,Tekna,Annet,1.0,Bilia Outlet,0,Aktiv,129000.0,127200,-1800,https://www.finn.no/mobility/item/451897535
Nissan Leaf,Nissan,Leaf,2018.0,74000.0,270.0,12.0,1.0,0.0,0.0,Ukjent,Annet,1.0,BILFUNN AS,0,Aktiv,127000.0,125169,-1831,https://www.finn.no/mobility/item/450915534
Nissan Leaf,Nissan,Leaf,2023.0,10208.0,278.0,17.5,1.0,0.0,1.0,N-Connecta,Oslo/Akershus,1.0,Mobile Follo AS,0,Aktiv,214400.0,212519,-1881,https://www.finn.no/mobility/item/450795799
Nissan Leaf,Nissan,Leaf,2018.0,64000.0,270.0,12.0,1.0,0.0,0.0,Ukjent,Sørlandet,1.0,EVOAUTO AS,0,Aktiv,134900.0,132961,-1939,https://www.finn.no/mobility/item/445521965
Nissan Leaf,Nissan,Leaf,2020.0,54000.0,270.0,20.666666666666668,2.0,0.0,0.0,Ukjent,Annet,0.0,,0,Aktiv,154350.0,152396,-1954,https://www.finn.no/mobility/item/381753524
Nissan Leaf,Nissan,Leaf,2019.0,57000.0,275.0,12.0,2.0,0.0,0.0,Ukjent,Rogaland,1.0,Bilsenteret Haugesund AS,0,Aktiv,149000.0,147045,-1955,https://www.finn.no/mobility/item/452803254
Nissan Leaf,Nissan,Leaf,2020.0,62350.0,270.0,6.533333333333333,1.0,0.0,0.0,N-Connecta,Annet,0.0,,0,Aktiv,154532.0,152576,-1956,https://www.finn.no/mobility/item/451775191
Nissan Leaf,Nissan,Leaf,2019.0,95070.0,385.0,12.0,2.0,0.0,1.0,Ukjent,Oslo/Akershus,1.0,Bilforhandler1 AS,0,Aktiv,165900.0,163934,-1966,https://www.finn.no/mobility/item/444946803
Nissan Leaf,Nissan,Leaf,2019.0,72000.0,270.0,12.0,2.0,0.0,1.0,Ukjent,Østfold,1.0,Brennes Auto AS,0,Aktiv,135900.0,133918,-1982,https://www.finn.no/mobility/item/441182979
Nissan Leaf,Nissan,Leaf,2021.0,37000.0,270.0,12.0,1.0,0.0,1.0,Ukjent,Annet,1.0,Gjevik Bil AS,0,Aktiv,168900.0,166858,-2042,https://www.finn.no/mobility/item/452372770
Nissan Leaf,Nissan,Leaf,2019.0,44817.0,270.0,19.166666666666668,1.0,0.0,0.0,Ukjent,Oslo/Akershus,0.0,,0,Aktiv,139982.0,137893,-2089,https://www.finn.no/mobility/item/452491288
Nissan Leaf,Nissan,Leaf,2022.0,27950.0,385.0,5.033333333333333,1.0,0.0,1.0,N-Connecta,Oslo/Akershus,0.0,,0,Aktiv,229532.0,227388,-2144,https://www.finn.no/mobility/item/451312709
Nissan Leaf,Nissan,Leaf,2018.0,42500.0,270.0,2.8,2.0,0.0,0.0,Ukjent,Vestfold/Telemark,0.0,,0,Aktiv,145000.0,142851,-2149,https://www.finn.no/mobility/item/448810598
Nissan Leaf,Nissan,Leaf,2017.0,79500.0,250.0,14.066666666666666,1.0,0.0,0.0,Ukjent,Oslo/Akershus,0.0,,0,Aktiv,79000.0,76819,-2181,https://www.finn.no/mobility/item/453270701
Nissan Leaf,Nissan,Leaf,2016.0,110682.0,250.0,0.4,4.0,0.0,0.0,Ukjent,Vestland,0.0,,0,Aktiv,54532.0,52262,-2270,https://www.finn.no/mobility/item/452555274
Nissan Leaf,Nissan,Leaf,2020.0,39950.0,385.0,23.23333333333333,2.0,0.0,0.0,Ukjent,Annet,0.0,,0,Aktiv,199990.0,197713,-2277,https://www.finn.no/mobility/item/448955948
Nissan Leaf,Nissan,Leaf,2021.0,38700.0,270.0,12.0,1.0,0.0,1.0,Ukjent,Trøndelag,1.0,Aage Vold Autosalg AS,0,Aktiv,169000.0,166663,-2337,https://www.finn.no/mobility/item/448394494
Nissan Leaf,Nissan,Leaf,2021.0,141673.0,385.0,12.0,2.0,0.0,1.0,Ukjent,Rogaland,1.0,"Motor Forum Stavanger, Forus",0,Aktiv,149900.0,147548,-2352,https://www.finn.no/mobility/item/449832214
Nissan Leaf,Nissan,Leaf,2021.0,151000.0,385.0,12.0,1.0,0.0,1.0,Ukjent,Oslo/Akershus,1.0,AUTO REFRANCE AS,0,Aktiv,149999.0,147606,-2393,https://www.finn.no/mobility/item/452985303
Nissan Leaf,Nissan,Leaf,2019.0,140000.0,270.0,12.866666666666667,1.0,0.0,0.0,Ukjent,Oslo/Akershus,0.0,,0,Aktiv,124532.0,122117,-2415,https://www.finn.no/mobility/item/450818043
Nissan Leaf,Nissan,Leaf,2015.0,97000.0,150.0,24.133333333333333,2.0,0.0,0.0,Ukjent,Rogaland,0.0,,0,Aktiv,61532.0,59100,-2432,https://www.finn.no/mobility/item/452943374
Nissan Leaf,Nissan,Leaf,2020.0,87000.0,270.0,9.133333333333333,1.0,0.0,0.0,Acenta,Trøndelag,1.0,tm bil,0,Aktiv,159434.0,156998,-2436,https://www.finn.no/mobility/item/420829363
Nissan Leaf,Nissan,Leaf,2018.0,115700.0,270.0,7.733333333333333,2.0,0.0,1.0,Ukjent,Sørlandet,1.0,ELBILFORMIDLING AS,0,Aktiv,114900.0,112448,-2452,https://www.finn.no/mobility/item/448527763
Nissan Leaf,Nissan,Leaf,2023.0,19000.0,278.0,12.0,2.0,0.0,1.0,Ukjent,Vestland,1.0,Autonett Bergen AS,0,Aktiv,219900.0,217417,-2483,https://www.finn.no/mobility/item/450789584
Nissan Leaf,Nissan,Leaf,2024.0,11300.0,278.0,24.633333333333333,1.0,0.0,1.0,N-Connecta,Nord-Norge,1.0,Traasdahl AS,0,Aktiv,239900.0,237358,-2542,https://www.finn.no/mobility/item/440228435
Nissan Leaf,Nissan,Leaf,2021.0,64000.0,270.0,20.866666666666667,3.0,0.0,0.0,N-Connecta,Annet,0.0,,0,Aktiv,154434.0,151874,-2560,https://www.finn.no/mobility/item/434805388
Nissan Leaf,Nissan,Leaf,2021.0,45000.0,270.0,12.0,1.0,0.0,1.0,Ukjent,Sørlandet,1.0,Hedin Automotive Kristiansand,0,Aktiv,169000.0,166395,-2605,https://www.finn.no/mobility/item/438768542
Nissan Leaf,Nissan,Leaf,2020.0,86900.0,385.0,12.0,1.0,0.0,1.0,N-Connecta,Vestland,1.0,AutoSwap AS,0,Aktiv,179800.0,177168,-2632,https://www.finn.no/mobility/item/444927023
Nissan Leaf,Nissan,Leaf,2019.0,95000.0,270.0,12.4,2.0,0.0,0.0,Ukjent,Vestland,0.0,,0,Aktiv,129890.0,127241,-2649,https://www.finn.no/mobility/item/431822999
Nissan Leaf,Nissan,Leaf,2020.0,47900.0,270.0,12.0,2.0,0.0,1.0,Ukjent,Østfold,1.0,ØSTFOLD BILSALG,0,Aktiv,169000.0,166325,-2675,https://www.finn.no/mobility/item/432214685
Nissan Leaf,Nissan,Leaf,2024.0,29737.0,395.0,22.6,1.0,0.0,1.0,N-Connecta,Sørlandet,1.0,Mobile Auto Sør AS,0,Aktiv,259000.0,256323,-2677,https://www.finn.no/mobility/item/433524395
Nissan Leaf,Nissan,Leaf,2018.0,148548.0,270.0,23.266666666666666,1.0,0.0,0.0,Ukjent,Annet,1.0,Birger N. Haug Outlet Rud,0,Aktiv,99900.0,97199,-2701,https://www.finn.no/mobility/item/453462062
Nissan Leaf,Nissan,Leaf,2016.0,106880.0,250.0,12.0,2.0,0.0,1.0,Ukjent,Rogaland,1.0,MK Auto,0,Aktiv,69900.0,67179,-2721,https://www.finn.no/mobility/item/451718813
Nissan Leaf,Nissan,Leaf,2019.0,84000.0,270.0,18.466666666666665,2.0,0.0,0.0,Tekna,Annet,0.0,,0,Aktiv,135000.0,132272,-2728,https://www.finn.no/mobility/item/451242743
Nissan Leaf,Nissan,Leaf,2018.0,152000.0,270.0,6.333333333333333,4.0,0.0,0.0,Tekna,Annet,0.0,,0,Aktiv,99532.0,96709,-2823,https://www.finn.no/mobility/item/452120358
Nissan Leaf,Nissan,Leaf,2016.0,68410.0,270.0,12.0,1.0,0.0,1.0,Ukjent,Vestland,1.0,FANABILFORRETNING AS,0,Aktiv,69800.0,66960,-2840,https://www.finn.no/mobility/item/446385531
Nissan Leaf,Nissan,Leaf,2022.0,85347.0,270.0,12.0,1.0,0.0,1.0,Ukjent,Trøndelag,1.0,Auto 8-8 Trio AS,0,Aktiv,169000.0,166150,-2850,https://www.finn.no/mobility/item/452526652
Nissan Leaf,Nissan,Leaf,2018.0,76000.0,270.0,23.266666666666666,2.0,0.0,1.0,Ukjent,Rogaland,1.0,CARSTORE STAVANGER,0,Aktiv,129900.0,127048,-2852,https://www.finn.no/mobility/item/453403294
Nissan Leaf,Nissan,Leaf,2020.0,105279.0,270.0,12.0,1.0,0.0,1.0,Ukjent,Vestfold/Telemark,1.0,Finstad Bil AS,0,Aktiv,139000.0,136114,-2886,https://www.finn.no/mobility/item/442231120
Nissan Leaf,Nissan,Leaf,2022.0,33871.0,278.0,10.033333333333331,2.0,0.0,1.0,Ukjent,Oslo/Akershus,1.0,Mobile Skøyen AS,0,Aktiv,198900.0,195987,-2913,https://www.finn.no/mobility/item/448810420
Nissan Leaf,Nissan,Leaf,2019.0,41500.0,270.0,12.0,1.0,0.0,1.0,Acenta,Annet,1.0,AUTO 8-8 SILDNES & HALAAS AS,0,Aktiv,149000.0,146068,-2932,https://www.finn.no/mobility/item/441315985
Nissan Leaf,Nissan,Leaf,2019.0,101000.0,270.0,12.0,1.0,0.0,1.0,Ukjent,Oslo/Akershus,1.0,Automotors AS,0,Aktiv,127000.0,124051,-2949,https://www.finn.no/mobility/item/450637089
Nissan Leaf,Nissan,Leaf,2019.0,88000.0,270.0,12.0,2.0,0.0,0.0,Ukjent,Rogaland,0.0,,0,Aktiv,135305.0,132328,-2977,https://www.finn.no/mobility/item/378945558
Nissan Leaf,Nissan,Leaf,2016.0,100021.0,250.0,1.0333333333333334,2.0,0.0,0.0,Ukjent,Oslo/Akershus,0.0,,0,Aktiv,59434.0,56451,-2983,https://www.finn.no/mobility/item/439627708
Nissan Leaf,Nissan,Leaf,2015.0,108000.0,270.0,13.066666666666666,2.0,0.0,0.0,Ukjent,Annet,1.0,Torgersen Bil AS,0,Aktiv,58532.0,55528,-3004,https://www.finn.no/mobility/item/453507749
Nissan Leaf,Nissan,Leaf,2020.0,40000.0,385.0,12.0,2.0,0.0,0.0,Ukjent,Østfold,1.0,WEBERG AUTO AS,0,Aktiv,199900.0,196880,-3020,https://www.finn.no/mobility/item/450256116
Nissan Leaf,Nissan,Leaf,2018.0,99000.0,270.0,18.2,2.0,0.0,1.0,Ukjent,Østfold,0.0,,0,Aktiv,120000.0,116970,-3030,https://www.finn.no/mobility/item/437703882
Nissan Leaf,Nissan,Leaf,2018.0,56500.0,270.0,25.266666666666666,2.0,0.0,1.0,Ukjent,Østfold,0.0,,0,Aktiv,139900.0,136864,-3036,https://www.finn.no/mobility/item/446813539
Nissan Leaf,Nissan,Leaf,2023.0,26700.0,270.0,12.0,1.0,0.0,1.0,N-Connecta,Annet,1.0,Nardo Bil Sandmoen,0,Aktiv,219900.0,216852,-3048,https://www.finn.no/mobility/item/439923697
Nissan Leaf,Nissan,Leaf,2016.0,96400.0,250.0,21.23333333333333,2.0,0.0,0.0,Ukjent,Vestfold/Telemark,1.0,GreenDrive,0,Aktiv,69000.0,65927,-3073,https://www.finn.no/mobility/item/450996044
Nissan Leaf,Nissan,Leaf,2020.0,43500.0,385.0,12.0,1.0,0.0,0.0,N-Connecta,Vestland,1.0,Vest Motor AS,0,Aktiv,199000.0,195878,-3122,https://www.finn.no/mobility/item/440380095
Nissan Leaf,Nissan,Leaf,2018.0,97600.0,270.0,6.8,2.0,0.0,1.0,Ukjent,Vestfold/Telemark,1.0,C.S Bil Norge AS,0,Aktiv,115000.0,111872,-3128,https://www.finn.no/mobility/item/447454710
Nissan Leaf,Nissan,Leaf,2021.0,51504.0,270.0,12.0,2.0,0.0,1.0,Ukjent,Rogaland,1.0,BILTEKNIKK 1 AS,0,Aktiv,169000.0,165821,-3179,https://www.finn.no/mobility/item/441335378
Nissan Leaf,Nissan,Leaf,2022.0,32541.0,270.0,12.0,1.0,0.0,1.0,Ukjent,Oslo/Akershus,1.0,RSA BIL Drammen,0,Aktiv,199000.0,195770,-3230,https://www.finn.no/mobility/item/448195567
Nissan Leaf,Nissan,Leaf,2019.0,162300.0,270.0,12.0,1.0,0.0,1.0,Ukjent,Sørlandet,1.0,Grimstad Bil AS,0,Aktiv,109000.0,105749,-3251,https://www.finn.no/mobility/item/448689452
Nissan Leaf,Nissan,Leaf,2017.0,86000.0,190.0,13.866666666666667,3.0,0.0,0.0,Ukjent,Oslo/Akershus,0.0,,0,Aktiv,79532.0,76193,-3339,https://www.finn.no/mobility/item/452694919
Nissan Leaf,Nissan,Leaf,2022.0,91878.0,385.0,12.0,1.0,0.0,1.0,Tekna,Annet,1.0,"Sulland Trondheim BMW, MINI",0,Aktiv,199900.0,196502,-3398,https://www.finn.no/mobility/item/452377083
Nissan Leaf,Nissan,Leaf,2019.0,155000.0,270.0,19.633333333333333,1.0,0.0,1.0,Ukjent,Vestland,1.0,Mobile Hønefoss AS,0,Aktiv,109000.0,105557,-3443,https://www.finn.no/mobility/item/442635913
Nissan Leaf,Nissan,Leaf,2015.0,79600.0,270.0,12.0,2.0,0.0,0.0,Ukjent,Rogaland,1.0,UNIBIL AS avd. Stavanger,0,Aktiv,65000.0,61502,-3498,https://www.finn.no/mobility/item/444768160
Nissan Leaf,Nissan,Leaf,2018.0,107200.0,280.0,21.83333333333333,1.0,0.0,0.0,Ukjent,Vestland,0.0,,0,Aktiv,120305.0,116783,-3522,https://www.finn.no/mobility/item/359362990
Nissan Leaf,Nissan,Leaf,2024.0,29618.0,278.0,12.0,1.0,0.0,1.0,Ukjent,Oslo/Akershus,1.0,MAX AUTO AS,0,Aktiv,229900.0,226348,-3552,https://www.finn.no/mobility/item/452665963
Nissan Leaf,Nissan,Leaf,2018.0,129000.0,270.0,12.0,1.0,0.0,0.0,Tekna,Annet,1.0,AUTOGLIMT AS,0,Aktiv,119000.0,115430,-3570,https://www.finn.no/mobility/item/422048707
Nissan Leaf,Nissan,Leaf,2021.0,30700.0,270.0,12.0,1.0,0.0,0.0,Ukjent,Vestfold/Telemark,1.0,Telemark Bilutsalg AS,0,Aktiv,169900.0,166310,-3590,https://www.finn.no/mobility/item/441012108
Nissan Leaf,Nissan,Leaf,2016.0,162500.0,250.0,4.066666666666666,2.0,0.0,0.0,Ukjent,Annet,0.0,,0,Aktiv,54434.0,50772,-3662,https://www.finn.no/mobility/item/425071903
Nissan Leaf,Nissan,Leaf,2015.0,78700.0,270.0,12.0,2.0,0.0,1.0,Ukjent,Rogaland,1.0,ELBILHALLEN AS,0,Aktiv,69000.0,65333,-3667,https://www.finn.no/mobility/item/451816585
Nissan Leaf,Nissan,Leaf,2019.0,151000.0,270.0,12.0,1.0,0.0,1.0,Ukjent,Annet,1.0,BILHJØRNET AS,0,Aktiv,109000.0,105311,-3689,https://www.finn.no/mobility/item/447416201
Nissan Leaf,Nissan,Leaf,2018.0,110350.0,270.0,8.033333333333333,1.0,0.0,0.0,Tekna,Annet,0.0,,0,Aktiv,118532.0,114834,-3698,https://www.finn.no/mobility/item/453518314
Nissan Leaf,Nissan,Leaf,2017.0,133000.0,120.0,12.0,1.0,0.0,1.0,Tekna,Annet,1.0,Toyota Sulland Kongsvinger,0,Aktiv,64000.0,60264,-3736,https://www.finn.no/mobility/item/453452502
Nissan Leaf,Nissan,Leaf,2019.0,168620.0,270.0,18.166666666666668,1.0,0.0,0.0,Tekna,Annet,0.0,,0,Aktiv,110532.0,106765,-3767,https://www.finn.no/mobility/item/451221542
Nissan Leaf,Nissan,Leaf,2021.0,42700.0,385.0,19.866666666666667,1.0,0.0,1.0,Tekna,Sørlandet,1.0,Mobile Sørlandsparken AS,0,Aktiv,209000.0,205202,-3798,https://www.finn.no/mobility/item/452851185
Nissan Leaf,Nissan,Leaf,2021.0,46326.0,385.0,17.7,1.0,0.0,1.0,Tekna,Nord-Norge,1.0,Sulland Bodø,0,Aktiv,219000.0,215191,-3809,https://www.finn.no/mobility/item/453468914
Nissan Leaf,Nissan,Leaf,2016.0,128195.0,250.0,12.0,2.0,0.0,1.0,Ukjent,Vestland,1.0,Opus AS,0,Aktiv,69000.0,65183,-3817,https://www.finn.no/mobility/item/452549867
Nissan Leaf,Nissan,Leaf,2014.0,105000.0,270.0,23.966666666666665,1.0,0.0,0.0,Ukjent,Annet,1.0,Opstad Bil,0,Aktiv,53942.0,50089,-3853,https://www.finn.no/mobility/item/451546949
Nissan Leaf,Nissan,Leaf,2018.0,155293.0,270.0,9.033333333333331,3.0,0.0,0.0,Ukjent,Vestland,0.0,,0,Aktiv,98532.0,94642,-3890,https://www.finn.no/mobility/item/452535383
Nissan Leaf,Nissan,Leaf,2020.0,152354.0,385.0,22.5,1.0,0.0,1.0,N-Connecta,Annet,1.0,Mobile Kongsvinger,0,Aktiv,148900.0,144991,-3909,https://www.finn.no/mobility/item/447516896
Nissan Leaf,Nissan,Leaf,2018.0,92500.0,270.0,12.0,1.0,0.0,0.0,Tekna,Sørlandet,1.0,Autoform Kristiansand AS,0,Aktiv,129000.0,125084,-3916,https://www.finn.no/mobility/item/450617203
Nissan Leaf,Nissan,Leaf,2018.0,54200.0,270.0,12.0,1.0,0.0,0.0,Ukjent,Annet,1.0,Slatlem Kristiansund,0,Aktiv,139000.0,135072,-3928,https://www.finn.no/mobility/item/450867361
Nissan Leaf,Nissan,Leaf,2018.0,104580.0,270.0,8.033333333333333,3.0,0.0,0.0,Ukjent,Oslo/Akershus,0.0,,0,Aktiv,119532.0,115603,-3929,https://www.finn.no/mobility/item/451717766
Nissan Leaf,Nissan,Leaf,2023.0,14657.0,395.0,12.833333333333334,1.0,0.0,1.0,Ukjent,Oslo/Akershus,1.0,Birger N. Haug AS Lillestrøm,0,Aktiv,279900.0,275928,-3972,https://www.finn.no/mobility/item/452536899
Nissan Leaf,Nissan,Leaf,2016.0,110360.0,270.0,12.0,2.0,0.0,0.0,Ukjent,Østfold,1.0,Bilhagen Fredrikstad AS,0,Aktiv,65000.0,61016,-3984,https://www.finn.no/mobility/item/450283464
Nissan Leaf,Nissan,Leaf,2021.0,60237.0,385.0,5.666666666666667,1.0,0.0,1.0,Ukjent,Sørlandet,0.0,,0,Aktiv,199000.0,194943,-4057,https://www.finn.no/mobility/item/439700864
Nissan Leaf,Nissan,Leaf,2022.0,56120.0,385.0,12.0,1.0,0.0,1.0,Ukjent,Annet,1.0,Sulland Trondheim,0,Aktiv,229900.0,225749,-4151,https://www.finn.no/mobility/item/452380822
Nissan Leaf,Nissan,Leaf,2020.0,24000.0,270.0,12.0,1.0,0.0,0.0,Ukjent,Vestland,1.0,Motorarena AS,0,Aktiv,179000.0,174806,-4194,https://www.finn.no/mobility/item/402154884
Nissan Leaf,Nissan,Leaf,2017.0,103200.0,180.0,12.0,2.0,0.0,1.0,Ukjent,Rogaland,1.0,Broom Bil AS,0,Aktiv,69800.0,65595,-4205,https://www.finn.no/mobility/item/452696171
Nissan Leaf,Nissan,Leaf,2019.0,101000.0,385.0,12.0,2.0,0.0,1.0,Ukjent,Østfold,1.0,Rebil,0,Aktiv,169900.0,165683,-4217,https://www.finn.no/mobility/item/448019563
Nissan Leaf,Nissan,Leaf,2018.0,111600.0,270.0,12.0,1.0,0.0,1.0,Ukjent,Rogaland,1.0,Envy Auto AS,0,Aktiv,119000.0,114772,-4228,https://www.finn.no/mobility/item/451760106
Nissan Leaf,Nissan,Leaf,2020.0,85000.0,385.0,20.766666666666666,1.0,0.0,1.0,e+,Trøndelag,1.0,RM BIL - Rune Malvik,0,Aktiv,184900.0,180663,-4237,https://www.finn.no/mobility/item/441430684
Nissan Leaf,Nissan,Leaf,2017.0,54300.0,250.0,11.1,2.0,0.0,0.0,Ukjent,Vestfold/Telemark,1.0,GreenDrive,0,Aktiv,84432.0,80190,-4242,https://www.finn.no/mobility/item/451432023
Nissan Leaf,Nissan,Leaf,2020.0,61058.0,385.0,9.5,2.0,0.0,1.0,Ukjent,Oslo/Akershus,1.0,Birger N. Haug AS avd. Oslo,0,Aktiv,189900.0,185577,-4323,https://www.finn.no/mobility/item/442895361
Nissan Leaf,Nissan,Leaf,2022.0,63000.0,270.0,12.0,1.0,0.0,1.0,Ukjent,Annet,1.0,Auto 8-8 Ålesund AS,0,Aktiv,188000.0,183580,-4420,https://www.finn.no/mobility/item/452381999
Nissan Leaf,Nissan,Leaf,2022.0,60200.0,270.0,12.0,1.0,0.0,1.0,N-Connecta,Oslo/Akershus,1.0,Sulland Jessheim,0,Aktiv,188900.0,184460,-4440,https://www.finn.no/mobility/item/452344992
Nissan Leaf,Nissan,Leaf,2020.0,69500.0,384.0,12.0,2.0,0.0,0.0,Ukjent,Østfold,1.0,Brennes Auto AS,0,Aktiv,189900.0,185374,-4526,https://www.finn.no/mobility/item/451834661
Nissan Leaf,Nissan,Leaf,2021.0,91000.0,385.0,12.0,1.0,0.0,1.0,N-Connecta,Trøndelag,1.0,Auto 8-8 Trio AS,0,Aktiv,189000.0,184472,-4528,https://www.finn.no/mobility/item/452971240
Nissan Leaf,Nissan,Leaf,2022.0,62600.0,270.0,12.0,2.0,0.0,1.0,Ukjent,Østfold,1.0,Brennes Auto AS,0,Aktiv,189000.0,184449,-4551,https://www.finn.no/mobility/item/444591072
Nissan Leaf,Nissan,Leaf,2023.0,56000.0,397.0,12.0,1.0,0.0,1.0,Acenta,Trøndelag,1.0,Bertel O. Steen Stjørdal,0,Aktiv,249000.0,244402,-4598,https://www.finn.no/mobility/item/449808591
Nissan Leaf,Nissan,Leaf,2015.0,74500.0,270.0,12.0,1.0,0.0,0.0,Ukjent,Annet,1.0,BILPORTALEN AS,0,Aktiv,65000.0,60371,-4629,https://www.finn.no/mobility/item/448219165
Nissan Leaf,Nissan,Leaf,2019.0,78950.0,270.0,19.166666666666668,1.0,0.0,0.0,Ukjent,Rogaland,0.0,,0,Aktiv,137532.0,132900,-4632,https://www.finn.no/mobility/item/450317411
Nissan Leaf,Nissan,Leaf,2020.0,70000.0,385.0,12.0,1.0,0.0,1.0,Tekna,Vestland,1.0,AutoSale AS,0,Aktiv,189900.0,185258,-4642,https://www.finn.no/mobility/item/447536248
Nissan Leaf,Nissan,Leaf,2022.0,28700.0,270.0,12.0,2.0,0.0,1.0,Ukjent,Østfold,1.0,Brennes Auto AS,0,Aktiv,209000.0,204354,-4646,https://www.finn.no/mobility/item/444591068
Nissan Leaf,Nissan,Leaf,2018.0,162892.0,270.0,23.266666666666666,1.0,0.0,0.0,Ukjent,Annet,0.0,,0,Aktiv,99532.0,94867,-4665,https://www.finn.no/mobility/item/451217724
Nissan Leaf,Nissan,Leaf,2018.0,92000.0,278.0,12.0,1.0,0.0,1.0,Tekna,Annet,1.0,BILHUSET SUNDE AS,0,Aktiv,139800.0,135128,-4672,https://www.finn.no/mobility/item/452771047
Nissan Leaf,Nissan,Leaf,2017.0,164841.0,120.0,23.433333333333334,3.0,0.0,0.0,Ukjent,Annet,0.0,,0,Aktiv,64532.0,59807,-4725,https://www.finn.no/mobility/item/450895613
Nissan Leaf,Nissan,Leaf,2018.0,51547.0,270.0,12.0,2.0,0.0,1.0,Ukjent,Rogaland,1.0,Hamre Auto AS,0,Aktiv,145000.0,140272,-4728,https://www.finn.no/mobility/item/450601264
Nissan Leaf,Nissan,Leaf,2022.0,30000.0,396.0,12.0,1.0,0.0,1.0,Ukjent,Vestland,1.0,Bilia Kokstad,0,Aktiv,239900.0,235138,-4762,https://www.finn.no/mobility/item/450719320
Nissan Leaf,Nissan,Leaf,2018.0,132000.0,270.0,12.0,2.0,0.0,0.0,Ukjent,Rogaland,1.0,N-Auto,0,Aktiv,115900.0,111132,-4768,https://www.finn.no/mobility/item/452021209
Nissan Leaf,Nissan,Leaf,2018.0,107269.0,270.0,3.933333333333333,1.0,0.0,0.0,Tekna,Oslo/Akershus,0.0,,0,Aktiv,114532.0,109727,-4805,https://www.finn.no/mobility/item/449772574
Nissan Leaf,Nissan,Leaf,2018.0,87739.0,270.0,12.0,1.0,0.0,1.0,Ukjent,Annet,1.0,Renshus Bil AS,0,Aktiv,134000.0,129129,-4871,https://www.finn.no/mobility/item/436610916
Nissan Leaf,Nissan,Leaf,2018.0,90000.0,270.0,-0.1333333333333333,2.0,0.0,0.0,N-Connecta,Oslo/Akershus,0.0,,0,Aktiv,139334.0,134446,-4888,https://www.finn.no/mobility/item/435811744
Nissan Leaf,Nissan,Leaf,2013.0,37100.0,150.0,15.733333333333333,1.0,0.0,1.0,Acenta,Oslo/Akershus,1.0,BROEN BIL AS,0,Aktiv,64942.0,60007,-4935,https://www.finn.no/mobility/item/453496501
Nissan Leaf,Nissan,Leaf,2018.0,60000.0,270.0,12.0,1.0,0.0,1.0,Tekna,Annet,1.0,RSA BIL Trondheim,0,Aktiv,139900.0,134928,-4972,https://www.finn.no/mobility/item/451371149
Nissan Leaf,Nissan,Leaf,2021.0,56000.0,270.0,13.7,1.0,0.0,1.0,Tekna,Oslo/Akershus,1.0,Ensjø Car Center AS,0,Aktiv,169000.0,164025,-4975,https://www.finn.no/mobility/item/444931017
Nissan Leaf,Nissan,Leaf,2021.0,70000.0,270.0,18.466666666666665,1.0,0.0,1.0,Ukjent,Annet,1.0,Bakken Bil,0,Aktiv,159000.0,153991,-5009,https://www.finn.no/mobility/item/446066482
Nissan Leaf,Nissan,Leaf,2018.0,96000.0,270.0,1.1666666666666667,3.0,0.0,0.0,Ukjent,Annet,1.0,NOR BIL AS,0,Aktiv,119434.0,114393,-5041,https://www.finn.no/mobility/item/432148773
Nissan Leaf,Nissan,Leaf,2019.0,83300.0,270.0,12.0,2.0,0.0,1.0,Ukjent,Vestland,1.0,"Frydenbø Bil, Førde ± Halbrendsøyra",0,Aktiv,139000.0,133948,-5052,https://www.finn.no/mobility/item/452779673
Nissan Leaf,Nissan,Leaf,2019.0,87608.0,270.0,12.0,1.0,0.0,1.0,N-Connecta,Annet,1.0,RøhneSelmer AS avd. Asker og Bærum,0,Aktiv,139900.0,134764,-5136,https://www.finn.no/mobility/item/452309227
Nissan Leaf,Nissan,Leaf,2021.0,78000.0,270.0,11.2,1.0,0.0,0.0,Ukjent,Annet,0.0,,0,Aktiv,159434.0,154294,-5140,https://www.finn.no/mobility/item/426068205
Nissan Leaf,Nissan,Leaf,2018.0,93000.0,270.0,12.0,1.0,0.0,1.0,Tekna,Annet,1.0,AUTO 8-8 SILDNES & HALAAS AS,0,Aktiv,129000.0,123851,-5149,https://www.finn.no/mobility/item/450920708
Nissan Leaf,Nissan,Leaf,2016.0,89300.0,199.0,2.6333333333333333,2.0,0.0,0.0,Ukjent,Oslo/Akershus,0.0,,0,Aktiv,64499.0,59330,-5169,https://www.finn.no/mobility/item/452253479
Nissan Leaf,Nissan,Leaf,2018.0,125202.0,270.0,23.4,2.0,0.0,0.0,Ukjent,Rogaland,0.0,,0,Aktiv,119532.0,114358,-5174,https://www.finn.no/mobility/item/450559507
Nissan Leaf,Nissan,Leaf,2018.0,116945.0,270.0,17.866666666666667,2.0,0.0,1.0,Ukjent,Vestfold/Telemark,1.0,Mobile Larvik AS,0,Aktiv,119000.0,113819,-5181,https://www.finn.no/mobility/item/451333967
Nissan Leaf,Nissan,Leaf,2017.0,93300.0,270.0,12.0,1.0,0.0,1.0,Ukjent,Annet,1.0,Auto Connect AS,0,Aktiv,89000.0,83807,-5193,https://www.finn.no/mobility/item/452754283
Nissan Leaf,Nissan,Leaf,2022.0,57501.0,385.0,12.0,1.0,0.0,1.0,Ukjent,Annet,1.0,Sulland Trondheim,0,Aktiv,229900.0,224706,-5194,https://www.finn.no/mobility/item/452380951
Nissan Leaf,Nissan,Leaf,2020.0,67450.0,385.0,7.933333333333334,1.0,0.0,1.0,N-Connecta,Annet,1.0,Møller Bil Hamar,0,Aktiv,189000.0,183752,-5248,https://www.finn.no/mobility/item/450758393
Nissan Leaf,Nissan,Leaf,2022.0,99600.0,270.0,12.0,1.0,0.0,1.0,Ukjent,Rogaland,1.0,TVEITEN BIL AS,0,Aktiv,159000.0,153659,-5341,https://www.finn.no/mobility/item/446099261
Nissan Leaf,Nissan,Leaf,2016.0,80000.0,270.0,12.0,1.0,0.0,0.0,Tekna,Annet,1.0,Resale AS,0,Aktiv,69900.0,64553,-5347,https://www.finn.no/mobility/item/451627961
Nissan Leaf,Nissan,Leaf,2017.0,90000.0,250.0,12.233333333333333,2.0,0.0,0.0,Ukjent,Østfold,0.0,,0,Aktiv,84032.0,78668,-5364,https://www.finn.no/mobility/item/452977838
Nissan Leaf,Nissan,Leaf,2022.0,27679.0,395.0,12.0,1.0,0.0,1.0,N-Connecta,Trøndelag,1.0,LADE ARENA AUTO AS,0,Aktiv,239000.0,233585,-5415,https://www.finn.no/mobility/item/449200014
Nissan Leaf,Nissan,Leaf,2018.0,106000.0,270.0,25.4,1.0,0.0,0.0,Ukjent,Annet,0.0,,0,Aktiv,119000.0,113570,-5430,https://www.finn.no/mobility/item/452940660
Nissan Leaf,Nissan,Leaf,2018.0,136385.0,270.0,12.0,1.0,0.0,1.0,Ukjent,Rogaland,1.0,UTVIK AUTOSALG AS,0,Aktiv,119900.0,114447,-5453,https://www.finn.no/mobility/item/450446998
Nissan Leaf,Nissan,Leaf,2018.0,138000.0,270.0,12.0,1.0,0.0,1.0,Ukjent,Trøndelag,1.0,Auto 8-8 Trio AS,0,Aktiv,119000.0,113521,-5479,https://www.finn.no/mobility/item/449439288
Nissan Leaf,Nissan,Leaf,2020.0,85000.0,270.0,12.0,1.0,0.0,1.0,Tekna,Annet,1.0,Auto 8-8 Ålesund AS,0,Aktiv,159000.0,153520,-5480,https://www.finn.no/mobility/item/452691687
Nissan Leaf,Nissan,Leaf,2016.0,87525.0,270.0,7.633333333333334,1.0,0.0,1.0,Acenta,Oslo/Akershus,1.0,Sulland Drammen,0,Aktiv,69900.0,64407,-5493,https://www.finn.no/mobility/item/449686133
Nissan Leaf,Nissan,Leaf,2014.0,100800.0,270.0,12.0,2.0,0.0,1.0,Ukjent,Østfold,1.0,Sørlie Bil AS,0,Aktiv,59000.0,53455,-5545,https://www.finn.no/mobility/item/449168886
Nissan Leaf,Nissan,Leaf,2019.0,79000.0,270.0,12.0,1.0,0.0,1.0,N-Connecta,Annet,1.0,Steinkjer Bil AS,0,Aktiv,139000.0,133414,-5586,https://www.finn.no/mobility/item/448232378
Nissan Leaf,Nissan,Leaf,2015.0,91978.0,270.0,18.866666666666667,3.0,0.0,0.0,Tekna,Trøndelag,0.0,,0,Aktiv,67000.0,61395,-5605,https://www.finn.no/mobility/item/445828608
Nissan Leaf,Nissan,Leaf,2023.0,27000.0,278.0,12.0,1.0,0.0,1.0,Ukjent,Annet,1.0,BILHUSET SUNDE AS,0,Aktiv,225800.0,220142,-5658,https://www.finn.no/mobility/item/452531854
Nissan Leaf,Nissan,Leaf,2019.0,179000.0,270.0,12.0,1.0,0.0,1.0,Ukjent,Trøndelag,1.0,Strandveien Auto Stjørdal AS,0,Aktiv,109000.0,103340,-5660,https://www.finn.no/mobility/item/436803997
Nissan Leaf,Nissan,Leaf,2022.0,65178.0,278.0,9.966666666666669,1.0,0.0,1.0,Ukjent,Oslo/Akershus,1.0,Birger N. Haug AS Lillestrøm,0,Aktiv,179900.0,174191,-5709,https://www.finn.no/mobility/item/450755255
Nissan Leaf,Nissan,Leaf,2021.0,27500.0,270.0,21.666666666666668,1.0,0.0,1.0,Ukjent,Vestfold/Telemark,0.0,,0,Aktiv,169434.0,163704,-5730,https://www.finn.no/mobility/item/438586342
Nissan Leaf,Nissan,Leaf,2020.0,64511.0,270.0,2.2666666666666666,1.0,0.0,1.0,N-Connecta,Trøndelag,1.0,tm bil,0,Aktiv,169900.0,164134,-5766,https://www.finn.no/mobility/item/426522742
Nissan Leaf,Nissan,Leaf,2022.0,47000.0,270.0,12.0,1.0,0.0,0.0,Ukjent,Sørlandet,1.0,Sigmund Aasen AS,0,Aktiv,199000.0,193197,-5803,https://www.finn.no/mobility/item/415352083
Nissan Leaf,Nissan,Leaf,2021.0,10500.0,270.0,12.0,1.0,0.0,1.0,N-Connecta,Trøndelag,1.0,Strada Holding AS,0,Aktiv,189000.0,183188,-5812,https://www.finn.no/mobility/item/440318799
Nissan Leaf,Nissan,Leaf,2019.0,117000.0,270.0,12.0,2.0,0.0,1.0,Ukjent,Rogaland,1.0,Syreveien Auto Bilsalg AS,0,Aktiv,129900.0,123931,-5969,https://www.finn.no/mobility/item/451951259
Nissan Leaf,Nissan,Leaf,2019.0,39830.0,270.0,23.066666666666663,2.0,0.0,0.0,Ukjent,Annet,0.0,,0,Aktiv,154532.0,148465,-6067,https://www.finn.no/mobility/item/452788066
Nissan Leaf,Nissan,Leaf,2017.0,158288.0,270.0,16.1,2.0,0.0,0.0,Ukjent,Annet,0.0,,0,Aktiv,64532.0,58457,-6075,https://www.finn.no/mobility/item/451291256
Nissan Leaf,Nissan,Leaf,2018.0,203669.0,270.0,19.366666666666667,1.0,0.0,0.0,Ukjent,Oslo/Akershus,0.0,,0,Aktiv,79532.0,73402,-6130,https://www.finn.no/mobility/item/447754681
Nissan Leaf,Nissan,Leaf,2022.0,18400.0,270.0,12.0,2.0,0.0,1.0,Ukjent,Østfold,1.0,Brennes Auto Moss AS,0,Aktiv,225000.0,218862,-6138,https://www.finn.no/mobility/item/432642916
Nissan Leaf,Nissan,Leaf,2022.0,47850.0,385.0,12.0,1.0,0.0,1.0,Ukjent,Annet,1.0,Sulland Trondheim,0,Aktiv,234500.0,228336,-6164,https://www.finn.no/mobility/item/452380269
Nissan Leaf,Nissan,Leaf,2018.0,86500.0,270.0,22.866666666666667,2.0,0.0,0.0,Ukjent,Vestland,0.0,,0,Aktiv,133532.0,127366,-6166,https://www.finn.no/mobility/item/448353301
Nissan Leaf,Nissan,Leaf,2020.0,55000.0,270.0,-2.4,1.0,0.0,0.0,Ukjent,Annet,1.0,Rebil Salgshjelp,0,Aktiv,169000.0,162807,-6193,https://www.finn.no/mobility/item/439451271
Nissan Leaf,Nissan,Leaf,2022.0,49100.0,270.0,22.866666666666667,1.0,0.0,1.0,N-Connecta,Sørlandet,1.0,Mobile Sørlandsparken AS,0,Aktiv,219000.0,212768,-6232,https://www.finn.no/mobility/item/452952743
Nissan Leaf,Nissan,Leaf,2022.0,42200.0,270.0,21.466666666666665,2.0,0.0,1.0,Tekna,Trøndelag,0.0,,0,Aktiv,193000.0,186717,-6283,https://www.finn.no/mobility/item/444385287
Nissan Leaf,Nissan,Leaf,2019.0,79274.0,385.0,17.133333333333333,2.0,0.0,0.0,Ukjent,Oslo/Akershus,0.0,,0,Aktiv,175000.0,168706,-6294,https://www.finn.no/mobility/item/435277285
Nissan Leaf,Nissan,Leaf,2019.0,156000.0,385.0,17.333333333333332,3.0,0.0,0.0,Ukjent,Annet,0.0,,0,Aktiv,129434.0,123136,-6298,https://www.finn.no/mobility/item/424829398
Nissan Leaf,Nissan,Leaf,2023.0,45800.0,385.0,12.0,1.0,0.0,1.0,Ukjent,Østfold,0.0,,0,Aktiv,232129.0,225796,-6333,https://www.finn.no/mobility/item/350481760
Nissan Leaf,Nissan,Leaf,2024.0,20220.0,278.0,12.0,1.0,0.0,0.0,Ukjent,Sørlandet,1.0,Gumpen Motor,0,Aktiv,239000.0,232661,-6339,https://www.finn.no/mobility/item/452966668
Nissan Leaf,Nissan,Leaf,2022.0,38500.0,278.0,9.266666666666667,1.0,0.0,1.0,N-Connecta,Annet,1.0,Birger N. Haug AS avd. Rud,0,Aktiv,199900.0,193549,-6351,https://www.finn.no/mobility/item/453407576
Nissan Leaf,Nissan,Leaf,2015.0,61361.0,150.0,9.966666666666669,2.0,0.0,0.0,Ukjent,Rogaland,0.0,,0,Aktiv,69900.0,63485,-6415,https://www.finn.no/mobility/item/452257524
Nissan Leaf,Nissan,Leaf,2016.0,99787.0,270.0,3.433333333333333,2.0,0.0,0.0,Ukjent,Sørlandet,0.0,,0,Aktiv,63532.0,56991,-6541,https://www.finn.no/mobility/item/452268508
Nissan Leaf,Nissan,Leaf,2015.0,94000.0,270.0,12.0,1.0,0.0,0.0,Ukjent,Vestland,1.0,BANGGREN BIL AS,0,Aktiv,65000.0,58389,-6611,https://www.finn.no/mobility/item/451963702
Nissan Leaf,Nissan,Leaf,2018.0,80523.0,270.0,24.166666666666668,2.0,0.0,0.0,Ukjent,Oslo/Akershus,0.0,,0,Aktiv,133532.0,126858,-6674,https://www.finn.no/mobility/item/453299471
Nissan Leaf,Nissan,Leaf,2019.0,99750.0,270.0,12.466666666666669,1.0,0.0,0.0,Ukjent,Vestland,0.0,,0,Aktiv,134532.0,127835,-6697,https://www.finn.no/mobility/item/449941428
Nissan Leaf,Nissan,Leaf,2015.0,61000.0,150.0,21.266666666666666,1.0,0.0,0.0,Ukjent,Annet,1.0,Hasa Bil AS,0,Aktiv,73000.0,66295,-6705,https://www.finn.no/mobility/item/448652411
Nissan Leaf,Nissan,Leaf,2024.0,17668.0,278.0,12.0,1.0,0.0,1.0,Tekna,Sørlandet,1.0,Gumpen Motor,0,Aktiv,239000.0,232248,-6752,https://www.finn.no/mobility/item/452968730
Nissan Leaf,Nissan,Leaf,2022.0,67000.0,270.0,22.366666666666667,1.0,0.0,1.0,Acenta,Annet,0.0,,0,Aktiv,154999.0,148129,-6870,https://www.finn.no/mobility/item/450240136
Nissan Leaf,Nissan,Leaf,2018.0,93000.0,270.0,12.0,2.0,0.0,1.0,Ukjent,Rogaland,1.0,ELIASSEN BIL AS,0,Aktiv,125000.0,118090,-6910,https://www.finn.no/mobility/item/450314537
Nissan Leaf,Nissan,Leaf,2023.0,48000.0,270.0,20.9,1.0,0.0,1.0,Ukjent,Vestland,0.0,,0,Aktiv,199505.0,192589,-6916,https://www.finn.no/mobility/item/452055940
Nissan Leaf,Nissan,Leaf,2019.0,76000.0,385.0,12.0,1.0,0.0,1.0,Tekna,Annet,1.0,Sentral Bil AS,0,Aktiv,179000.0,172079,-6921,https://www.finn.no/mobility/item/445978255
Nissan Leaf,Nissan,Leaf,2021.0,58000.0,385.0,12.0,1.0,0.0,1.0,e+,Trøndelag,1.0,Strada Holding AS,0,Aktiv,205000.0,198074,-6926,https://www.finn.no/mobility/item/441894864
Nissan Leaf,Nissan,Leaf,2022.0,35640.0,385.0,6.966666666666667,1.0,0.0,1.0,Ukjent,Østfold,0.0,,0,Aktiv,239532.0,232593,-6939,https://www.finn.no/mobility/item/449351722
Nissan Leaf,Nissan,Leaf,2018.0,108846.0,270.0,24.2,1.0,0.0,1.0,Ukjent,Vestfold/Telemark,1.0,Mobile Jarlsberg AS,0,Aktiv,119000.0,112057,-6943,https://www.finn.no/mobility/item/453487638
Nissan Leaf,Nissan,Leaf,2020.0,43000.0,270.0,12.0,2.0,0.0,1.0,Ukjent,Rogaland,1.0,Autosenter Sandnes AS,0,Aktiv,169000.0,162047,-6953,https://www.finn.no/mobility/item/450293583
Nissan Leaf,Nissan,Leaf,2018.0,129047.0,250.0,12.0,1.0,0.0,1.0,Ukjent,Annet,1.0,Myauto AS,0,Aktiv,123900.0,116856,-7044,https://www.finn.no/mobility/item/452535110
Nissan Leaf,Nissan,Leaf,2020.0,93000.0,270.0,12.0,1.0,0.0,0.0,Ukjent,Nord-Norge,1.0,Ford Harstad AS - Bilhuset Harstad AS,0,Aktiv,155000.0,147956,-7044,https://www.finn.no/mobility/item/439377387
Nissan Leaf,Nissan,Leaf,2022.0,41959.0,270.0,12.0,1.0,0.0,1.0,Ukjent,Annet,1.0,Birger N. Haug AS avd. Rud,0,Aktiv,229900.0,222828,-7072,https://www.finn.no/mobility/item/453472010
Nissan Leaf,Nissan,Leaf,2018.0,79000.0,270.0,6.0,2.0,0.0,0.0,Ukjent,Rogaland,0.0,,0,Aktiv,133532.0,126385,-7147,https://www.finn.no/mobility/item/450965957
Nissan Leaf,Nissan,Leaf,2019.0,68000.0,280.0,12.0,1.0,0.0,1.0,Ukjent,Annet,1.0,Lilleberg Bilmegling,0,Aktiv,151500.0,144345,-7155,https://www.finn.no/mobility/item/360470900
Nissan Leaf,Nissan,Leaf,2013.0,59000.0,270.0,12.0,1.0,0.0,1.0,Tekna,Annet,1.0,Bruktbil Oslo og Akershus,0,Aktiv,59999.0,52826,-7173,https://www.finn.no/mobility/item/423123402
Nissan Leaf,Nissan,Leaf,2020.0,74000.0,270.0,12.0,2.0,0.0,0.0,Ukjent,Vestfold/Telemark,1.0,GRENLAND BIL AS,0,Aktiv,159000.0,151770,-7230,https://www.finn.no/mobility/item/452409778
Nissan Leaf,Nissan,Leaf,2019.0,44542.0,270.0,16.3,1.0,0.0,1.0,Tekna,Oslo/Akershus,1.0,Sulland Drammen,0,Aktiv,149900.0,142637,-7263,https://www.finn.no/mobility/item/452402817
Nissan Leaf,Nissan,Leaf,2020.0,69593.0,270.0,6.7,1.0,0.0,1.0,Tekna,Trøndelag,1.0,tm bil,0,Aktiv,169800.0,162437,-7363,https://www.finn.no/mobility/item/424016041
Nissan Leaf,Nissan,Leaf,2018.0,118498.0,270.0,7.0,4.0,0.0,0.0,N-Connecta,Annet,0.0,,0,Aktiv,124532.0,117082,-7450,https://www.finn.no/mobility/item/450501640
Nissan Leaf,Nissan,Leaf,2018.0,94605.0,270.0,12.0,1.0,0.0,1.0,Ukjent,Annet,1.0,Myauto AS,0,Aktiv,129000.0,121493,-7507,https://www.finn.no/mobility/item/452536579
Nissan Leaf,Nissan,Leaf,2018.0,104000.0,270.0,7.966666666666667,3.0,0.0,0.0,Ukjent,Annet,0.0,,0,Aktiv,123434.0,115826,-7608,https://www.finn.no/mobility/item/405680801
Nissan Leaf,Nissan,Leaf,2016.0,146800.0,250.0,20.666666666666668,7.0,0.0,0.0,Ukjent,Annet,0.0,,0,Aktiv,67532.0,59916,-7616,https://www.finn.no/mobility/item/449932019
Nissan Leaf,Nissan,Leaf,2018.0,82887.0,270.0,12.333333333333334,1.0,0.0,1.0,N-Connecta,Nord-Norge,1.0,Svebjørn Auto AS,0,Aktiv,139000.0,131320,-7680,https://www.finn.no/mobility/item/451769858
Nissan Leaf,Nissan,Leaf,2018.0,115000.0,270.0,12.0,1.0,0.0,1.0,Tekna,Annet,1.0,Auto 8-8 Ålesund AS,0,Aktiv,129000.0,121137,-7863,https://www.finn.no/mobility/item/451644843
Nissan Leaf,Nissan,Leaf,2022.0,30832.0,270.0,12.0,1.0,0.0,1.0,Ukjent,Sørlandet,1.0,Hedin Automotive Kristiansand,0,Aktiv,239000.0,231038,-7962,https://www.finn.no/mobility/item/438767361
Nissan Leaf,Nissan,Leaf,2023.0,51000.0,270.0,15.633333333333333,1.0,0.0,1.0,Ukjent,Vestfold/Telemark,0.0,,0,Aktiv,199900.0,191935,-7965,https://www.finn.no/mobility/item/449714209
Nissan Leaf,Nissan,Leaf,2019.0,96000.0,270.0,12.0,1.0,0.0,1.0,Ukjent,Annet,1.0,Kverneland Bil | Volvo og MG Kvinesdal,0,Aktiv,134900.0,126881,-8019,https://www.finn.no/mobility/item/452782652
Nissan Leaf,Nissan,Leaf,2021.0,43800.0,270.0,15.7,1.0,0.0,1.0,Ukjent,Oslo/Akershus,0.0,,0,Aktiv,173532.0,165482,-8050,https://www.finn.no/mobility/item/452440216
Nissan Leaf,Nissan,Leaf,2023.0,14838.0,270.0,12.0,1.0,0.0,1.0,Ukjent,Annet,1.0,"Birger N. Haug, Hovinmovegen 6, 2060 Gardermoen",0,Aktiv,279900.0,271794,-8106,https://www.finn.no/mobility/item/447363064
Nissan Leaf,Nissan,Leaf,2021.0,46800.0,385.0,12.0,2.0,0.0,1.0,Ukjent,Rogaland,1.0,UNIBIL AS avd. Stavanger,0,Aktiv,209000.0,200894,-8106,https://www.finn.no/mobility/item/452086099
Nissan Leaf,Nissan,Leaf,2019.0,72220.0,270.0,12.0,1.0,0.0,0.0,Ukjent,Vestland,1.0,Vest Motor AS,0,Aktiv,145000.0,136860,-8140,https://www.finn.no/mobility/item/452854888
Nissan Leaf,Nissan,Leaf,2022.0,50909.0,270.0,0.7,2.0,0.0,1.0,Ukjent,Vestfold/Telemark,1.0,Mobile Larvik AS,0,Aktiv,189000.0,180834,-8166,https://www.finn.no/mobility/item/451953016
Nissan Leaf,Nissan,Leaf,2019.0,83000.0,270.0,12.0,1.0,0.0,1.0,Ukjent,Oslo/Akershus,1.0,Pitstop Bilsalg Ny AS,0,Aktiv,138982.0,130781,-8201,https://www.finn.no/mobility/item/396348545
Nissan Leaf,Nissan,Leaf,2019.0,100800.0,270.0,12.5,2.0,0.0,1.0,Ukjent,Vestfold/Telemark,1.0,Mobile Jarlsberg AS,0,Aktiv,130000.0,121783,-8217,https://www.finn.no/mobility/item/452054395
Nissan Leaf,Nissan,Leaf,2018.0,17000.0,270.0,12.0,2.0,0.0,1.0,Ukjent,Østfold,1.0,Grandahl Bil AS avd. Sarpsborg,0,Aktiv,168000.0,159778,-8222,https://www.finn.no/mobility/item/447232432
Nissan Leaf,Nissan,Leaf,2014.0,113000.0,270.0,12.0,2.0,0.0,0.0,Ukjent,Østfold,1.0,Grandahl Bil AS avd. Fredrikstad,0,Aktiv,58000.0,49705,-8295,https://www.finn.no/mobility/item/449483776
Nissan Leaf,Nissan,Leaf,2014.0,94214.0,270.0,12.0,1.0,0.0,0.0,Ukjent,Annet,1.0,Vigeland Bil AS,0,Aktiv,60000.0,51667,-8333,https://www.finn.no/mobility/item/444946972
Nissan Leaf,Nissan,Leaf,2024.0,13900.0,278.0,12.0,2.0,0.0,1.0,Ukjent,Vestfold/Telemark,1.0,AUTOMOTOR AS,0,Aktiv,239000.0,230630,-8370,https://www.finn.no/mobility/item/448106701
Nissan Leaf,Nissan,Leaf,2018.0,96000.0,270.0,12.0,1.0,0.0,0.0,Tekna,Annet,1.0,BILFUNN AS,0,Aktiv,129000.0,120621,-8379,https://www.finn.no/mobility/item/450921363
Nissan Leaf,Nissan,Leaf,2023.0,9000.0,378.0,12.0,1.0,0.0,1.0,Ukjent,Annet,1.0,Steinkjer Bil AS,0,Aktiv,285000.0,276582,-8418,https://www.finn.no/mobility/item/453078912
Nissan Leaf,Nissan,Leaf,2024.0,6200.0,270.0,12.0,2.0,0.0,1.0,Ukjent,Østfold,1.0,Brennes Auto AS,0,Aktiv,244900.0,236446,-8454,https://www.finn.no/mobility/item/452640461
Nissan Leaf,Nissan,Leaf,2020.0,41800.0,275.0,12.0,1.0,0.0,0.0,Ukjent,Rogaland,1.0,Bilsenteret Haugesund AS,0,Aktiv,179000.0,170512,-8488,https://www.finn.no/mobility/item/444774061
Nissan Leaf,Nissan,Leaf,2022.0,38000.0,270.0,12.0,1.0,0.0,0.0,Ukjent,Annet,1.0,Sommerseth AS,0,Aktiv,209000.0,200511,-8489,https://www.finn.no/mobility/item/438108074
Nissan Leaf,Nissan,Leaf,2018.0,57260.0,270.0,12.0,1.0,0.0,1.0,Ukjent,Annet,1.0,Nardo Bil AS Jaguar Land Rover,0,Aktiv,139900.0,131324,-8576,https://www.finn.no/mobility/item/452674261
Nissan Leaf,Nissan,Leaf,2014.0,49124.0,270.0,5.666666666666667,1.0,0.0,0.0,Ukjent,Annet,1.0,AUTOLÅVEN AS,0,Aktiv,65942.0,57358,-8584,https://www.finn.no/mobility/item/439067894
Nissan Leaf,Nissan,Leaf,2019.0,60580.0,270.0,12.566666666666666,1.0,0.0,0.0,Tekna,Nord-Norge,0.0,,0,Aktiv,156532.0,147883,-8649,https://www.finn.no/mobility/item/453508885
Nissan Leaf,Nissan,Leaf,2019.0,91600.0,270.0,18.7,1.0,0.0,0.0,Tekna,Annet,0.0,,0,Aktiv,144432.0,135739,-8693,https://www.finn.no/mobility/item/452935876
Nissan Leaf,Nissan,Leaf,2023.0,32400.0,278.0,12.0,1.0,0.0,1.0,Ukjent,Rogaland,1.0,Bilsenteret Haugesund AS,0,Aktiv,229000.0,220215,-8785,https://www.finn.no/mobility/item/447199438
Nissan Leaf,Nissan,Leaf,2021.0,57000.0,385.0,12.0,1.0,0.0,1.0,Ukjent,Østfold,1.0,Brennes Auto AS,0,Aktiv,209000.0,200213,-8787,https://www.finn.no/mobility/item/451832445
Nissan Leaf,Nissan,Leaf,2023.0,71832.0,396.0,13.733333333333333,1.0,0.0,1.0,Ukjent,Annet,1.0,Aasen Bil AS,0,Aktiv,239000.0,230104,-8896,https://www.finn.no/mobility/item/452354960
Nissan Leaf,Nissan,Leaf,2021.0,53828.0,270.0,15.1,1.0,0.0,1.0,Acenta,Trøndelag,1.0,tm bil,0,Aktiv,177900.0,168940,-8960,https://www.finn.no/mobility/item/420214445
Nissan Leaf,Nissan,Leaf,2017.0,90000.0,270.0,12.0,2.0,0.0,1.0,Ukjent,Rogaland,1.0,Kyvik Auto AS,0,Aktiv,89000.0,79986,-9014,https://www.finn.no/mobility/item/439919966
Nissan Leaf,Nissan,Leaf,2023.0,39899.0,395.0,13.066666666666666,2.0,0.0,1.0,Ukjent,Østfold,1.0,Dahles Auto Halden AS,0,Aktiv,259000.0,249910,-9090,https://www.finn.no/mobility/item/434235626
Nissan Leaf,Nissan,Leaf,2019.0,143500.0,270.0,13.1,1.0,0.0,0.0,Ukjent,Annet,0.0,,0,Aktiv,129532.0,120381,-9151,https://www.finn.no/mobility/item/448047046
Nissan Leaf,Nissan,Leaf,2021.0,93600.0,385.0,12.0,1.0,0.0,1.0,N-Connecta,Trøndelag,1.0,Auto 8-8 Witro AS,0,Aktiv,189000.0,179832,-9168,https://www.finn.no/mobility/item/450620449
Nissan Leaf,Nissan,Leaf,2018.0,61778.0,270.0,7.866666666666666,2.0,0.0,0.0,Ukjent,Rogaland,0.0,,0,Aktiv,148432.0,139255,-9177,https://www.finn.no/mobility/item/451169693
Nissan Leaf,Nissan,Leaf,2021.0,81622.0,270.0,12.0,1.0,0.0,1.0,Ukjent,Sørlandet,1.0,Hedin Automotive Kristiansand,0,Aktiv,169000.0,159817,-9183,https://www.finn.no/mobility/item/449635410
Nissan Leaf,Nissan,Leaf,2022.0,43917.0,270.0,7.6,1.0,0.0,1.0,Tekna,Annet,0.0,,0,Aktiv,199532.0,190324,-9208,https://www.finn.no/mobility/item/453116923
Nissan Leaf,Nissan,Leaf,2018.0,93800.0,270.0,12.0,2.0,0.0,1.0,Tekna,Annet,1.0,Auto Fire AS,0,Aktiv,129900.0,120659,-9241,https://www.finn.no/mobility/item/452381578
Nissan Leaf,Nissan,Leaf,2021.0,82400.0,385.0,12.833333333333334,1.0,0.0,1.0,N-Connecta,Trøndelag,1.0,EC BIL OG FRITID AS,0,Aktiv,195000.0,185754,-9246,https://www.finn.no/mobility/item/446090718
Nissan Leaf,Nissan,Leaf,2022.0,53500.0,270.0,12.0,1.0,0.0,1.0,Tekna,Annet,1.0,ONSRUD AUTO GARDERMOEN AS,0,Aktiv,198900.0,189623,-9277,https://www.finn.no/mobility/item/450627842
Nissan Leaf,Nissan,Leaf,2018.0,67000.0,270.0,12.0,1.0,0.0,0.0,Tekna,Oslo/Akershus,1.0,FHM AUTOSPORT AS,0,Aktiv,146000.0,136721,-9279,https://www.finn.no/mobility/item/432029753
Nissan Leaf,Nissan,Leaf,2018.0,77400.0,270.0,12.0,1.0,0.0,0.0,Tekna,Vestland,1.0,AutoSwap AS,0,Aktiv,139800.0,130521,-9279,https://www.finn.no/mobility/item/447530094
Nissan Leaf,Nissan,Leaf,2021.0,55000.0,385.0,12.0,1.0,0.0,1.0,Ukjent,Annet,1.0,BILBUTIKKEN FROLAND AS,0,Aktiv,209900.0,200603,-9297,https://www.finn.no/mobility/item/447813871
Nissan Leaf,Nissan,Leaf,2024.0,19000.0,278.0,12.0,1.0,0.0,1.0,Ukjent,Oslo/Akershus,1.0,Oslo Bilsenter AS,0,Aktiv,238000.0,228586,-9414,https://www.finn.no/mobility/item/449518725
Nissan Leaf,Nissan,Leaf,2016.0,170000.0,270.0,12.0,2.0,0.0,0.0,Tekna,Annet,1.0,Resale AS,0,Aktiv,55000.0,45474,-9526,https://www.finn.no/mobility/item/449849487
Nissan Leaf,Nissan,Leaf,2018.0,96000.0,270.0,9.033333333333331,5.0,0.0,0.0,Tekna,Annet,0.0,,0,Aktiv,124532.0,114963,-9569,https://www.finn.no/mobility/item/453002168
Nissan Leaf,Nissan,Leaf,2024.0,6500.0,270.0,26.23333333333333,1.0,0.0,1.0,N-Connecta,Annet,0.0,,0,Aktiv,246505.0,236806,-9699,https://www.finn.no/mobility/item/451973073
Nissan Leaf,Nissan,Leaf,2020.0,49000.0,270.0,12.0,2.0,0.0,1.0,Ukjent,Østfold,1.0,Grandahl Bil AS avd. Sarpsborg,0,Aktiv,179000.0,169289,-9711,https://www.finn.no/mobility/item/441605315
Nissan Leaf,Nissan,Leaf,2022.0,95188.0,270.0,24.766666666666666,1.0,0.0,1.0,Ukjent,Vestland,1.0,Mobile Hønefoss AS,0,Aktiv,139000.0,129233,-9767,https://www.finn.no/mobility/item/451801845
Nissan Leaf,Nissan,Leaf,2024.0,31500.0,395.0,23.8,1.0,0.0,1.0,N-Connecta,Vestland,1.0,Mobile Hønefoss AS,0,Aktiv,269000.0,259223,-9777,https://www.finn.no/mobility/item/449782463
Nissan Leaf,Nissan,Leaf,2022.0,39250.0,385.0,7.866666666666666,1.0,0.0,0.0,Ukjent,Oslo/Akershus,0.0,,0,Aktiv,239532.0,229733,-9799,https://www.finn.no/mobility/item/451605722
Nissan Leaf,Nissan,Leaf,2020.0,59730.0,385.0,12.0,1.0,0.0,0.0,Tekna,Annet,1.0,Birger N. Haug Outlet Rud,0,Aktiv,199900.0,190095,-9805,https://www.finn.no/mobility/item/452349624
Nissan Leaf,Nissan,Leaf,2021.0,95000.0,385.0,12.0,2.0,0.0,1.0,Ukjent,Rogaland,1.0,Toyota Sørvest AS,0,Aktiv,189000.0,179163,-9837,https://www.finn.no/mobility/item/448188814
Nissan Leaf,Nissan,Leaf,2012.0,160000.0,270.0,2.933333333333333,2.0,0.0,0.0,Ukjent,Annet,0.0,,0,Aktiv,51942.0,42056,-9886,https://www.finn.no/mobility/item/449238926
Nissan Leaf,Nissan,Leaf,2020.0,27000.0,270.0,8.933333333333334,1.0,0.0,1.0,Tekna,Annet,1.0,Toyota Sunnmøre AS,0,Aktiv,185000.0,175070,-9930,https://www.finn.no/mobility/item/442852203
Nissan Leaf,Nissan,Leaf,2021.0,65000.0,270.0,12.0,1.0,0.0,1.0,Ukjent,Annet,1.0,Auto 8-8 Sildnes & Halaas AS Avd Salg Eide,0,Aktiv,169000.0,159036,-9964,https://www.finn.no/mobility/item/447250743
Nissan Leaf,Nissan,Leaf,2017.0,46000.0,270.0,12.0,1.0,0.0,0.0,Ukjent,Annet,1.0,Biltrend Tromsø AS,0,Aktiv,99098.0,88834,-10264,https://www.finn.no/mobility/item/453551279
Nissan Leaf,Nissan,Leaf,2018.0,236100.0,245.0,7.2,1.0,0.0,0.0,Ukjent,Oslo/Akershus,0.0,,0,Aktiv,84532.0,73933,-10599,https://www.finn.no/mobility/item/452900621
Nissan Leaf,Nissan,Leaf,2016.0,128000.0,270.0,12.0,1.0,0.0,1.0,Ukjent,Annet,1.0,BILHALLEN ULSTEINVIK AS,0,Aktiv,75000.0,64332,-10668,https://www.finn.no/mobility/item/452503606
Nissan Leaf,Nissan,Leaf,2016.0,112000.0,270.0,20.966666666666665,2.0,0.0,0.0,Ukjent,Vestfold/Telemark,0.0,,0,Aktiv,69000.0,58201,-10799,https://www.finn.no/mobility/item/452709391
Nissan Leaf,Nissan,Leaf,2015.0,115152.0,270.0,12.0,1.0,0.0,0.0,Tekna,Annet,1.0,AUTO SELECT AS,0,Aktiv,69990.0,59130,-10860,https://www.finn.no/mobility/item/436807420
Nissan Leaf,Nissan,Leaf,2021.0,73800.0,385.0,12.0,1.0,0.0,1.0,Tekna,Annet,1.0,Optimal Auto AS,0,Aktiv,199900.0,188991,-10909,https://www.finn.no/mobility/item/452647243
Nissan Leaf,Nissan,Leaf,2022.0,39900.0,385.0,12.0,1.0,0.0,1.0,Tekna,Oslo/Akershus,1.0,HANEBORG AUTO AS,0,Aktiv,238800.0,227864,-10936,https://www.finn.no/mobility/item/447591355
Nissan Leaf,Nissan,Leaf,2021.0,79000.0,385.0,12.0,2.0,0.0,1.0,Ukjent,Østfold,1.0,Grandahl Bil AS avd. Sarpsborg,0,Aktiv,199000.0,188022,-10978,https://www.finn.no/mobility/item/450646867
Nissan Leaf,Nissan,Leaf,2021.0,39133.0,270.0,12.0,1.0,0.0,1.0,Acenta,Trøndelag,1.0,Melhus Bil Trondheim AS,0,Aktiv,179900.0,168775,-11125,https://www.finn.no/mobility/item/453444415
Nissan Leaf,Nissan,Leaf,2021.0,49907.0,275.0,12.0,2.0,0.0,0.0,Ukjent,Rogaland,1.0,Bilsenteret Haugesund AS,0,Aktiv,189000.0,177795,-11205,https://www.finn.no/mobility/item/444776577
Nissan Leaf,Nissan,Leaf,2020.0,58589.0,270.0,24.166666666666668,2.0,0.0,0.0,Ukjent,Vestland,0.0,,0,Aktiv,159532.0,148285,-11247,https://www.finn.no/mobility/item/451438230
Nissan Leaf,Nissan,Leaf,2021.0,29000.0,270.0,12.0,1.0,0.0,0.0,Ukjent,Vestland,1.0,Motorarena AS,0,Aktiv,189000.0,177699,-11301,https://www.finn.no/mobility/item/449825613
Nissan Leaf,Nissan,Leaf,2019.0,101300.0,385.0,12.0,2.0,0.0,0.0,Ukjent,Rogaland,1.0,Bilsenteret Haugesund AS,0,Aktiv,179000.0,167634,-11366,https://www.finn.no/mobility/item/444776659
Nissan Leaf,Nissan,Leaf,2019.0,118756.0,270.0,11.8,2.0,0.0,0.0,N-Connecta,Annet,0.0,,0,Aktiv,135532.0,124140,-11392,https://www.finn.no/mobility/item/452861330
Nissan Leaf,Nissan,Leaf,2021.0,106100.0,385.0,12.0,2.0,0.0,1.0,Ukjent,Østfold,1.0,Bilbutikk1 AS | Selected,0,Aktiv,179000.0,167589,-11411,https://www.finn.no/mobility/item/441567140
Nissan Leaf,Nissan,Leaf,2020.0,52000.0,270.0,12.0,1.0,0.0,1.0,Tekna,Annet,1.0,Per Aaland AS,0,Aktiv,179000.0,167585,-11415,https://www.finn.no/mobility/item/436414408
Nissan Leaf,Nissan,Leaf,2013.0,101600.0,138.0,14.066666666666666,2.0,0.0,0.0,Ukjent,Rogaland,0.0,,0,Aktiv,50942.0,39517,-11425,https://www.finn.no/mobility/item/453358218
Nissan Leaf,Nissan,Leaf,2015.0,137698.0,120.0,12.0,2.0,0.0,1.0,Ukjent,Østfold,1.0,Hvaler Bruktbil AS,0,Aktiv,64900.0,53320,-11580,https://www.finn.no/mobility/item/447061053
Nissan Leaf,Nissan,Leaf,2018.0,89500.0,270.0,-1.0666666666666669,1.0,0.0,0.0,Tekna,Annet,0.0,,0,Aktiv,149532.0,137910,-11622,https://www.finn.no/mobility/item/447548734
Nissan Leaf,Nissan,Leaf,2015.0,144900.0,155.0,12.0,1.0,0.0,0.0,Ukjent,Østfold,1.0,Kjelvik Invest,0,Aktiv,67700.0,55990,-11710,https://www.finn.no/mobility/item/325593233
Nissan Leaf,Nissan,Leaf,2021.0,25943.0,270.0,12.0,2.0,0.0,1.0,Ukjent,Oslo/Akershus,1.0,Birger N. Haug AS avd. Oslo,0,Aktiv,229900.0,218161,-11739,https://www.finn.no/mobility/item/452369425
Nissan Leaf,Nissan,Leaf,2019.0,30310.0,285.0,12.0,1.0,0.0,1.0,Tekna,Annet,1.0,Nardo Bil AS Jaguar Land Rover,0,Aktiv,169900.0,158129,-11771,https://www.finn.no/mobility/item/449984879
Nissan Leaf,Nissan,Leaf,2023.0,35000.0,278.0,12.0,2.0,0.0,1.0,Ukjent,Rogaland,1.0,MOTRUM AS,0,Aktiv,229000.0,217195,-11805,https://www.finn.no/mobility/item/442967514
Nissan Leaf,Nissan,Leaf,2024.0,30333.0,278.0,25.6,1.0,0.0,1.0,N-Connecta,Annet,1.0,"Birger N. Haug, Hovinmovegen 6, 2060 Gardermoen",0,Aktiv,244990.0,233154,-11836,https://www.finn.no/mobility/item/440082120
Nissan Leaf,Nissan,Leaf,2018.0,102700.0,270.0,12.0,1.0,0.0,0.0,Ukjent,Annet,1.0,Slatlem Kristiansund,0,Aktiv,129000.0,117074,-11926,https://www.finn.no/mobility/item/435579458
Nissan Leaf,Nissan,Leaf,2021.0,66000.0,385.0,12.0,2.0,0.0,1.0,Ukjent,Østfold,1.0,Brennes Auto AS,0,Aktiv,205000.0,193021,-11979,https://www.finn.no/mobility/item/445800928
Nissan Leaf,Nissan,Leaf,2013.0,120000.0,100.0,12.0,2.0,0.0,0.0,Ukjent,Rogaland,1.0,MOTRUM AS,0,Aktiv,59000.0,46795,-12205,https://www.finn.no/mobility/item/394784681
Nissan Leaf,Nissan,Leaf,2021.0,31063.0,270.0,12.0,1.0,0.0,1.0,Ukjent,Trøndelag,1.0,Melhus Bil Trondheim AS,0,Aktiv,179900.0,167643,-12257,https://www.finn.no/mobility/item/453453882
Nissan Leaf,Nissan,Leaf,2016.0,158824.0,250.0,12.0,1.0,0.0,1.0,Ukjent,Vestland,1.0,Opus AS,0,Aktiv,69000.0,56700,-12300,https://www.finn.no/mobility/item/449788223
Nissan Leaf,Nissan,Leaf,2023.0,53750.0,385.0,12.0,1.0,0.0,1.0,Ukjent,Annet,1.0,GOL AUTO AS,0,Aktiv,259000.0,246683,-12317,https://www.finn.no/mobility/item/442893296
Nissan Leaf,Nissan,Leaf,2021.0,34850.0,385.0,12.866666666666667,2.0,0.0,1.0,N-Connecta,Trøndelag,1.0,tm bil,0,Aktiv,229434.0,216704,-12730,https://www.finn.no/mobility/item/422978192
Nissan Leaf,Nissan,Leaf,2022.0,40368.0,278.0,9.333333333333334,2.0,0.0,1.0,Ukjent,Vestfold/Telemark,1.0,Mobile Jarlsberg AS,0,Aktiv,209000.0,196266,-12734,https://www.finn.no/mobility/item/445249859
Nissan Leaf,Nissan,Leaf,2016.0,78000.0,270.0,22.933333333333334,2.0,0.0,1.0,Ukjent,Rogaland,1.0,Bilpaviljongen AS,0,Aktiv,98000.0,85166,-12834,https://www.finn.no/mobility/item/450299328
Nissan Leaf,Nissan,Leaf,2014.0,154000.0,270.0,12.0,2.0,0.0,1.0,Ukjent,Østfold,1.0,Sørlie Bil AS,0,Aktiv,55000.0,41915,-13085,https://www.finn.no/mobility/item/442181534
Nissan Leaf,Nissan,Leaf,2016.0,94511.0,270.0,17.966666666666665,1.0,0.0,1.0,Tekna,Trøndelag,1.0,tm bil,0,Aktiv,99434.0,86294,-13140,https://www.finn.no/mobility/item/423602340
Nissan Leaf,Nissan,Leaf,2021.0,15500.0,270.0,12.0,1.0,0.0,0.0,Ukjent,Vestland,1.0,Motorarena AS,0,Aktiv,199000.0,185817,-13183,https://www.finn.no/mobility/item/446154353
Nissan Leaf,Nissan,Leaf,2017.0,93655.0,270.0,16.1,1.0,0.0,0.0,Ukjent,Annet,1.0,Mobile Elverum AS,0,Aktiv,99000.0,85689,-13311,https://www.finn.no/mobility/item/439132534
Nissan Leaf,Nissan,Leaf,2021.0,79100.0,270.0,12.0,1.0,0.0,1.0,Ukjent,Trøndelag,1.0,Kristoffersen Bil AS,0,Aktiv,199900.0,186552,-13348,https://www.finn.no/mobility/item/442885292
Nissan Leaf,Nissan,Leaf,2022.0,27000.0,270.0,12.0,2.0,0.0,0.0,Ukjent,Rogaland,1.0,Bilsenteret Haugesund AS,0,Aktiv,219000.0,205435,-13565,https://www.finn.no/mobility/item/450303489
Nissan Leaf,Nissan,Leaf,2014.0,160000.0,270.0,12.0,2.0,0.0,1.0,Ukjent,Østfold,1.0,Sørlie Bil AS,0,Aktiv,55000.0,41353,-13647,https://www.finn.no/mobility/item/446254474
Nissan Leaf,Nissan,Leaf,2021.0,115803.0,270.0,24.066666666666663,1.0,0.0,0.0,Ukjent,Annet,1.0,Birger N. Haug Outlet Rud,0,Aktiv,149900.0,136132,-13768,https://www.finn.no/mobility/item/453477159
Nissan Leaf,Nissan,Leaf,2022.0,11500.0,278.0,12.0,1.0,0.0,1.0,Ukjent,Annet,1.0,Auto 8-8 Ålesund AS,0,Aktiv,218900.0,205112,-13788,https://www.finn.no/mobility/item/449519457
Nissan Leaf,Nissan,Leaf,2020.0,118226.0,380.0,12.0,1.0,0.0,1.0,Tekna,Nord-Norge,1.0,Flygt Bil AS,0,Aktiv,189900.0,176083,-13817,https://www.finn.no/mobility/item/450617746
Nissan Leaf,Nissan,Leaf,2017.0,29471.0,175.0,14.233333333333333,2.0,0.0,0.0,Ukjent,Annet,0.0,,0,Aktiv,108582.0,94706,-13876,https://www.finn.no/mobility/item/445535890
Nissan Leaf,Nissan,Leaf,2022.0,61775.0,385.0,12.0,1.0,0.0,1.0,Ukjent,Annet,1.0,Sulland Trondheim,0,Aktiv,229900.0,216010,-13890,https://www.finn.no/mobility/item/452380887
Nissan Leaf,Nissan,Leaf,2013.0,163800.0,270.0,12.0,2.0,0.0,0.0,Ukjent,Østfold,1.0,Grandahl Bil AS avd. Fredrikstad,0,Aktiv,54000.0,40097,-13903,https://www.finn.no/mobility/item/437073826
Nissan Leaf,Nissan,Leaf,2020.0,82000.0,385.0,12.0,3.0,0.0,1.0,Tekna,Nord-Norge,1.0,Norbil AS,0,Aktiv,199000.0,184707,-14293,https://www.finn.no/mobility/item/452379843
Nissan Leaf,Nissan,Leaf,2019.0,34100.0,270.0,17.133333333333333,2.0,0.0,1.0,Ukjent,Vestland,1.0,Mobile Drotningsvik,0,Aktiv,178900.0,164451,-14449,https://www.finn.no/mobility/item/452558587
Nissan Leaf,Nissan,Leaf,2016.0,128000.0,270.0,12.0,1.0,0.0,1.0,Ukjent,Annet,1.0,BILHALLEN ULSTEINVIK AS,0,Aktiv,79000.0,64332,-14668,https://www.finn.no/mobility/item/440503641
Nissan Leaf,Nissan,Leaf,2021.0,58100.0,385.0,21.966666666666665,1.0,0.0,1.0,Tekna,Vestland,1.0,Møller Bil Bruktbilsenter Bergen,0,Aktiv,209900.0,195229,-14671,https://www.finn.no/mobility/item/449995365
Nissan Leaf,Nissan,Leaf,2018.0,108000.0,270.0,12.0,1.0,0.0,1.0,N-Connecta,Annet,1.0,HERMANN BIL AS,0,Aktiv,139000.0,124210,-14790,https://www.finn.no/mobility/item/451326502
Nissan Leaf,Nissan,Leaf,2022.0,52179.0,270.0,1.1333333333333333,1.0,0.0,1.0,Tekna,Sørlandet,1.0,Gumpens Auto Vest AS,0,Aktiv,199000.0,183765,-15235,https://www.finn.no/mobility/item/447187811
Nissan Leaf,Nissan,Leaf,2018.0,39800.0,270.0,12.0,2.0,0.0,1.0,Ukjent,Oslo/Akershus,1.0,ØRA AUTO AS,0,Aktiv,169000.0,153429,-15571,https://www.finn.no/mobility/item/292475198
Nissan Leaf,Nissan,Leaf,2021.0,92500.0,385.0,12.0,1.0,0.0,1.0,N-Connecta,Annet,1.0,FHM AUTOSPORT AS,0,Aktiv,199000.0,183179,-15821,https://www.finn.no/mobility/item/397523328
Nissan Leaf,Nissan,Leaf,2020.0,13400.0,385.0,12.0,1.0,0.0,1.0,Tekna,Sørlandet,1.0,Rigetjønn Bil AS,0,Aktiv,239000.0,222928,-16072,https://www.finn.no/mobility/item/437987781
Nissan Leaf,Nissan,Leaf,2023.0,19533.0,396.0,12.0,1.0,0.0,0.0,Ukjent,Trøndelag,1.0,Auto 8-8 Trio AS,0,Aktiv,289000.0,272716,-16284,https://www.finn.no/mobility/item/442257622
Nissan Leaf,Nissan,Leaf,2023.0,12000.0,285.0,12.0,1.0,0.0,1.0,Ukjent,Rogaland,1.0,UNIBIL AS avd. Stavanger,0,Aktiv,229000.0,212020,-16980,https://www.finn.no/mobility/item/446405306
Nissan Leaf,Nissan,Leaf,2020.0,84573.0,385.0,7.466666666666667,2.0,0.0,0.0,Ukjent,Vestland,0.0,,0,Aktiv,199532.0,182303,-17229,https://www.finn.no/mobility/item/450822972
Nissan Leaf,Nissan,Leaf,2020.0,55124.0,385.0,12.0,1.0,0.0,1.0,N-Connecta,Nord-Norge,1.0,Teknisk Bureau Narvik,0,Aktiv,229000.0,211715,-17285,https://www.finn.no/mobility/item/438302035
Nissan Leaf,Nissan,Leaf,2025.0,6000.0,396.0,12.0,1.0,0.0,0.0,Ukjent,Annet,1.0,Ramseng Auto AS,0,Aktiv,339000.0,321520,-17480,https://www.finn.no/mobility/item/450278046
Nissan Leaf,Nissan,Leaf,2022.0,43997.0,278.0,9.233333333333333,2.0,0.0,1.0,Ukjent,Vestfold/Telemark,1.0,Mobile Jarlsberg AS,0,Aktiv,209000.0,191491,-17509,https://www.finn.no/mobility/item/445214337
Nissan Leaf,Nissan,Leaf,2020.0,166952.0,270.0,19.23333333333333,1.0,0.0,1.0,Acenta,Trøndelag,1.0,tm bil,0,Aktiv,139900.0,121328,-18572,https://www.finn.no/mobility/item/428769990
Nissan Leaf,Nissan,Leaf,2022.0,82150.0,396.0,12.0,1.0,0.0,1.0,Tekna,Nord-Norge,1.0,iBiln AS avd. Bodø,0,Aktiv,219900.0,200994,-18906,https://www.finn.no/mobility/item/453112305
Nissan Leaf,Nissan,Leaf,2020.0,82000.0,270.0,12.0,2.0,0.0,1.0,Ukjent,Østfold,1.0,Grandahl Bil AS avd. Sarpsborg,0,Aktiv,169000.0,149967,-19033,https://www.finn.no/mobility/item/411071449
Nissan Leaf,Nissan,Leaf,2018.0,145000.0,270.0,12.0,2.0,0.0,1.0,Ukjent,Rogaland,1.0,MOTRUM AS,0,Aktiv,129000.0,109562,-19438,https://www.finn.no/mobility/item/433262112
Nissan Leaf,Nissan,Leaf,2018.0,199000.0,270.0,23.8,1.0,0.0,0.0,Ukjent,Annet,0.0,,0,Aktiv,93532.0,73659,-19873,https://www.finn.no/mobility/item/451823735
Nissan Leaf,Nissan,Leaf,2023.0,44500.0,278.0,12.0,1.0,0.0,1.0,N-Connecta,Vestland,1.0,SPZ BIL AS,0,Aktiv,239900.0,219956,-19944,https://www.finn.no/mobility/item/449374668
Nissan Leaf,Nissan,Leaf,2023.0,40166.0,395.0,21.566666666666663,1.0,0.0,1.0,Ukjent,Annet,1.0,"Hovli Auto AS, Gol",0,Aktiv,269900.0,249613,-20287,https://www.finn.no/mobility/item/437852856
Nissan Leaf,Nissan,Leaf,2022.0,34600.0,270.0,12.0,1.0,0.0,1.0,Ukjent,Annet,1.0,Nardo Bil Sandmoen,0,Aktiv,219000.0,198341,-20659,https://www.finn.no/mobility/item/446240093
Nissan Leaf,Nissan,Leaf,2022.0,35000.0,270.0,12.0,1.0,0.0,1.0,Tekna,Annet,1.0,Auto 8-8 Ålesund AS,0,Aktiv,219000.0,198238,-20762,https://www.finn.no/mobility/item/445074316
Nissan Leaf,Nissan,Leaf,2019.0,87000.0,270.0,-2.5,1.0,0.0,1.0,Tekna,Nord-Norge,1.0,Sulland Tromsø,0,Aktiv,179000.0,158134,-20866,https://www.finn.no/mobility/item/441120616
Nissan Leaf,Nissan,Leaf,2022.0,43000.0,395.0,12.0,1.0,0.0,1.0,Ukjent,Annet,1.0,Steinkjer Bil AS,0,Aktiv,249000.0,228110,-20890,https://www.finn.no/mobility/item/453116071
Nissan Leaf,Nissan,Leaf,2018.0,69740.0,270.0,12.0,1.0,0.0,1.0,Ukjent,Rogaland,1.0,Egeland Auto AS,0,Aktiv,149000.0,127421,-21579,https://www.finn.no/mobility/item/445800124
Nissan Leaf,Nissan,Leaf,2016.0,112114.0,300.0,19.5,2.0,0.0,1.0,Tekna,Trøndelag,1.0,tm bil,0,Aktiv,94334.0,72104,-22230,https://www.finn.no/mobility/item/429892656
Nissan Leaf,Nissan,Leaf,2016.0,97300.0,188.0,3.533333333333333,3.0,0.0,0.0,Ukjent,Nord-Norge,0.0,,0,Aktiv,79532.0,55731,-23801,https://www.finn.no/mobility/item/450824993
Nissan Leaf,Nissan,Leaf,2021.0,73000.0,385.0,18.133333333333333,1.0,0.0,1.0,Tekna,Annet,0.0,,0,Aktiv,208532.0,184545,-23987,https://www.finn.no/mobility/item/451548192
Nissan Leaf,Nissan,Leaf,2022.0,20000.0,270.0,12.0,2.0,0.0,1.0,Ukjent,Østfold,1.0,RS BILMEGLING AS,0,Aktiv,239800.0,214355,-25445,https://www.finn.no/mobility/item/304263831
Nissan Leaf,Nissan,Leaf,2019.0,149000.0,270.0,12.0,2.0,0.0,1.0,Ukjent,Rogaland,1.0,AUTOLAND ROGALAND AS,0,Aktiv,129000.0,102394,-26606,https://www.finn.no/mobility/item/444838818
Nissan Leaf,Nissan,Leaf,2023.0,46000.0,278.0,12.0,1.0,0.0,1.0,Ukjent,Vestland,1.0,SPZ BIL AS,0,Aktiv,229900.0,202538,-27362,https://www.finn.no/mobility/item/450248197
Nissan Leaf,Nissan,Leaf,2021.0,65500.0,385.0,15.2,1.0,0.0,0.0,Ukjent,Annet,0.0,,0,Aktiv,219532.0,184438,-35094,https://www.finn.no/mobility/item/452997850
Nissan Leaf,Nissan,Leaf,2021.0,65843.0,385.0,15.866666666666667,6.0,0.0,1.0,Ukjent,Vestfold/Telemark,0.0,,0,Aktiv,230129.0,179272,-50857,https://www.finn.no/mobility/item/378301609
Nissan Leaf,Nissan,Leaf,2026.0,5.0,622.0,12.0,1.0,0.0,1.0,Ukjent,Annet,1.0,Birger N Haug avd. Rud,0,Aktiv,479900.0,396851,-83049,https://www.finn.no/mobility/item/444911442
Nissan Leaf,Nissan,Leaf,2018.0,158000.0,270.0,22.83333333333333,2.0,0.0,0.0,Ukjent,Annet,0.0,,0,Aktiv,209532.0,90743,-118789,https://www.finn.no/mobility/item/453488586
