finn_id,title,url,location,city,dealer_name,is_dealer,region,price_cleaned,year_cleaned,mileage_cleaned,battery_capacity_cleaned,effect_cleaned,range_km_cleaned,months_to_eu_cleaned,owners_cleaned,has_condition_issue,has_warranty,trim_level,first_seen_date,last_seen_date,status,car_make,car_model
452555274,Nissan Leaf,https://www.finn.no/mobility/item/452555274,Hetlevik,Hetlevik,,0.0,Vestland,54532.0,2016.0,110682.0,30.0,109.0,250.0,0.4,4.0,0.0,0.0,Ukjent,2026-03-03,2026-03-03,Aktiv,Nissan,Leaf
452055940,Nissan Leaf,https://www.finn.no/mobility/item/452055940,Hordvik,Hordvik,,0.0,Vestland,199505.0,2023.0,48000.0,39.0,150.0,270.0,20.9,1.0,0.0,1.0,Ukjent,2026-03-03,2026-03-03,Aktiv,Nissan,Leaf
359362990,Nissan Leaf,https://www.finn.no/mobility/item/359362990,Knarrevik,Knarrevik,,0.0,Vestland,120305.0,2018.0,107200.0,40.0,150.0,280.0,21.83333333333333,1.0,0.0,0.0,Ukjent,2026-03-03,2026-03-03,Aktiv,Nissan,Leaf
452974816,Nissan Leaf,https://www.finn.no/mobility/item/452974816,Indre Arna ∙ Oddvar Bjelde & Co AS,Indre Arna,Oddvar Bjelde & Co AS,1.0,Vestland,198800.0,2021.0,50100.0,62.0,215.0,385.0,20.1,2.0,0.0,1.0,Ukjent,2026-03-03,2026-03-03,Aktiv,Nissan,Leaf
452967122,Nissan Leaf,https://www.finn.no/mobility/item/452967122,Os,Os,,0.0,Vestland,12942.0,2014.0,125300.0,40.0,109.0,140.0,-1.9,3.0,0.0,0.0,Ukjent,2026-03-03,2026-03-03,Solgt/Inaktiv,Nissan,Leaf
452939776,Nissan Leaf,https://www.finn.no/mobility/item/452939776,"Førde ∙ Frydenbø Bil, Førde ± Halbrendsøyra",Førde,"Frydenbø Bil, Førde ± Halbrendsøyra",1.0,Vestland,209000.0,2023.0,32300.0,39.0,149.0,278.0,12.0,2.0,0.0,1.0,Ukjent,2026-03-03,2026-03-03,Aktiv,Nissan,Leaf
452854888,Nissan Leaf,https://www.finn.no/mobility/item/452854888,Isdalstø ∙ Vest Motor AS,Isdalstø,Vest Motor AS,1.0,Vestland,145000.0,2019.0,72220.0,40.0,150.0,270.0,12.0,1.0,0.0,0.0,Ukjent,2026-03-03,2026-03-03,Aktiv,Nissan,Leaf
452790047,Nissan Leaf,https://www.finn.no/mobility/item/452790047,Førde ∙ BRUKTBILSENTER AS,Førde,BRUKTBILSENTER AS,1.0,Vestland,59900.0,2016.0,73319.0,24.0,109.0,140.0,8.166666666666666,2.0,0.0,1.0,Ukjent,2026-03-03,2026-03-03,Aktiv,Nissan,Leaf
452779673,Nissan Leaf,https://www.finn.no/mobility/item/452779673,"Førde ∙ Frydenbø Bil, Førde ± Halbrendsøyra",Førde,"Frydenbø Bil, Førde ± Halbrendsøyra",1.0,Vestland,139000.0,2019.0,83300.0,39.0,149.0,270.0,12.0,2.0,0.0,1.0,Ukjent,2026-03-03,2026-03-03,Aktiv,Nissan,Leaf
452775207,Nissan Leaf,https://www.finn.no/mobility/item/452775207,Nesttun ∙ Autonett Bergen AS,Nesttun,Autonett Bergen AS,1.0,Vestland,239900.0,2023.0,30000.0,62.0,218.0,396.0,12.0,2.0,0.0,0.0,Ukjent,2026-03-03,2026-03-03,Aktiv,Nissan,Leaf
452774661,Nissan Leaf,https://www.finn.no/mobility/item/452774661,Ulset ∙ Car4Sale AS,Ulset,Car4Sale AS,1.0,Vestland,114900.0,2018.0,71000.0,40.0,150.0,270.0,12.0,2.0,0.0,1.0,Ukjent,2026-03-03,2026-03-03,Aktiv,Nissan,Leaf
452683165,Nissan Leaf,https://www.finn.no/mobility/item/452683165,Blomsterdalen ∙ Automegler1,Blomsterdalen,Automegler1,1.0,Vestland,189000.0,2021.0,66900.0,62.0,215.0,385.0,10.433333333333334,1.0,0.0,1.0,Ukjent,2026-03-03,2026-03-03,Aktiv,Nissan,Leaf
452710441,Nissan Leaf,https://www.finn.no/mobility/item/452710441,Blomsterdalen ∙ Bergen Bilformidling AS,Blomsterdalen,Bergen Bilformidling AS,1.0,Vestland,119000.0,2019.0,100500.0,40.0,150.0,270.0,12.0,2.0,0.0,1.0,Ukjent,2026-03-03,2026-03-03,Aktiv,Nissan,Leaf
452704707,Nissan Leaf,https://www.finn.no/mobility/item/452704707,Indre Arna ∙ MULTICYDE AS,Indre Arna,MULTICYDE AS,1.0,Vestland,44932.0,2015.0,160674.0,24.0,109.0,110.0,12.333333333333334,1.0,0.0,0.0,Ukjent,2026-03-03,2026-03-03,Aktiv,Nissan,Leaf
452685103,Nissan Leaf,https://www.finn.no/mobility/item/452685103,Nyborg ∙ Kverneland Bil AS | Ford Åsane,Nyborg,Kverneland Bil AS | Ford Åsane,1.0,Vestland,149000.0,2019.0,54000.0,39.0,149.0,270.0,12.0,2.0,0.0,1.0,Ukjent,2026-03-03,2026-03-03,Aktiv,Nissan,Leaf
447207988,Nissan Leaf,https://www.finn.no/mobility/item/447207988,Stord,Stord,,0.0,Rogaland,129532.0,2020.0,106855.0,40.0,150.0,270.0,21.066666666666663,1.0,0.0,0.0,Ukjent,2026-03-03,2026-03-03,Aktiv,Nissan,Leaf
452668612,Nissan Leaf,https://www.finn.no/mobility/item/452668612,Rubbestadneset,Rubbestadneset,,0.0,Rogaland,133532.0,2020.0,91000.0,40.0,150.0,270.0,7.933333333333334,1.0,0.0,0.0,Ukjent,2026-03-03,2026-03-03,Aktiv,Nissan,Leaf
452558587,Nissan Leaf,https://www.finn.no/mobility/item/452558587,Godvik ∙ Mobile Drotningsvik,Godvik,Mobile Drotningsvik,1.0,Vestland,178900.0,2019.0,34100.0,40.0,150.0,270.0,17.133333333333333,2.0,0.0,1.0,Ukjent,2026-03-03,2026-03-03,Aktiv,Nissan,Leaf
452535383,Nissan Leaf,https://www.finn.no/mobility/item/452535383,Hauglandshella,Hauglandshella,,0.0,Vestland,98532.0,2018.0,155293.0,40.0,150.0,270.0,9.033333333333331,3.0,0.0,0.0,Ukjent,2026-03-03,2026-03-03,Aktiv,Nissan,Leaf
452549867,Nissan Leaf,https://www.finn.no/mobility/item/452549867,Førde ∙ Opus AS,Førde,Opus AS,1.0,Vestland,69000.0,2016.0,128195.0,30.0,109.0,250.0,12.0,2.0,0.0,1.0,Ukjent,2026-03-03,2026-03-03,Aktiv,Nissan,Leaf
452500858,Nissan Leaf,https://www.finn.no/mobility/item/452500858,Blomsterdalen ∙ Bergen Bilcenter AS,Blomsterdalen,Bergen Bilcenter AS,1.0,Vestland,125000.0,2019.0,93000.0,40.0,150.0,270.0,12.0,2.0,0.0,0.0,Ukjent,2026-03-03,2026-03-03,Aktiv,Nissan,Leaf
452500781,Nissan Leaf,https://www.finn.no/mobility/item/452500781,Blomsterdalen ∙ Bergen Bilcenter AS,Blomsterdalen,Bergen Bilcenter AS,1.0,Vestland,125000.0,2018.0,75000.0,40.0,150.0,270.0,12.0,2.0,0.0,1.0,Ukjent,2026-03-03,2026-03-03,Aktiv,Nissan,Leaf
452500876,Nissan Leaf,https://www.finn.no/mobility/item/452500876,Blomsterdalen ∙ Bergen Bilcenter AS,Blomsterdalen,Bergen Bilcenter AS,1.0,Vestland,185000.0,2021.0,80000.0,40.0,218.0,385.0,12.0,2.0,0.0,0.0,Ukjent,2026-03-03,2026-03-03,Aktiv,Nissan,Leaf
452463363,Nissan Leaf,https://www.finn.no/mobility/item/452463363,Bremnes ∙ Digicarsale AS,Bremnes,Digicarsale AS,1.0,Rogaland,105000.0,2019.0,100500.0,40.0,150.0,270.0,12.0,2.0,0.0,0.0,Ukjent,2026-03-03,2026-03-03,Aktiv,Nissan,Leaf
438114627,Nissan Leaf,https://www.finn.no/mobility/item/438114627,Fana,Fana,,0.0,Vestland,149434.0,2021.0,55000.0,40.0,150.0,270.0,18.433333333333334,1.0,0.0,1.0,Ukjent,2026-03-03,2026-03-03,Aktiv,Nissan,Leaf
452349294,Nissan Leaf,https://www.finn.no/mobility/item/452349294,Kokstad ∙ Møller Bil Bruktbilsenter Bergen,Kokstad,Møller Bil Bruktbilsenter Bergen,1.0,Vestland,179900.0,2021.0,17600.0,40.0,150.0,270.0,16.966666666666665,2.0,0.0,1.0,Ukjent,2026-03-03,2026-03-03,Aktiv,Nissan,Leaf
452301149,Nissan Leaf,https://www.finn.no/mobility/item/452301149,Bergen ∙ Vestland Bil & Import AS,Bergen,Vestland Bil & Import AS,1.0,Vestland,144532.0,2022.0,91451.0,39.0,150.0,270.0,0.8,1.0,0.0,1.0,Ukjent,2026-03-03,2026-03-03,Aktiv,Nissan,Leaf
452229498,Nissan Leaf,https://www.finn.no/mobility/item/452229498,Brattholmen,Brattholmen,,0.0,Vestland,24942.0,2012.0,187477.0,40.0,109.0,270.0,0.9,1.0,0.0,0.0,Ukjent,2026-03-03,2026-03-03,Aktiv,Nissan,Leaf
446084186,Nissan Leaf,https://www.finn.no/mobility/item/446084186,Bønes,Bønes,,0.0,Vestland,113434.0,2018.0,119000.0,40.0,150.0,270.0,20.666666666666668,1.0,0.0,0.0,Ukjent,2026-03-03,2026-03-03,Aktiv,Nissan,Leaf
431822999,Nissan Leaf,https://www.finn.no/mobility/item/431822999,Os,Os,,0.0,Vestland,129890.0,2019.0,95000.0,40.0,150.0,270.0,12.4,2.0,0.0,0.0,Ukjent,2026-03-03,2026-03-03,Aktiv,Nissan,Leaf
432551869,Nissan Leaf,https://www.finn.no/mobility/item/432551869,Rådal,Rådal,,0.0,Vestland,34900.0,2012.0,107620.0,24.0,109.0,90.0,20.8,6.0,0.0,0.0,Ukjent,2026-03-03,2026-03-03,Aktiv,Nissan,Leaf
451945542,Nissan Leaf,https://www.finn.no/mobility/item/451945542,Kokstad ∙ Møller Bil Bruktbilsenter Bergen,Kokstad,Møller Bil Bruktbilsenter Bergen,1.0,Vestland,174900.0,2022.0,50300.0,39.0,150.0,278.0,5.733333333333333,2.0,0.0,1.0,Ukjent,2026-03-03,2026-03-03,Aktiv,Nissan,Leaf
451920189,Nissan Leaf,https://www.finn.no/mobility/item/451920189,Vik i Sogn,Vik i Sogn,,0.0,Vestland,144532.0,2020.0,22750.0,40.0,150.0,270.0,19.9,2.0,0.0,0.0,Ukjent,2026-03-03,2026-03-03,Aktiv,Nissan,Leaf
451617666,Nissan Leaf,https://www.finn.no/mobility/item/451617666,Nyborg ∙ Kverneland Bil AS | Ford Åsane,Nyborg,Kverneland Bil AS | Ford Åsane,1.0,Vestland,109000.0,2018.0,104200.0,39.0,149.0,270.0,12.0,2.0,0.0,1.0,Ukjent,2026-03-03,2026-03-03,Aktiv,Nissan,Leaf
451611149,Nissan Leaf,https://www.finn.no/mobility/item/451611149,Fyllingsdalen ∙ AutoSwap AS,Fyllingsdalen,AutoSwap AS,1.0,Vestland,219800.0,2024.0,26900.0,40.0,150.0,278.0,12.0,2.0,0.0,1.0,Ukjent,2026-03-03,2026-03-03,Aktiv,Nissan,Leaf
451438230,Nissan Leaf,https://www.finn.no/mobility/item/451438230,Nesttun,Nesttun,,0.0,Vestland,159532.0,2020.0,58589.0,40.0,150.0,270.0,24.166666666666668,2.0,0.0,0.0,Ukjent,2026-03-03,2026-03-03,Aktiv,Nissan,Leaf
451418086,Nissan Leaf,https://www.finn.no/mobility/item/451418086,Espeland,Espeland,,0.0,Vestland,89532.0,2018.0,156544.0,40.0,150.0,270.0,16.633333333333333,8.0,0.0,0.0,Ukjent,2026-03-03,2026-03-03,Aktiv,Nissan,Leaf
451342778,Nissan Leaf,https://www.finn.no/mobility/item/451342778,Nesttun ∙ 7 Fjell Bil Vest AS,Nesttun,7 Fjell Bil Vest AS,1.0,Vestland,229000.0,2022.0,26700.0,62.0,218.0,395.0,12.0,2.0,0.0,1.0,Ukjent,2026-03-03,2026-03-03,Aktiv,Nissan,Leaf
451307221,Nissan Leaf,https://www.finn.no/mobility/item/451307221,Rådal ∙ BILHUB AS,Rådal,BILHUB AS,1.0,Vestland,179000.0,2021.0,84961.0,62.0,218.0,385.0,12.0,2.0,0.0,1.0,Ukjent,2026-03-03,2026-03-03,Aktiv,Nissan,Leaf
442523970,Nissan Leaf,https://www.finn.no/mobility/item/442523970,Bønes,Bønes,,0.0,Vestland,123434.0,2018.0,42011.0,40.0,150.0,270.0,23.266666666666666,1.0,0.0,0.0,Ukjent,2026-03-03,2026-03-03,Aktiv,Nissan,Leaf
442718961,Nissan Leaf,https://www.finn.no/mobility/item/442718961,Øvre Ervik,Øvre Ervik,,0.0,Vestland,39900.0,2012.0,125219.0,24.0,109.0,270.0,8.266666666666667,7.0,0.0,0.0,Ukjent,2026-03-03,2026-03-03,Aktiv,Nissan,Leaf
450917952,Nissan Leaf,https://www.finn.no/mobility/item/450917952,Nyborg ∙ Kverneland Bil AS | Ford Åsane,Nyborg,Kverneland Bil AS | Ford Åsane,1.0,Vestland,189000.0,2022.0,43900.0,39.0,149.0,270.0,12.0,2.0,0.0,1.0,Ukjent,2026-03-03,2026-03-03,Aktiv,Nissan,Leaf
450822972,Nissan Leaf,https://www.finn.no/mobility/item/450822972,Knarrevik,Knarrevik,,0.0,Vestland,199532.0,2020.0,84573.0,62.0,215.0,385.0,7.466666666666667,2.0,0.0,0.0,Ukjent,2026-03-03,2026-03-03,Aktiv,Nissan,Leaf
450789584,Nissan Leaf,https://www.finn.no/mobility/item/450789584,Nesttun ∙ Autonett Bergen AS,Nesttun,Autonett Bergen AS,1.0,Vestland,219900.0,2023.0,19000.0,40.0,150.0,278.0,12.0,2.0,0.0,1.0,Ukjent,2026-03-03,2026-03-03,Aktiv,Nissan,Leaf
448353301,Nissan Leaf,https://www.finn.no/mobility/item/448353301,Kleppestø,Kleppestø,,0.0,Vestland,133532.0,2018.0,86500.0,40.0,150.0,270.0,22.866666666666667,2.0,0.0,0.0,Ukjent,2026-03-03,2026-03-03,Aktiv,Nissan,Leaf
452832605,Nissan Leaf,https://www.finn.no/mobility/item/452832605,Revetal ∙ Auksjonen.No AS,Revetal,Auksjonen.No AS,1.0,Vestfold/Telemark,29432.0,2016.0,182000.0,40.0,109.0,270.0,12.0,2.0,0.0,0.0,Ukjent,2026-03-03,2026-03-03,Solgt/Inaktiv,Nissan,Leaf
452510185,Nissan Leaf,https://www.finn.no/mobility/item/452510185,Sem ∙ Auksjonen.No AS,Sem,Auksjonen.No AS,1.0,Vestfold/Telemark,99532.0,2018.0,95817.0,40.0,150.0,270.0,12.0,2.0,0.0,0.0,Ukjent,2026-03-03,2026-03-03,Aktiv,Nissan,Leaf
452422651,Nissan Leaf,https://www.finn.no/mobility/item/452422651,Revetal ∙ Auksjonen.No AS,Revetal,Auksjonen.No AS,1.0,Vestfold/Telemark,109432.0,2020.0,164000.0,40.0,215.0,270.0,12.0,2.0,0.0,0.0,Ukjent,2026-03-03,2026-03-03,Solgt/Inaktiv,Nissan,Leaf
452421604,Nissan Leaf,https://www.finn.no/mobility/item/452421604,Revetal ∙ Auksjonen.No AS,Revetal,Auksjonen.No AS,1.0,Vestfold/Telemark,89432.0,2018.0,173000.0,40.0,150.0,270.0,12.0,2.0,0.0,0.0,Ukjent,2026-03-03,2026-03-03,Solgt/Inaktiv,Nissan,Leaf
442895361,Nissan Leaf,https://www.finn.no/mobility/item/442895361,Oslo ∙ Birger N. Haug AS avd. Oslo,Oslo,Birger N. Haug AS avd. Oslo,1.0,Oslo/Akershus,189900.0,2020.0,61058.0,62.0,215.0,385.0,9.5,2.0,0.0,1.0,Ukjent,2026-03-03,2026-03-03,Aktiv,Nissan,Leaf
453028925,Nissan Leaf,https://www.finn.no/mobility/item/453028925,Oslo,Oslo,,0.0,Oslo/Akershus,129532.0,2020.0,65200.0,40.0,150.0,270.0,12.366666666666667,3.0,0.0,0.0,Ukjent,2026-03-03,2026-03-03,Aktiv,Nissan,Leaf
453003833,Nissan Leaf,https://www.finn.no/mobility/item/453003833,Oslo ∙ AVP BIL AS,Oslo,AVP BIL AS,1.0,Oslo/Akershus,69900.0,2018.0,195700.0,40.0,150.0,270.0,12.0,2.0,0.0,1.0,Ukjent,2026-03-03,2026-03-03,Aktiv,Nissan,Leaf
452978243,Nissan Leaf,https://www.finn.no/mobility/item/452978243,Oslo ∙ Rebil Salgshjelp,Oslo,Rebil Salgshjelp,1.0,Oslo/Akershus,72532.0,2017.0,88500.0,40.0,109.0,250.0,12.0,2.0,0.0,0.0,Ukjent,2026-03-03,2026-03-03,Aktiv,Nissan,Leaf
452900621,Nissan Leaf,https://www.finn.no/mobility/item/452900621,Oslo,Oslo,,0.0,Oslo/Akershus,84532.0,2018.0,236100.0,40.0,150.0,245.0,7.2,1.0,0.0,0.0,Ukjent,2026-03-03,2026-03-03,Aktiv,Nissan,Leaf
452709391,Nissan Leaf,https://www.finn.no/mobility/item/452709391,Sandefjord,Sandefjord,,0.0,Vestfold/Telemark,69000.0,2016.0,112000.0,30.0,109.0,270.0,20.966666666666665,2.0,0.0,0.0,Ukjent,2026-03-03,2026-03-03,Aktiv,Nissan,Leaf
452694845,Nissan Leaf,https://www.finn.no/mobility/item/452694845,Oslo ∙ Mobile Skøyen AS,Oslo,Mobile Skøyen AS,1.0,Oslo/Akershus,169800.0,2022.0,37066.0,40.0,150.0,285.0,9.266666666666667,2.0,0.0,1.0,Ukjent,2026-03-03,2026-03-03,Aktiv,Nissan,Leaf
451432023,Nissan Leaf,https://www.finn.no/mobility/item/451432023,Sandefjord ∙ GreenDrive,Sandefjord,GreenDrive,1.0,Vestfold/Telemark,84432.0,2017.0,54300.0,30.0,109.0,250.0,11.1,2.0,0.0,0.0,Ukjent,2026-03-03,2026-03-03,Aktiv,Nissan,Leaf
452602505,Nissan Leaf,https://www.finn.no/mobility/item/452602505,Sem ∙ Bil og Del AS,Sem,Bil og Del AS,1.0,Vestfold/Telemark,19942.0,2012.0,127300.0,40.0,109.0,270.0,12.0,2.0,0.0,0.0,Ukjent,2026-03-03,2026-03-03,Aktiv,Nissan,Leaf
452491288,Nissan Leaf,https://www.finn.no/mobility/item/452491288,Oslo,Oslo,,0.0,Oslo/Akershus,139982.0,2019.0,44817.0,40.0,150.0,270.0,19.166666666666668,1.0,0.0,0.0,Ukjent,2026-03-03,2026-03-03,Aktiv,Nissan,Leaf
452442144,Nissan Leaf,https://www.finn.no/mobility/item/452442144,Larvik ∙ All-Star Company AS,Larvik,All-Star Company AS,1.0,Vestfold/Telemark,128800.0,2020.0,132200.0,40.0,150.0,270.0,12.0,1.0,0.0,0.0,Ukjent,2026-03-03,2026-03-03,Aktiv,Nissan,Leaf
452378889,Nissan Leaf,https://www.finn.no/mobility/item/452378889,Oslo ∙ Rebil,Oslo,Rebil,1.0,Oslo/Akershus,189000.0,2022.0,28500.0,40.0,150.0,270.0,12.0,1.0,0.0,1.0,Ukjent,2026-03-03,2026-03-03,Aktiv,Nissan,Leaf
452369425,Nissan Leaf,https://www.finn.no/mobility/item/452369425,Oslo ∙ Birger N. Haug AS avd. Oslo,Oslo,Birger N. Haug AS avd. Oslo,1.0,Oslo/Akershus,229900.0,2021.0,25943.0,62.0,215.0,270.0,12.0,2.0,0.0,1.0,Ukjent,2026-03-03,2026-03-03,Aktiv,Nissan,Leaf
445913769,Nissan Leaf,https://www.finn.no/mobility/item/445913769,Oslo ∙ Birger N. Haug AS avd. Oslo,Oslo,Birger N. Haug AS avd. Oslo,1.0,Oslo/Akershus,227900.0,2022.0,35929.0,59.0,218.0,395.0,10.0,2.0,0.0,1.0,Ukjent,2026-03-03,2026-03-03,Aktiv,Nissan,Leaf
378301609,Nissan Leaf,https://www.finn.no/mobility/item/378301609,Sandefjord,Sandefjord,,0.0,Vestfold/Telemark,230129.0,2021.0,65843.0,62.0,215.0,385.0,15.866666666666667,6.0,0.0,1.0,Ukjent,2026-03-03,2026-03-03,Aktiv,Nissan,Leaf
452253479,Nissan Leaf,https://www.finn.no/mobility/item/452253479,Oslo,Oslo,,0.0,Oslo/Akershus,64499.0,2016.0,89300.0,40.0,109.0,199.0,2.6333333333333333,2.0,0.0,0.0,Ukjent,2026-03-03,2026-03-03,Aktiv,Nissan,Leaf
452235757,Nissan Leaf,https://www.finn.no/mobility/item/452235757,Sandefjord ∙ BREILI AUTOSALG AS,Sandefjord,BREILI AUTOSALG AS,1.0,Vestfold/Telemark,49000.0,2015.0,99852.0,24.0,109.0,120.0,16.133333333333333,3.0,0.0,1.0,Ukjent,2026-03-03,2026-03-03,Aktiv,Nissan,Leaf
452054395,Nissan Leaf,https://www.finn.no/mobility/item/452054395,Sem ∙ Mobile Jarlsberg AS,Sem,Mobile Jarlsberg AS,1.0,Vestfold/Telemark,130000.0,2019.0,100800.0,40.0,150.0,270.0,12.5,2.0,0.0,1.0,Ukjent,2026-03-03,2026-03-03,Aktiv,Nissan,Leaf
451953016,Nissan Leaf,https://www.finn.no/mobility/item/451953016,Larvik ∙ Mobile Larvik AS,Larvik,Mobile Larvik AS,1.0,Vestfold/Telemark,189000.0,2022.0,50909.0,39.0,150.0,270.0,0.7,2.0,0.0,1.0,Ukjent,2026-03-03,2026-03-03,Aktiv,Nissan,Leaf
451861015,Nissan Leaf,https://www.finn.no/mobility/item/451861015,Oslo,Oslo,,0.0,Oslo/Akershus,38000.0,2013.0,83000.0,24.0,109.0,150.0,8.266666666666667,14.0,0.0,0.0,Ukjent,2026-03-03,2026-03-03,Aktiv,Nissan,Leaf
451807368,Nissan Leaf,https://www.finn.no/mobility/item/451807368,Sem ∙ Mobile Auto Vestfold AS,Sem,Mobile Auto Vestfold AS,1.0,Vestfold/Telemark,164500.0,2022.0,17350.0,39.0,150.0,285.0,8.3,2.0,0.0,1.0,Ukjent,2026-03-03,2026-03-03,Aktiv,Nissan,Leaf
451774836,Nissan Leaf,https://www.finn.no/mobility/item/451774836,Sandefjord ∙ SENTRUM AUTO AS,Sandefjord,SENTRUM AUTO AS,1.0,Vestfold/Telemark,155000.0,2020.0,77100.0,39.0,149.0,270.0,12.0,2.0,0.0,1.0,Ukjent,2026-03-03,2026-03-03,Aktiv,Nissan,Leaf
451717766,Nissan Leaf,https://www.finn.no/mobility/item/451717766,Oslo,Oslo,,0.0,Oslo/Akershus,119532.0,2018.0,104580.0,40.0,150.0,270.0,8.033333333333333,3.0,0.0,0.0,Ukjent,2026-03-03,2026-03-03,Aktiv,Nissan,Leaf
451633192,Nissan Leaf,https://www.finn.no/mobility/item/451633192,Oslo ∙ CARHOUSE AS,Oslo,CARHOUSE AS,1.0,Oslo/Akershus,89000.0,2018.0,145000.0,40.0,150.0,270.0,12.0,2.0,0.0,0.0,Ukjent,2026-03-03,2026-03-03,Aktiv,Nissan,Leaf
451615478,Nissan Leaf,https://www.finn.no/mobility/item/451615478,Oslo ∙ Stor-Oslo Outlet,Oslo,Stor-Oslo Outlet,1.0,Oslo/Akershus,219000.0,2024.0,37000.0,39.0,150.0,270.0,12.0,2.0,0.0,1.0,Ukjent,2026-03-03,2026-03-03,Aktiv,Nissan,Leaf
449332859,Nissan Leaf,https://www.finn.no/mobility/item/449332859,Tolvsrød,Tolvsrød,,0.0,Vestfold/Telemark,30442.0,2012.0,99613.0,40.0,109.0,270.0,15.966666666666669,3.0,0.0,0.0,Ukjent,2026-03-03,2026-03-03,Aktiv,Nissan,Leaf
451605722,Nissan Leaf,https://www.finn.no/mobility/item/451605722,Oslo,Oslo,,0.0,Oslo/Akershus,239532.0,2022.0,39250.0,62.0,215.0,385.0,7.866666666666666,1.0,0.0,0.0,Ukjent,2026-03-03,2026-03-03,Aktiv,Nissan,Leaf
451528522,Nissan Leaf,https://www.finn.no/mobility/item/451528522,Oslo,Oslo,,0.0,Oslo/Akershus,16942.0,2012.0,134000.0,40.0,109.0,270.0,1.1666666666666667,4.0,0.0,0.0,Ukjent,2026-03-03,2026-03-03,Aktiv,Nissan,Leaf
451546128,Nissan Leaf,https://www.finn.no/mobility/item/451546128,Oslo,Oslo,,0.0,Oslo/Akershus,84532.0,2018.0,153500.0,40.0,150.0,270.0,7.0,3.0,0.0,0.0,Ukjent,2026-03-03,2026-03-03,Aktiv,Nissan,Leaf
451505032,Nissan Leaf,https://www.finn.no/mobility/item/451505032,Larvik ∙ Mobile Larvik AS,Larvik,Mobile Larvik AS,1.0,Vestfold/Telemark,179000.0,2022.0,10000.0,39.0,150.0,285.0,10.0,2.0,0.0,1.0,Ukjent,2026-03-03,2026-03-03,Aktiv,Nissan,Leaf
451376591,Nissan Leaf,https://www.finn.no/mobility/item/451376591,Oslo,Oslo,,0.0,Oslo/Akershus,19942.0,2013.0,110066.0,40.0,109.0,270.0,-0.5,3.0,0.0,0.0,Ukjent,2026-03-03,2026-03-03,Aktiv,Nissan,Leaf
451333967,Nissan Leaf,https://www.finn.no/mobility/item/451333967,Larvik ∙ Mobile Larvik AS,Larvik,Mobile Larvik AS,1.0,Vestfold/Telemark,119000.0,2018.0,116945.0,40.0,150.0,270.0,17.866666666666667,2.0,0.0,1.0,Ukjent,2026-03-03,2026-03-03,Aktiv,Nissan,Leaf
450878359,Nissan Leaf,https://www.finn.no/mobility/item/450878359,Oslo ∙ Oslo Varebil Spesialisten AS,Oslo,Oslo Varebil Spesialisten AS,1.0,Oslo/Akershus,139500.0,2022.0,58000.0,40.0,150.0,270.0,12.0,2.0,0.0,0.0,Ukjent,2026-03-03,2026-03-03,Aktiv,Nissan,Leaf
450818043,Nissan Leaf,https://www.finn.no/mobility/item/450818043,Oslo,Oslo,,0.0,Oslo/Akershus,124532.0,2019.0,140000.0,40.0,150.0,270.0,12.866666666666667,1.0,0.0,0.0,Ukjent,2026-03-03,2026-03-03,Aktiv,Nissan,Leaf
450755482,Nissan Leaf,https://www.finn.no/mobility/item/450755482,Sem,Sem,,0.0,Vestfold/Telemark,134532.0,2020.0,153948.0,62.0,150.0,385.0,8.9,2.0,0.0,0.0,Ukjent,2026-03-03,2026-03-03,Aktiv,Nissan,Leaf
450680179,Nissan Leaf,https://www.finn.no/mobility/item/450680179,Stokke ∙ Tintline Autocenter AS,Stokke,Tintline Autocenter AS,1.0,Vestfold/Telemark,149000.0,2021.0,95045.0,40.0,150.0,270.0,12.0,2.0,0.0,1.0,Ukjent,2026-03-03,2026-03-03,Aktiv,Nissan,Leaf
438586342,Nissan Leaf,https://www.finn.no/mobility/item/438586342,Melsomvik,Melsomvik,,0.0,Vestfold/Telemark,169434.0,2021.0,27500.0,40.0,150.0,270.0,21.666666666666668,1.0,0.0,1.0,Ukjent,2026-03-03,2026-03-03,Aktiv,Nissan,Leaf
450448978,Nissan Leaf,https://www.finn.no/mobility/item/450448978,Larvik ∙ Mobile Larvik AS,Larvik,Mobile Larvik AS,1.0,Vestfold/Telemark,179000.0,2022.0,16000.0,39.0,150.0,285.0,10.0,2.0,0.0,1.0,Ukjent,2026-03-03,2026-03-03,Aktiv,Nissan,Leaf
450427542,Nissan Leaf,https://www.finn.no/mobility/item/450427542,Tønsberg ∙ Møller Bil Tønsberg,Tønsberg,Møller Bil Tønsberg,1.0,Vestfold/Telemark,239000.0,2023.0,25765.0,59.0,218.0,395.0,13.733333333333333,2.0,0.0,1.0,Ukjent,2026-03-03,2026-03-03,Aktiv,Nissan,Leaf
447924621,Nissan Leaf,https://www.finn.no/mobility/item/447924621,Oslo,Oslo,,0.0,Oslo/Akershus,30242.0,2013.0,113015.0,24.0,109.0,136.0,11.1,1.0,0.0,0.0,Ukjent,2026-03-03,2026-03-03,Aktiv,Nissan,Leaf
446552805,Nissan Leaf,https://www.finn.no/mobility/item/446552805,Oslo,Oslo,,0.0,Oslo/Akershus,28942.0,2012.0,86000.0,40.0,109.0,270.0,17.833333333333332,8.0,0.0,0.0,Ukjent,2026-03-03,2026-03-03,Aktiv,Nissan,Leaf
450411430,Nissan Leaf,https://www.finn.no/mobility/item/450411430,Oslo ∙ Mobile Skøyen AS,Oslo,Mobile Skøyen AS,1.0,Oslo/Akershus,269000.0,2024.0,20818.0,59.0,218.0,395.0,23.8,2.0,0.0,1.0,Ukjent,2026-03-03,2026-03-03,Aktiv,Nissan,Leaf
450275517,Nissan Leaf,https://www.finn.no/mobility/item/450275517,Oslo ∙ Mobile Skøyen AS,Oslo,Mobile Skøyen AS,1.0,Oslo/Akershus,172900.0,2022.0,19889.0,39.0,150.0,285.0,9.233333333333333,2.0,0.0,1.0,Ukjent,2026-03-03,2026-03-03,Aktiv,Nissan,Leaf
450141287,Nissan Leaf,https://www.finn.no/mobility/item/450141287,Tønsberg ∙ Car4Sale AS,Tønsberg,Car4Sale AS,1.0,Vestfold/Telemark,189900.0,2022.0,97500.0,62.0,218.0,385.0,12.0,1.0,0.0,1.0,Ukjent,2026-03-03,2026-03-03,Aktiv,Nissan,Leaf
450069228,Nissan Leaf,https://www.finn.no/mobility/item/450069228,Oslo,Oslo,,0.0,Oslo/Akershus,184532.0,2022.0,22000.0,39.0,150.0,270.0,8.366666666666667,1.0,0.0,1.0,Ukjent,2026-03-03,2026-03-03,Aktiv,Nissan,Leaf
444717268,Nissan Leaf,https://www.finn.no/mobility/item/444717268,Tønsberg,Tønsberg,,0.0,Vestfold/Telemark,134532.0,2021.0,158000.0,62.0,218.0,385.0,19.966666666666665,2.0,0.0,0.0,Ukjent,2026-03-03,2026-03-03,Aktiv,Nissan,Leaf
375660307,Nissan Leaf,https://www.finn.no/mobility/item/375660307,Holmestrand,Holmestrand,,0.0,Vestfold/Telemark,90305.0,2018.0,162000.0,40.0,150.0,270.0,0.8,2.0,0.0,0.0,Ukjent,2026-03-03,2026-03-03,Aktiv,Nissan,Leaf
449518725,Nissan Leaf,https://www.finn.no/mobility/item/449518725,Oslo ∙ Oslo Bilsenter AS,Oslo,Oslo Bilsenter AS,1.0,Oslo/Akershus,238000.0,2024.0,19000.0,40.0,150.0,278.0,12.0,1.0,0.0,1.0,Ukjent,2026-03-03,2026-03-03,Aktiv,Nissan,Leaf
449344088,Nissan Leaf,https://www.finn.no/mobility/item/449344088,Oslo ∙ Mobile Skøyen AS,Oslo,Mobile Skøyen AS,1.0,Oslo/Akershus,218900.0,2024.0,20269.0,39.0,150.0,278.0,25.133333333333333,2.0,0.0,1.0,Ukjent,2026-03-03,2026-03-03,Aktiv,Nissan,Leaf
444288427,Nissan Leaf,https://www.finn.no/mobility/item/444288427,Oslo,Oslo,,0.0,Oslo/Akershus,199900.0,2022.0,51000.0,62.0,215.0,385.0,3.466666666666667,2.0,0.0,1.0,Ukjent,2026-03-03,2026-03-03,Aktiv,Nissan,Leaf
449156626,Nissan Leaf,https://www.finn.no/mobility/item/449156626,Oslo,Oslo,,0.0,Oslo/Akershus,39982.0,2015.0,137885.0,24.0,109.0,270.0,8.933333333333334,3.0,0.0,0.0,Ukjent,2026-03-03,2026-03-03,Aktiv,Nissan,Leaf
448810598,Nissan Leaf,https://www.finn.no/mobility/item/448810598,Sandefjord,Sandefjord,,0.0,Vestfold/Telemark,145000.0,2018.0,42500.0,40.0,150.0,270.0,2.8,2.0,0.0,0.0,Ukjent,2026-03-03,2026-03-03,Aktiv,Nissan,Leaf
448950023,Nissan Leaf,https://www.finn.no/mobility/item/448950023,Holmestrand,Holmestrand,,0.0,Vestfold/Telemark,169532.0,2020.0,53714.0,62.0,215.0,385.0,6.7,1.0,0.0,0.0,Ukjent,2026-03-03,2026-03-03,Aktiv,Nissan,Leaf
448710392,Nissan Leaf,https://www.finn.no/mobility/item/448710392,Oslo,Oslo,,0.0,Oslo/Akershus,95000.0,2018.0,110000.0,40.0,150.0,270.0,3.933333333333333,2.0,0.0,0.0,Ukjent,2026-03-03,2026-03-03,Solgt/Inaktiv,Nissan,Leaf
448810420,Nissan Leaf,https://www.finn.no/mobility/item/448810420,Oslo ∙ Mobile Skøyen AS,Oslo,Mobile Skøyen AS,1.0,Oslo/Akershus,198900.0,2022.0,33871.0,39.0,150.0,278.0,10.033333333333331,2.0,0.0,1.0,Ukjent,2026-03-03,2026-03-03,Aktiv,Nissan,Leaf
435277285,Nissan Leaf,https://www.finn.no/mobility/item/435277285,Oslo,Oslo,,0.0,Oslo/Akershus,175000.0,2019.0,79274.0,62.0,215.0,385.0,17.133333333333333,2.0,0.0,0.0,Ukjent,2026-03-03,2026-03-03,Aktiv,Nissan,Leaf
448370837,Nissan Leaf,https://www.finn.no/mobility/item/448370837,Holmestrand ∙ Toppen Bil AS,Holmestrand,Toppen Bil AS,1.0,Vestfold/Telemark,159000.0,2020.0,29000.0,40.0,150.0,270.0,12.0,1.0,0.0,1.0,Ukjent,2026-03-03,2026-03-03,Aktiv,Nissan,Leaf
448261467,Nissan Leaf,https://www.finn.no/mobility/item/448261467,Oslo ∙ Pro Bilsalg AS,Oslo,Pro Bilsalg AS,1.0,Oslo/Akershus,128900.0,2018.0,77000.0,40.0,150.0,270.0,12.0,2.0,0.0,0.0,Ukjent,2026-03-03,2026-03-03,Aktiv,Nissan,Leaf
448213637,Nissan Leaf,https://www.finn.no/mobility/item/448213637,Oslo ∙ Mobile Skøyen AS,Oslo,Mobile Skøyen AS,1.0,Oslo/Akershus,228900.0,2024.0,17869.0,39.0,150.0,278.0,28.4,2.0,0.0,1.0,Ukjent,2026-03-03,2026-03-03,Aktiv,Nissan,Leaf
448115893,Nissan Leaf,https://www.finn.no/mobility/item/448115893,Oslo ∙ A AUTO AS,Oslo,A AUTO AS,1.0,Oslo/Akershus,94990.0,2018.0,151000.0,40.0,150.0,270.0,12.0,1.0,0.0,0.0,Ukjent,2026-03-03,2026-03-03,Aktiv,Nissan,Leaf
447754681,Nissan Leaf,https://www.finn.no/mobility/item/447754681,Oslo,Oslo,,0.0,Oslo/Akershus,79532.0,2018.0,203669.0,40.0,150.0,270.0,19.366666666666667,1.0,0.0,0.0,Ukjent,2026-03-03,2026-03-03,Aktiv,Nissan,Leaf
447680388,Nissan Leaf,https://www.finn.no/mobility/item/447680388,Oslo ∙ Bruktbil Senteret AS,Oslo,Bruktbil Senteret AS,1.0,Oslo/Akershus,38942.0,2014.0,173000.0,24.0,109.0,160.0,12.0,2.0,0.0,1.0,Ukjent,2026-03-03,2026-03-03,Aktiv,Nissan,Leaf
447348827,Nissan Leaf,https://www.finn.no/mobility/item/447348827,Oslo ∙ RSA BIL Oslo,Oslo,RSA BIL Oslo,1.0,Oslo/Akershus,214900.0,2022.0,43508.0,62.0,217.0,385.0,12.0,2.0,0.0,1.0,Ukjent,2026-03-03,2026-03-03,Aktiv,Nissan,Leaf
436036800,Nissan Leaf,https://www.finn.no/mobility/item/436036800,Tolvsrød,Tolvsrød,,0.0,Vestfold/Telemark,179000.0,2021.0,43000.0,62.0,215.0,385.0,12.566666666666666,4.0,0.0,0.0,Ukjent,2026-03-03,2026-03-03,Aktiv,Nissan,Leaf
447134279,Nissan Leaf,https://www.finn.no/mobility/item/447134279,Revetal ∙ Ramnes Bil AS,Revetal,Ramnes Bil AS,1.0,Vestfold/Telemark,139532.0,2022.0,50500.0,40.0,150.0,270.0,22.166666666666668,2.0,0.0,0.0,Ukjent,2026-03-03,2026-03-03,Aktiv,Nissan,Leaf
447109187,Nissan Leaf,https://www.finn.no/mobility/item/447109187,Oslo ∙ Oslo Bilsenter AS,Oslo,Oslo Bilsenter AS,1.0,Oslo/Akershus,178000.0,2021.0,80000.0,62.0,218.0,385.0,12.0,2.0,0.0,1.0,Ukjent,2026-03-03,2026-03-03,Aktiv,Nissan,Leaf
445444718,Nissan Leaf,https://www.finn.no/mobility/item/445444718,Larvik,Larvik,,0.0,Vestfold/Telemark,28942.0,2013.0,89206.0,24.0,109.0,270.0,16.4,7.0,0.0,0.0,Ukjent,2026-03-03,2026-03-03,Aktiv,Nissan,Leaf
446183506,Nissan Leaf,https://www.finn.no/mobility/item/446183506,Oslo ∙ AUTOLUX BILSENTER AS,Oslo,AUTOLUX BILSENTER AS,1.0,Oslo/Akershus,25000.0,2013.0,77700.0,40.0,109.0,270.0,6.766666666666667,2.0,0.0,0.0,Ukjent,2026-03-03,2026-03-03,Aktiv,Nissan,Leaf
445249859,Nissan Leaf,https://www.finn.no/mobility/item/445249859,Sem ∙ Mobile Jarlsberg AS,Sem,Mobile Jarlsberg AS,1.0,Vestfold/Telemark,209000.0,2022.0,40368.0,39.0,150.0,278.0,9.333333333333334,2.0,0.0,1.0,Ukjent,2026-03-03,2026-03-03,Aktiv,Nissan,Leaf
445214337,Nissan Leaf,https://www.finn.no/mobility/item/445214337,Sem ∙ Mobile Jarlsberg AS,Sem,Mobile Jarlsberg AS,1.0,Vestfold/Telemark,209000.0,2022.0,43997.0,39.0,150.0,278.0,9.233333333333333,2.0,0.0,1.0,Ukjent,2026-03-03,2026-03-03,Aktiv,Nissan,Leaf
445131951,Nissan Leaf,https://www.finn.no/mobility/item/445131951,Oslo ∙ Oslo Varebil Spesialisten AS,Oslo,Oslo Varebil Spesialisten AS,1.0,Oslo/Akershus,39500.0,2014.0,90455.0,40.0,109.0,270.0,12.0,2.0,0.0,0.0,Ukjent,2026-03-03,2026-03-03,Aktiv,Nissan,Leaf
444946803,Nissan Leaf,https://www.finn.no/mobility/item/444946803,Oslo ∙ Bilforhandler1 AS,Oslo,Bilforhandler1 AS,1.0,Oslo/Akershus,165900.0,2019.0,95070.0,40.0,218.0,385.0,12.0,2.0,0.0,1.0,Ukjent,2026-03-03,2026-03-03,Aktiv,Nissan,Leaf
443671911,Nissan Leaf,https://www.finn.no/mobility/item/443671911,Oslo ∙ Mobile Skøyen AS,Oslo,Mobile Skøyen AS,1.0,Oslo/Akershus,173800.0,2022.0,25386.0,39.0,150.0,285.0,9.233333333333333,2.0,0.0,1.0,Ukjent,2026-03-03,2026-03-03,Aktiv,Nissan,Leaf
441264291,Nissan Leaf,https://www.finn.no/mobility/item/441264291,Oslo ∙ BROEN BIL AS,Oslo,BROEN BIL AS,1.0,Oslo/Akershus,63900.0,2013.0,37000.0,24.0,109.0,150.0,15.733333333333333,1.0,0.0,0.0,Ukjent,2026-03-03,2026-03-03,Solgt/Inaktiv,Nissan,Leaf
442231120,Nissan Leaf,https://www.finn.no/mobility/item/442231120,Sandefjord ∙ Finstad Bil AS,Sandefjord,Finstad Bil AS,1.0,Vestfold/Telemark,139000.0,2020.0,105279.0,40.0,150.0,270.0,12.0,1.0,0.0,1.0,Ukjent,2026-03-03,2026-03-03,Aktiv,Nissan,Leaf
441973198,Nissan Leaf,https://www.finn.no/mobility/item/441973198,Tønsberg ∙ Autospesialisten Tønsberg AS,Tønsberg,Autospesialisten Tønsberg AS,1.0,Vestfold/Telemark,159000.0,2020.0,59500.0,40.0,150.0,270.0,12.0,2.0,0.0,1.0,Ukjent,2026-03-03,2026-03-03,Aktiv,Nissan,Leaf
441717379,Nissan Leaf,https://www.finn.no/mobility/item/441717379,Holmestrand ∙ NORDIC BIL AS,Holmestrand,NORDIC BIL AS,1.0,Vestfold/Telemark,119900.0,2018.0,69000.0,40.0,150.0,270.0,12.0,1.0,0.0,1.0,Ukjent,2026-03-03,2026-03-03,Aktiv,Nissan,Leaf
440377288,Nissan Leaf,https://www.finn.no/mobility/item/440377288,Oslo ∙ Oslo Varebil Spesialisten AS,Oslo,Oslo Varebil Spesialisten AS,1.0,Oslo/Akershus,37000.0,2014.0,223000.0,40.0,109.0,270.0,12.0,2.0,0.0,0.0,Ukjent,2026-03-03,2026-03-03,Aktiv,Nissan,Leaf
437981303,Nissan Leaf,https://www.finn.no/mobility/item/437981303,Sandefjord ∙ Øyans Bil Sandefjord AS,Sandefjord,Øyans Bil Sandefjord AS,1.0,Vestfold/Telemark,199900.0,2022.0,60000.0,59.0,217.0,385.0,12.0,2.0,0.0,1.0,Ukjent,2026-03-03,2026-03-03,Aktiv,Nissan,Leaf
452694919,Nissan Leaf,https://www.finn.no/mobility/item/452694919,Oslo,Oslo,,0.0,Oslo/Akershus,79532.0,2017.0,86000.0,30.0,109.0,190.0,13.866666666666667,3.0,0.0,0.0,Ukjent,2026-03-03,2026-03-03,Aktiv,Nissan,Leaf
450382567,Nissan Leaf,https://www.finn.no/mobility/item/450382567,Oslo,Oslo,,0.0,Oslo/Akershus,210000.0,2023.0,70393.0,59.0,218.0,385.0,21.933333333333334,1.0,0.0,1.0,Ukjent,2026-03-03,2026-03-03,Aktiv,Nissan,Leaf
453299471,Nissan Leaf,https://www.finn.no/mobility/item/453299471,Oslo,Oslo,,0.0,Oslo/Akershus,133532.0,2018.0,80523.0,40.0,150.0,270.0,24.166666666666668,2.0,0.0,0.0,Ukjent,2026-03-03,2026-03-03,Aktiv,Nissan,Leaf
453270701,Nissan Leaf,https://www.finn.no/mobility/item/453270701,Oslo,Oslo,,0.0,Oslo/Akershus,79000.0,2017.0,79500.0,30.0,109.0,250.0,14.066666666666666,1.0,0.0,0.0,Ukjent,2026-03-03,2026-03-03,Aktiv,Nissan,Leaf
308692366,Nissan Leaf,https://www.finn.no/mobility/item/308692366,Oslo,Oslo,,0.0,Oslo/Akershus,138000.0,2019.0,45265.0,40.0,150.0,270.0,18.0,2.0,0.0,0.0,Ukjent,2026-03-03,2026-03-03,Aktiv,Nissan,Leaf
453090718,Nissan Leaf,https://www.finn.no/mobility/item/453090718,Sandefjord,Sandefjord,,0.0,Vestfold/Telemark,124532.0,2018.0,77145.0,40.0,150.0,250.0,23.633333333333333,1.0,0.0,0.0,Ukjent,2026-03-03,2026-03-03,Aktiv,Nissan,Leaf
450996044,Nissan Leaf,https://www.finn.no/mobility/item/450996044,Sandefjord ∙ GreenDrive,Sandefjord,GreenDrive,1.0,Vestfold/Telemark,69000.0,2016.0,96400.0,30.0,109.0,250.0,21.23333333333333,2.0,0.0,0.0,Ukjent,2026-03-03,2026-03-03,Aktiv,Nissan,Leaf
451046761,Nissan Leaf,https://www.finn.no/mobility/item/451046761,Oslo,Oslo,,0.0,Oslo/Akershus,99532.0,2018.0,86000.0,40.0,150.0,270.0,7.0,1.0,0.0,0.0,Ukjent,2026-03-03,2026-03-03,Aktiv,Nissan,Leaf
433308570,Nissan Leaf,https://www.finn.no/mobility/item/433308570,Oslo ∙ DRIVEMAC AS,Oslo,DRIVEMAC AS,1.0,Oslo/Akershus,139990.0,2019.0,54800.0,40.0,150.0,270.0,12.0,2.0,0.0,0.0,Ukjent,2026-03-03,2026-03-03,Aktiv,Nissan,Leaf
424551740,Nissan Leaf,https://www.finn.no/mobility/item/424551740,Oslo ∙ Oslo Varebil Spesialisten AS,Oslo,Oslo Varebil Spesialisten AS,1.0,Oslo/Akershus,49000.0,2014.0,104000.0,40.0,109.0,270.0,12.0,2.0,0.0,0.0,Ukjent,2026-03-03,2026-03-03,Aktiv,Nissan,Leaf
453445416,Nissan Leaf,https://www.finn.no/mobility/item/453445416,Sandnes ∙ Ålgårds Auto AS,Sandnes,Ålgårds Auto AS,1.0,Rogaland,209000.0,2023.0,25000.0,39.0,150.0,278.0,20.166666666666668,2.0,0.0,1.0,Ukjent,2026-03-03,2026-03-03,Aktiv,Nissan,Leaf
453110097,Nissan Leaf,https://www.finn.no/mobility/item/453110097,Tananger,Tananger,,0.0,Rogaland,124532.0,2019.0,93600.0,40.0,150.0,270.0,15.666666666666666,2.0,0.0,0.0,Ukjent,2026-03-03,2026-03-03,Aktiv,Nissan,Leaf
452692153,Nissan Leaf,https://www.finn.no/mobility/item/452692153,Kleppe,Kleppe,,0.0,Rogaland,34532.0,2015.0,191600.0,24.0,109.0,270.0,16.633333333333333,1.0,0.0,0.0,Ukjent,2026-03-03,2026-03-03,Solgt/Inaktiv,Nissan,Leaf
453414947,Nissan Leaf,https://www.finn.no/mobility/item/453414947,Sandnes ∙ SANDNES BRUKTBIL AS,Sandnes,SANDNES BRUKTBIL AS,1.0,Rogaland,119000.0,2018.0,87000.0,40.0,150.0,270.0,12.0,2.0,0.0,1.0,Ukjent,2026-03-03,2026-03-03,Aktiv,Nissan,Leaf
453403294,Nissan Leaf,https://www.finn.no/mobility/item/453403294,Sandnes ∙ CARSTORE STAVANGER,Sandnes,CARSTORE STAVANGER,1.0,Rogaland,129900.0,2018.0,76000.0,40.0,150.0,270.0,23.266666666666666,2.0,0.0,1.0,Ukjent,2026-03-03,2026-03-03,Aktiv,Nissan,Leaf
453358218,Nissan Leaf,https://www.finn.no/mobility/item/453358218,Stavanger,Stavanger,,0.0,Rogaland,50942.0,2013.0,101600.0,40.0,109.0,138.0,14.066666666666666,2.0,0.0,0.0,Ukjent,2026-03-03,2026-03-03,Aktiv,Nissan,Leaf
453311824,Nissan Leaf,https://www.finn.no/mobility/item/453311824,Ålgård,Ålgård,,0.0,Rogaland,21942.0,2013.0,187402.0,40.0,109.0,270.0,12.033333333333331,1.0,0.0,0.0,Ukjent,2026-03-03,2026-03-03,Aktiv,Nissan,Leaf
453232543,Nissan Leaf,https://www.finn.no/mobility/item/453232543,Randaberg,Randaberg,,0.0,Rogaland,38995.0,2014.0,108000.0,40.0,109.0,270.0,12.233333333333333,5.0,0.0,0.0,Ukjent,2026-03-03,2026-03-03,Aktiv,Nissan,Leaf
452987687,Nissan Leaf,https://www.finn.no/mobility/item/452987687,Bryne ∙ ROGALAND BRUKTBIL,Bryne,ROGALAND BRUKTBIL,1.0,Rogaland,21942.0,2013.0,154475.0,40.0,109.0,100.0,12.0,2.0,0.0,0.0,Ukjent,2026-03-03,2026-03-03,Aktiv,Nissan,Leaf
452943374,Nissan Leaf,https://www.finn.no/mobility/item/452943374,Haugesund,Haugesund,,0.0,Rogaland,61532.0,2015.0,97000.0,24.0,109.0,150.0,24.133333333333333,2.0,0.0,0.0,Ukjent,2026-03-03,2026-03-03,Aktiv,Nissan,Leaf
452869681,Nissan Leaf,https://www.finn.no/mobility/item/452869681,Sandnes ∙ LOYAL AUTO AS,Sandnes,LOYAL AUTO AS,1.0,Rogaland,59000.0,2017.0,130000.0,40.0,109.0,200.0,12.0,2.0,0.0,1.0,Ukjent,2026-03-03,2026-03-03,Aktiv,Nissan,Leaf
452803254,Nissan Leaf,https://www.finn.no/mobility/item/452803254,Haugesund ∙ Bilsenteret Haugesund AS,Haugesund,Bilsenteret Haugesund AS,1.0,Rogaland,149000.0,2019.0,57000.0,40.0,150.0,275.0,12.0,2.0,0.0,0.0,Ukjent,2026-03-03,2026-03-03,Aktiv,Nissan,Leaf
394784681,Nissan Leaf,https://www.finn.no/mobility/item/394784681,Stavanger ∙ MOTRUM AS,Stavanger,MOTRUM AS,1.0,Rogaland,59000.0,2013.0,120000.0,40.0,33.0,100.0,12.0,2.0,0.0,0.0,Ukjent,2026-03-03,2026-03-03,Aktiv,Nissan,Leaf
452750335,Nissan Leaf,https://www.finn.no/mobility/item/452750335,Stavanger ∙ RS AUTO AS,Stavanger,RS AUTO AS,1.0,Rogaland,18942.0,2014.0,101000.0,24.0,109.0,270.0,-0.2,3.0,0.0,0.0,Ukjent,2026-03-03,2026-03-03,Aktiv,Nissan,Leaf
452749952,Nissan Leaf,https://www.finn.no/mobility/item/452749952,Stavanger ∙ RS AUTO AS,Stavanger,RS AUTO AS,1.0,Rogaland,43000.0,2018.0,185000.0,40.0,150.0,270.0,0.9,1.0,0.0,0.0,Ukjent,2026-03-03,2026-03-03,Aktiv,Nissan,Leaf
452696171,Nissan Leaf,https://www.finn.no/mobility/item/452696171,Sandnes ∙ Broom Bil AS,Sandnes,Broom Bil AS,1.0,Rogaland,69800.0,2017.0,103200.0,30.0,109.0,180.0,12.0,2.0,0.0,1.0,Ukjent,2026-03-03,2026-03-03,Aktiv,Nissan,Leaf
452577174,Nissan Leaf,https://www.finn.no/mobility/item/452577174,Stavanger,Stavanger,,0.0,Rogaland,94999.0,2018.0,112800.0,40.0,150.0,270.0,6.3,2.0,0.0,0.0,Ukjent,2026-03-03,2026-03-03,Aktiv,Nissan,Leaf
452599322,Nissan Leaf,https://www.finn.no/mobility/item/452599322,Haugesund ∙ BIL-KOMPANIET HAUGESUND AS,Haugesund,BIL-KOMPANIET HAUGESUND AS,1.0,Rogaland,129900.0,2019.0,91940.0,40.0,150.0,270.0,12.0,1.0,0.0,1.0,Ukjent,2026-03-03,2026-03-03,Aktiv,Nissan,Leaf
452575568,Nissan Leaf,https://www.finn.no/mobility/item/452575568,Sandnes ∙ Ålgårds Auto AS,Sandnes,Ålgårds Auto AS,1.0,Rogaland,159000.0,2020.0,47500.0,40.0,150.0,270.0,-0.0333333333333333,2.0,0.0,1.0,Ukjent,2026-03-03,2026-03-03,Aktiv,Nissan,Leaf
452503389,Nissan Leaf,https://www.finn.no/mobility/item/452503389,Sandnes ∙ dahl auto,Sandnes,dahl auto,1.0,Rogaland,147000.0,2021.0,63500.0,40.0,150.0,270.0,12.0,2.0,0.0,1.0,Ukjent,2026-03-03,2026-03-03,Aktiv,Nissan,Leaf
452441357,Nissan Leaf,https://www.finn.no/mobility/item/452441357,Hundvåg,Hundvåg,,0.0,Rogaland,59532.0,2015.0,75000.0,40.0,109.0,270.0,23.166666666666668,2.0,0.0,0.0,Ukjent,2026-03-03,2026-03-03,Aktiv,Nissan,Leaf
452413666,Nissan Leaf,https://www.finn.no/mobility/item/452413666,Sandnes ∙ MACK AUTO AS,Sandnes,MACK AUTO AS,1.0,Rogaland,119000.0,2018.0,99600.0,40.0,150.0,270.0,12.0,1.0,0.0,1.0,Ukjent,2026-03-03,2026-03-03,Aktiv,Nissan,Leaf
415626748,Nissan Leaf,https://www.finn.no/mobility/item/415626748,Sirevåg,Sirevåg,,0.0,Rogaland,134434.0,2020.0,102000.0,40.0,150.0,220.0,3.066666666666667,1.0,0.0,0.0,Ukjent,2026-03-03,2026-03-03,Aktiv,Nissan,Leaf
452383261,Nissan Leaf,https://www.finn.no/mobility/item/452383261,Hjelmeland ∙ Car4Sale AS,Hjelmeland,Car4Sale AS,1.0,Rogaland,79990.0,2019.0,184000.0,40.0,150.0,270.0,12.0,1.0,0.0,1.0,Ukjent,2026-03-03,2026-03-03,Aktiv,Nissan,Leaf
452257524,Nissan Leaf,https://www.finn.no/mobility/item/452257524,Stavanger,Stavanger,,0.0,Rogaland,69900.0,2015.0,61361.0,24.0,109.0,150.0,9.966666666666669,2.0,0.0,0.0,Ukjent,2026-03-03,2026-03-03,Aktiv,Nissan,Leaf
452204780,Nissan Leaf,https://www.finn.no/mobility/item/452204780,Finnøy,Finnøy,,0.0,Rogaland,26942.0,2012.0,116252.0,24.0,109.0,270.0,21.6,2.0,0.0,0.0,Ukjent,2026-03-03,2026-03-03,Aktiv,Nissan,Leaf
452087536,Nissan Leaf,https://www.finn.no/mobility/item/452087536,Nærbø,Nærbø,,0.0,Rogaland,59532.0,2017.0,175000.0,30.0,109.0,250.0,19.166666666666668,1.0,0.0,0.0,Ukjent,2026-03-03,2026-03-03,Aktiv,Nissan,Leaf
452086099,Nissan Leaf,https://www.finn.no/mobility/item/452086099,Stavanger ∙ UNIBIL AS avd. Stavanger,Stavanger,UNIBIL AS avd. Stavanger,1.0,Rogaland,209000.0,2021.0,46800.0,40.0,218.0,385.0,12.0,2.0,0.0,1.0,Ukjent,2026-03-03,2026-03-03,Aktiv,Nissan,Leaf
452079606,Nissan Leaf,https://www.finn.no/mobility/item/452079606,Stavanger ∙ UNIBIL AS avd. Stavanger,Stavanger,UNIBIL AS avd. Stavanger,1.0,Rogaland,35000.0,2014.0,164000.0,40.0,33.0,270.0,12.0,2.0,0.0,0.0,Ukjent,2026-03-03,2026-03-03,Aktiv,Nissan,Leaf
452046194,Nissan Leaf,https://www.finn.no/mobility/item/452046194,Sandnes ∙ dahl auto,Sandnes,dahl auto,1.0,Rogaland,49000.0,2013.0,59000.0,24.0,109.0,160.0,12.0,2.0,0.0,1.0,Ukjent,2026-03-03,2026-03-03,Aktiv,Nissan,Leaf
452021209,Nissan Leaf,https://www.finn.no/mobility/item/452021209,Kopervik ∙ N-Auto,Kopervik,N-Auto,1.0,Rogaland,115900.0,2018.0,132000.0,40.0,150.0,270.0,12.0,2.0,0.0,0.0,Ukjent,2026-03-03,2026-03-03,Aktiv,Nissan,Leaf
447114835,Nissan Leaf,https://www.finn.no/mobility/item/447114835,Hundvåg,Hundvåg,,0.0,Rogaland,38442.0,2013.0,92000.0,24.0,109.0,270.0,8.933333333333334,5.0,0.0,0.0,Ukjent,2026-03-03,2026-03-03,Aktiv,Nissan,Leaf
441485000,Nissan Leaf,https://www.finn.no/mobility/item/441485000,Sola ∙ Messel Auto,Sola,Messel Auto,1.0,Rogaland,59000.0,2012.0,42500.0,24.0,109.0,160.0,16.233333333333334,1.0,0.0,1.0,Ukjent,2026-03-03,2026-03-03,Aktiv,Nissan,Leaf
449801341,Nissan Leaf,https://www.finn.no/mobility/item/449801341,Hafrsfjord,Hafrsfjord,,0.0,Rogaland,22942.0,2013.0,98000.0,40.0,109.0,270.0,12.933333333333334,4.0,0.0,0.0,Ukjent,2026-03-03,2026-03-03,Aktiv,Nissan,Leaf
451951259,Nissan Leaf,https://www.finn.no/mobility/item/451951259,Skudeneshavn ∙ Syreveien Auto Bilsalg AS,Skudeneshavn,Syreveien Auto Bilsalg AS,1.0,Rogaland,129900.0,2019.0,117000.0,40.0,150.0,270.0,12.0,2.0,0.0,1.0,Ukjent,2026-03-03,2026-03-03,Aktiv,Nissan,Leaf
451951026,Nissan Leaf,https://www.finn.no/mobility/item/451951026,Sandnes ∙ Auto V AS,Sandnes,Auto V AS,1.0,Rogaland,139900.0,2020.0,93800.0,40.0,150.0,270.0,12.0,1.0,0.0,1.0,Ukjent,2026-03-03,2026-03-03,Aktiv,Nissan,Leaf
451919768,Nissan Leaf,https://www.finn.no/mobility/item/451919768,Sandnes ∙ SANDNES BRUKTBIL AS,Sandnes,SANDNES BRUKTBIL AS,1.0,Rogaland,109000.0,2018.0,91900.0,40.0,150.0,270.0,12.0,2.0,0.0,1.0,Ukjent,2026-03-03,2026-03-03,Aktiv,Nissan,Leaf
451870560,Nissan Leaf,https://www.finn.no/mobility/item/451870560,Sandnes ∙ Rogaland Bilformidling AS,Sandnes,Rogaland Bilformidling AS,1.0,Rogaland,199000.0,2023.0,43800.0,40.0,150.0,278.0,12.0,2.0,0.0,1.0,Ukjent,2026-03-03,2026-03-03,Aktiv,Nissan,Leaf
450965957,Nissan Leaf,https://www.finn.no/mobility/item/450965957,Egersund,Egersund,,0.0,Rogaland,133532.0,2018.0,79000.0,40.0,150.0,270.0,6.0,2.0,0.0,0.0,Ukjent,2026-03-03,2026-03-03,Aktiv,Nissan,Leaf
451816585,Nissan Leaf,https://www.finn.no/mobility/item/451816585,Sandnes ∙ ELBILHALLEN AS,Sandnes,ELBILHALLEN AS,1.0,Rogaland,69000.0,2015.0,78700.0,24.0,109.0,270.0,12.0,2.0,0.0,1.0,Ukjent,2026-03-03,2026-03-03,Aktiv,Nissan,Leaf
451760106,Nissan Leaf,https://www.finn.no/mobility/item/451760106,Stavanger ∙ Envy Auto AS,Stavanger,Envy Auto AS,1.0,Rogaland,119000.0,2018.0,111600.0,40.0,150.0,270.0,12.0,1.0,0.0,1.0,Ukjent,2026-03-03,2026-03-03,Aktiv,Nissan,Leaf
451718813,Nissan Leaf,https://www.finn.no/mobility/item/451718813,Sandnes ∙ MK Auto,Sandnes,MK Auto,1.0,Rogaland,69900.0,2016.0,106880.0,30.0,109.0,250.0,12.0,2.0,0.0,1.0,Ukjent,2026-03-03,2026-03-03,Aktiv,Nissan,Leaf
451550613,Nissan Leaf,https://www.finn.no/mobility/item/451550613,Sandnes ∙ Broom Bil AS,Sandnes,Broom Bil AS,1.0,Rogaland,159800.0,2020.0,29300.0,40.0,150.0,270.0,12.0,2.0,0.0,1.0,Ukjent,2026-03-03,2026-03-03,Aktiv,Nissan,Leaf
451332988,Nissan Leaf,https://www.finn.no/mobility/item/451332988,Stavanger ∙ Stavanger Autosalg AS,Stavanger,Stavanger Autosalg AS,1.0,Rogaland,119000.0,2019.0,115400.0,40.0,150.0,270.0,12.0,2.0,0.0,1.0,Ukjent,2026-03-03,2026-03-03,Aktiv,Nissan,Leaf
451247803,Nissan Leaf,https://www.finn.no/mobility/item/451247803,Sandnes ∙ dahl auto,Sandnes,dahl auto,1.0,Rogaland,59000.0,2015.0,79500.0,24.0,150.0,150.0,12.0,2.0,0.0,1.0,Ukjent,2026-03-03,2026-03-03,Aktiv,Nissan,Leaf
451234166,Nissan Leaf,https://www.finn.no/mobility/item/451234166,Sandnes,Sandnes,,0.0,Rogaland,125000.0,2019.0,91000.0,40.0,150.0,270.0,23.433333333333334,2.0,0.0,0.0,Ukjent,2026-03-03,2026-03-03,Aktiv,Nissan,Leaf
451169693,Nissan Leaf,https://www.finn.no/mobility/item/451169693,Stavanger,Stavanger,,0.0,Rogaland,148432.0,2018.0,61778.0,40.0,150.0,270.0,7.866666666666666,2.0,0.0,0.0,Ukjent,2026-03-03,2026-03-03,Aktiv,Nissan,Leaf
450702372,Nissan Leaf,https://www.finn.no/mobility/item/450702372,Orre ∙ Bilgarden AS,Orre,Bilgarden AS,1.0,Rogaland,62532.0,2017.0,99000.0,24.0,109.0,270.0,14.066666666666666,3.0,0.0,0.0,Ukjent,2026-03-03,2026-03-03,Aktiv,Nissan,Leaf
450618042,Nissan Leaf,https://www.finn.no/mobility/item/450618042,Kopervik ∙ N-Auto,Kopervik,N-Auto,1.0,Rogaland,39900.0,2014.0,78000.0,40.0,109.0,270.0,12.0,2.0,0.0,0.0,Ukjent,2026-03-03,2026-03-03,Aktiv,Nissan,Leaf
450601264,Nissan Leaf,https://www.finn.no/mobility/item/450601264,Sandnes ∙ Hamre Auto AS,Sandnes,Hamre Auto AS,1.0,Rogaland,145000.0,2018.0,51547.0,40.0,150.0,270.0,12.0,2.0,0.0,1.0,Ukjent,2026-03-03,2026-03-03,Aktiv,Nissan,Leaf
450559507,Nissan Leaf,https://www.finn.no/mobility/item/450559507,Nedre Vats,Nedre Vats,,0.0,Rogaland,119532.0,2018.0,125202.0,110.0,150.0,270.0,23.4,2.0,0.0,0.0,Ukjent,2026-03-03,2026-03-03,Aktiv,Nissan,Leaf
450570852,Nissan Leaf,https://www.finn.no/mobility/item/450570852,Åkrehamn ∙ Motorhead Auto AS,Åkrehamn,Motorhead Auto AS,1.0,Rogaland,109000.0,2018.0,124500.0,40.0,150.0,270.0,12.0,2.0,0.0,1.0,Ukjent,2026-03-03,2026-03-03,Aktiv,Nissan,Leaf
450446998,Nissan Leaf,https://www.finn.no/mobility/item/450446998,Avaldsnes ∙ UTVIK AUTOSALG AS,Avaldsnes,UTVIK AUTOSALG AS,1.0,Rogaland,119900.0,2018.0,136385.0,40.0,150.0,270.0,12.0,1.0,0.0,1.0,Ukjent,2026-03-03,2026-03-03,Aktiv,Nissan,Leaf
450424607,Nissan Leaf,https://www.finn.no/mobility/item/450424607,Haugesund ∙ Kverneland Bil | Ford Haugesund,Haugesund,Kverneland Bil | Ford Haugesund,1.0,Rogaland,139800.0,2018.0,43000.0,40.0,150.0,270.0,12.0,2.0,0.0,1.0,Ukjent,2026-03-03,2026-03-03,Aktiv,Nissan,Leaf
450314537,Nissan Leaf,https://www.finn.no/mobility/item/450314537,Stavanger ∙ ELIASSEN BIL AS,Stavanger,ELIASSEN BIL AS,1.0,Rogaland,125000.0,2018.0,93000.0,40.0,150.0,270.0,12.0,2.0,0.0,1.0,Ukjent,2026-03-03,2026-03-03,Aktiv,Nissan,Leaf
450303489,Nissan Leaf,https://www.finn.no/mobility/item/450303489,Haugesund ∙ Bilsenteret Haugesund AS,Haugesund,Bilsenteret Haugesund AS,1.0,Rogaland,219000.0,2022.0,27000.0,40.0,150.0,270.0,12.0,2.0,0.0,0.0,Ukjent,2026-03-03,2026-03-03,Aktiv,Nissan,Leaf
450299328,Nissan Leaf,https://www.finn.no/mobility/item/450299328,Sola ∙ Bilpaviljongen AS,Sola,Bilpaviljongen AS,1.0,Rogaland,98000.0,2016.0,78000.0,24.0,109.0,270.0,22.933333333333334,2.0,0.0,1.0,Ukjent,2026-03-03,2026-03-03,Aktiv,Nissan,Leaf
450293583,Nissan Leaf,https://www.finn.no/mobility/item/450293583,Figgjo ∙ Autosenter Sandnes AS,Figgjo,Autosenter Sandnes AS,1.0,Rogaland,169000.0,2020.0,43000.0,40.0,150.0,270.0,12.0,2.0,0.0,1.0,Ukjent,2026-03-03,2026-03-03,Aktiv,Nissan,Leaf
447059647,Nissan Leaf,https://www.finn.no/mobility/item/447059647,Stavanger,Stavanger,,0.0,Rogaland,19942.0,2012.0,158000.0,24.0,109.0,65.0,6.966666666666667,2.0,0.0,0.0,Ukjent,2026-03-03,2026-03-03,Aktiv,Nissan,Leaf
449977915,Nissan Leaf,https://www.finn.no/mobility/item/449977915,Sandnes,Sandnes,,0.0,Rogaland,44532.0,2015.0,194500.0,24.0,109.0,270.0,21.2,1.0,0.0,0.0,Ukjent,2026-03-03,2026-03-03,Aktiv,Nissan,Leaf
449832214,Nissan Leaf,https://www.finn.no/mobility/item/449832214,"Sandnes ∙ Motor Forum Stavanger, Forus",Sandnes,"Motor Forum Stavanger, Forus",1.0,Rogaland,149900.0,2021.0,141673.0,59.0,217.0,385.0,12.0,2.0,0.0,1.0,Ukjent,2026-03-03,2026-03-03,Aktiv,Nissan,Leaf
449337766,Nissan Leaf,https://www.finn.no/mobility/item/449337766,Sandnes ∙ Ålgårds Auto AS,Sandnes,Ålgårds Auto AS,1.0,Rogaland,25000.0,2012.0,87500.0,24.0,109.0,270.0,-1.4666666666666666,2.0,0.0,0.0,Ukjent,2026-03-03,2026-03-03,Aktiv,Nissan,Leaf
447827971,Nissan Leaf,https://www.finn.no/mobility/item/447827971,Veavågen,Veavågen,,0.0,Rogaland,53732.0,2015.0,80000.0,24.0,109.0,166.0,11.233333333333333,2.0,0.0,0.0,Ukjent,2026-03-03,2026-03-03,Aktiv,Nissan,Leaf
378945558,Nissan Leaf,https://www.finn.no/mobility/item/378945558,Hundvåg,Hundvåg,,0.0,Rogaland,135305.0,2019.0,88000.0,40.0,150.0,270.0,12.0,2.0,0.0,0.0,Ukjent,2026-03-03,2026-03-03,Aktiv,Nissan,Leaf
448705431,Nissan Leaf,https://www.finn.no/mobility/item/448705431,Sandnes ∙ BILTEKNIKK 1 AS,Sandnes,BILTEKNIKK 1 AS,1.0,Rogaland,129900.0,2019.0,70225.0,40.0,150.0,270.0,12.0,2.0,0.0,1.0,Ukjent,2026-03-03,2026-03-03,Aktiv,Nissan,Leaf
448696931,Nissan Leaf,https://www.finn.no/mobility/item/448696931,Stavanger ∙ Autoleverandøren AS,Stavanger,Autoleverandøren AS,1.0,Rogaland,25000.0,2011.0,116000.0,24.0,109.0,100.0,12.0,2.0,0.0,1.0,Ukjent,2026-03-03,2026-03-03,Aktiv,Nissan,Leaf
448640596,Nissan Leaf,https://www.finn.no/mobility/item/448640596,Egersund ∙ Holmane Bil AS,Egersund,Holmane Bil AS,1.0,Rogaland,69000.0,2015.0,62000.0,40.0,33.0,270.0,12.0,2.0,0.0,1.0,Ukjent,2026-03-03,2026-03-03,Aktiv,Nissan,Leaf
448188814,Nissan Leaf,https://www.finn.no/mobility/item/448188814,Sandnes ∙ Toyota Sørvest AS,Sandnes,Toyota Sørvest AS,1.0,Rogaland,189000.0,2021.0,95000.0,62.0,217.0,385.0,12.0,2.0,0.0,1.0,Ukjent,2026-03-03,2026-03-03,Aktiv,Nissan,Leaf
447392639,Nissan Leaf,https://www.finn.no/mobility/item/447392639,Haugesund ∙ Kverneland Bil | Volvo og MG Haugesund,Haugesund,Kverneland Bil | Volvo og MG Haugesund,1.0,Rogaland,189000.0,2022.0,30000.0,40.0,150.0,270.0,12.0,2.0,0.0,1.0,Ukjent,2026-03-03,2026-03-03,Aktiv,Nissan,Leaf
447199438,Nissan Leaf,https://www.finn.no/mobility/item/447199438,Haugesund ∙ Bilsenteret Haugesund AS,Haugesund,Bilsenteret Haugesund AS,1.0,Rogaland,229000.0,2023.0,32400.0,40.0,150.0,278.0,12.0,1.0,0.0,1.0,Ukjent,2026-03-03,2026-03-03,Aktiv,Nissan,Leaf
446722351,Nissan Leaf,https://www.finn.no/mobility/item/446722351,Sandnes,Sandnes,,0.0,Rogaland,16942.0,2012.0,127000.0,40.0,109.0,93.0,2.933333333333333,2.0,0.0,0.0,Ukjent,2026-03-03,2026-03-03,Aktiv,Nissan,Leaf
446405306,Nissan Leaf,https://www.finn.no/mobility/item/446405306,Stavanger ∙ UNIBIL AS avd. Stavanger,Stavanger,UNIBIL AS avd. Stavanger,1.0,Rogaland,229000.0,2023.0,12000.0,40.0,150.0,285.0,12.0,1.0,0.0,1.0,Ukjent,2026-03-03,2026-03-03,Aktiv,Nissan,Leaf
446114158,Nissan Leaf,https://www.finn.no/mobility/item/446114158,Sandnes ∙ MACK AUTO AS,Sandnes,MACK AUTO AS,1.0,Rogaland,109000.0,2019.0,141500.0,40.0,150.0,270.0,12.0,2.0,0.0,1.0,Ukjent,2026-03-03,2026-03-03,Aktiv,Nissan,Leaf
446099261,Nissan Leaf,https://www.finn.no/mobility/item/446099261,Kopervik ∙ TVEITEN BIL AS,Kopervik,TVEITEN BIL AS,1.0,Rogaland,159000.0,2022.0,99600.0,40.0,150.0,270.0,12.0,1.0,0.0,1.0,Ukjent,2026-03-03,2026-03-03,Aktiv,Nissan,Leaf
445800124,Nissan Leaf,https://www.finn.no/mobility/item/445800124,Stavanger ∙ Egeland Auto AS,Stavanger,Egeland Auto AS,1.0,Rogaland,149000.0,2018.0,69740.0,40.0,150.0,270.0,12.0,1.0,0.0,1.0,Ukjent,2026-03-03,2026-03-03,Aktiv,Nissan,Leaf
445335868,Nissan Leaf,https://www.finn.no/mobility/item/445335868,Sandnes ∙ LOYAL AUTO AS,Sandnes,LOYAL AUTO AS,1.0,Rogaland,89000.0,2018.0,143000.0,40.0,150.0,270.0,12.0,2.0,0.0,1.0,Ukjent,2026-03-03,2026-03-03,Aktiv,Nissan,Leaf
444871462,Nissan Leaf,https://www.finn.no/mobility/item/444871462,Sandnes ∙ ROGALAND BIL AS,Sandnes,ROGALAND BIL AS,1.0,Rogaland,55000.0,2015.0,93700.0,24.0,33.0,270.0,12.0,2.0,0.0,0.0,Ukjent,2026-03-03,2026-03-03,Aktiv,Nissan,Leaf
444838818,Nissan Leaf,https://www.finn.no/mobility/item/444838818,Sandnes ∙ AUTOLAND ROGALAND AS,Sandnes,AUTOLAND ROGALAND AS,1.0,Rogaland,129000.0,2019.0,149000.0,40.0,150.0,270.0,12.0,2.0,0.0,1.0,Ukjent,2026-03-03,2026-03-03,Aktiv,Nissan,Leaf
444776659,Nissan Leaf,https://www.finn.no/mobility/item/444776659,Haugesund ∙ Bilsenteret Haugesund AS,Haugesund,Bilsenteret Haugesund AS,1.0,Rogaland,179000.0,2019.0,101300.0,62.0,218.0,385.0,12.0,2.0,0.0,0.0,Ukjent,2026-03-03,2026-03-03,Aktiv,Nissan,Leaf
444776577,Nissan Leaf,https://www.finn.no/mobility/item/444776577,Haugesund ∙ Bilsenteret Haugesund AS,Haugesund,Bilsenteret Haugesund AS,1.0,Rogaland,189000.0,2021.0,49907.0,40.0,150.0,275.0,12.0,2.0,0.0,0.0,Ukjent,2026-03-03,2026-03-03,Aktiv,Nissan,Leaf
444774061,Nissan Leaf,https://www.finn.no/mobility/item/444774061,Haugesund ∙ Bilsenteret Haugesund AS,Haugesund,Bilsenteret Haugesund AS,1.0,Rogaland,179000.0,2020.0,41800.0,40.0,150.0,275.0,12.0,1.0,0.0,0.0,Ukjent,2026-03-03,2026-03-03,Aktiv,Nissan,Leaf
444768160,Nissan Leaf,https://www.finn.no/mobility/item/444768160,Stavanger ∙ UNIBIL AS avd. Stavanger,Stavanger,UNIBIL AS avd. Stavanger,1.0,Rogaland,65000.0,2015.0,79600.0,40.0,109.0,270.0,12.0,2.0,0.0,0.0,Ukjent,2026-03-03,2026-03-03,Aktiv,Nissan,Leaf
442967514,Nissan Leaf,https://www.finn.no/mobility/item/442967514,Stavanger ∙ MOTRUM AS,Stavanger,MOTRUM AS,1.0,Rogaland,229000.0,2023.0,35000.0,40.0,150.0,278.0,12.0,2.0,0.0,1.0,Ukjent,2026-03-03,2026-03-03,Aktiv,Nissan,Leaf
441335378,Nissan Leaf,https://www.finn.no/mobility/item/441335378,Sandnes ∙ BILTEKNIKK 1 AS,Sandnes,BILTEKNIKK 1 AS,1.0,Rogaland,169000.0,2021.0,51504.0,40.0,150.0,270.0,12.0,2.0,0.0,1.0,Ukjent,2026-03-03,2026-03-03,Aktiv,Nissan,Leaf
441193877,Nissan Leaf,https://www.finn.no/mobility/item/441193877,Sandnes ∙ BILTEKNIKK 1 AS,Sandnes,BILTEKNIKK 1 AS,1.0,Rogaland,149000.0,2020.0,52787.0,40.0,150.0,270.0,12.0,1.0,0.0,1.0,Ukjent,2026-03-03,2026-03-03,Aktiv,Nissan,Leaf
440209748,Nissan Leaf,https://www.finn.no/mobility/item/440209748,Lye ∙ Rebil Salgshjelp,Lye,Rebil Salgshjelp,1.0,Rogaland,35000.0,2017.0,86097.0,52.0,109.0,150.0,12.0,2.0,0.0,0.0,Ukjent,2026-03-03,2026-03-03,Aktiv,Nissan,Leaf
439919966,Nissan Leaf,https://www.finn.no/mobility/item/439919966,Kleppe ∙ Kyvik Auto AS,Kleppe,Kyvik Auto AS,1.0,Rogaland,89000.0,2017.0,90000.0,40.0,41.0,270.0,12.0,2.0,0.0,1.0,Ukjent,2026-03-03,2026-03-03,Aktiv,Nissan,Leaf
433262112,Nissan Leaf,https://www.finn.no/mobility/item/433262112,Stavanger ∙ MOTRUM AS,Stavanger,MOTRUM AS,1.0,Rogaland,129000.0,2018.0,145000.0,40.0,150.0,270.0,12.0,2.0,0.0,1.0,Ukjent,2026-03-03,2026-03-03,Aktiv,Nissan,Leaf
447367524,Nissan Leaf,https://www.finn.no/mobility/item/447367524,Sarpsborg ∙ Brennes Auto AS,Sarpsborg,Brennes Auto AS,1.0,Østfold,199900.0,2021.0,58500.0,62.0,218.0,384.0,12.0,2.0,0.0,1.0,Ukjent,2026-03-03,2026-03-03,Aktiv,Nissan,Leaf
450878906,Nissan Leaf,https://www.finn.no/mobility/item/450878906,Sarpsborg ∙ Brennes Auto AS,Sarpsborg,Brennes Auto AS,1.0,Østfold,136900.0,2020.0,100854.0,40.0,150.0,270.0,12.0,2.0,0.0,1.0,Ukjent,2026-03-03,2026-03-03,Aktiv,Nissan,Leaf
450756656,Nissan Leaf,https://www.finn.no/mobility/item/450756656,Moss ∙ Exotic Motors,Moss,Exotic Motors,1.0,Østfold,179990.0,2021.0,72000.0,62.0,218.0,385.0,12.0,2.0,0.0,1.0,Ukjent,2026-03-03,2026-03-03,Aktiv,Nissan,Leaf
450764587,Nissan Leaf,https://www.finn.no/mobility/item/450764587,Fredrikstad ∙ Bare Bil AS,Fredrikstad,Bare Bil AS,1.0,Østfold,139900.0,2019.0,125600.0,62.0,218.0,385.0,12.0,2.0,0.0,1.0,Ukjent,2026-03-03,2026-03-03,Aktiv,Nissan,Leaf
453491655,Nissan Leaf,https://www.finn.no/mobility/item/453491655,Halden,Halden,,0.0,Østfold,123532.0,2019.0,95000.0,40.0,150.0,270.0,12.0,2.0,0.0,0.0,Ukjent,2026-03-03,2026-03-03,Aktiv,Nissan,Leaf
453456722,Nissan Leaf,https://www.finn.no/mobility/item/453456722,Askim ∙ Auksjonen.No AS,Askim,Auksjonen.No AS,1.0,Østfold,41942.0,2014.0,82000.0,40.0,109.0,270.0,12.0,2.0,0.0,0.0,Ukjent,2026-03-03,2026-03-03,Aktiv,Nissan,Leaf
450283464,Nissan Leaf,https://www.finn.no/mobility/item/450283464,Rolvsøy ∙ Bilhagen Fredrikstad AS,Rolvsøy,Bilhagen Fredrikstad AS,1.0,Østfold,65000.0,2016.0,110360.0,40.0,109.0,270.0,12.0,2.0,0.0,0.0,Ukjent,2026-03-03,2026-03-03,Aktiv,Nissan,Leaf
447361315,Nissan Leaf,https://www.finn.no/mobility/item/447361315,Sarpsborg ∙ Brennes Auto AS,Sarpsborg,Brennes Auto AS,1.0,Østfold,169900.0,2020.0,81812.0,62.0,218.0,385.0,12.0,1.0,0.0,1.0,Ukjent,2026-03-03,2026-03-03,Aktiv,Nissan,Leaf
450646867,Nissan Leaf,https://www.finn.no/mobility/item/450646867,Sarpsborg ∙ Grandahl Bil AS avd. Sarpsborg,Sarpsborg,Grandahl Bil AS avd. Sarpsborg,1.0,Østfold,199000.0,2021.0,79000.0,62.0,218.0,385.0,12.0,2.0,0.0,1.0,Ukjent,2026-03-03,2026-03-03,Aktiv,Nissan,Leaf
441567140,Nissan Leaf,https://www.finn.no/mobility/item/441567140,Råde ∙ Bilbutikk1 AS | Selected,Råde,Bilbutikk1 AS | Selected,1.0,Østfold,179000.0,2021.0,106100.0,40.0,218.0,385.0,12.0,2.0,0.0,1.0,Ukjent,2026-03-03,2026-03-03,Aktiv,Nissan,Leaf
450256116,Nissan Leaf,https://www.finn.no/mobility/item/450256116,Sarpsborg ∙ WEBERG AUTO AS,Sarpsborg,WEBERG AUTO AS,1.0,Østfold,199900.0,2020.0,40000.0,40.0,218.0,385.0,12.0,2.0,0.0,0.0,Ukjent,2026-03-03,2026-03-03,Aktiv,Nissan,Leaf
453359248,Nissan Leaf,https://www.finn.no/mobility/item/453359248,Rakkestad,Rakkestad,,0.0,Østfold,123532.0,2019.0,103974.0,40.0,150.0,270.0,11.566666666666666,2.0,0.0,0.0,Ukjent,2026-03-03,2026-03-03,Aktiv,Nissan,Leaf
447297338,Nissan Leaf,https://www.finn.no/mobility/item/447297338,Sarpsborg ∙ Brennes Auto AS,Sarpsborg,Brennes Auto AS,1.0,Østfold,129000.0,2020.0,125000.0,40.0,150.0,270.0,12.0,1.0,0.0,1.0,Ukjent,2026-03-03,2026-03-03,Aktiv,Nissan,Leaf
441182979,Nissan Leaf,https://www.finn.no/mobility/item/441182979,Sarpsborg ∙ Brennes Auto AS,Sarpsborg,Brennes Auto AS,1.0,Østfold,135900.0,2019.0,72000.0,40.0,150.0,270.0,12.0,2.0,0.0,1.0,Ukjent,2026-03-03,2026-03-03,Aktiv,Nissan,Leaf
441171216,Nissan Leaf,https://www.finn.no/mobility/item/441171216,Kråkerøy ∙ Japan Auto AS,Kråkerøy,Japan Auto AS,1.0,Østfold,52000.0,2016.0,84895.0,24.0,109.0,160.0,8.0,2.0,0.0,1.0,Ukjent,2026-03-03,2026-03-03,Aktiv,Nissan,Leaf
453434634,Nissan Leaf,https://www.finn.no/mobility/item/453434634,Askim ∙ Auksjonen.No AS,Askim,Auksjonen.No AS,1.0,Østfold,34532.0,2015.0,176000.0,40.0,109.0,270.0,12.0,2.0,0.0,0.0,Ukjent,2026-03-03,2026-03-03,Aktiv,Nissan,Leaf
449810986,Nissan Leaf,https://www.finn.no/mobility/item/449810986,Sarpsborg ∙ Sørlie Bil AS,Sarpsborg,Sørlie Bil AS,1.0,Østfold,65000.0,2017.0,81000.0,40.0,109.0,250.0,12.0,1.0,0.0,1.0,Ukjent,2026-03-03,2026-03-03,Aktiv,Nissan,Leaf
450042979,Nissan Leaf,https://www.finn.no/mobility/item/450042979,Sarpsborg,Sarpsborg,,0.0,Østfold,38000.0,2012.0,134000.0,40.0,109.0,270.0,23.33333333333333,2.0,0.0,0.0,Ukjent,2026-03-03,2026-03-03,Aktiv,Nissan,Leaf
453382487,Nissan Leaf,https://www.finn.no/mobility/item/453382487,Våler i Østfold ∙ Autonord AS,Våler i Østfold,Autonord AS,1.0,Østfold,219000.0,2023.0,69900.0,59.0,218.0,385.0,10.033333333333331,2.0,0.0,1.0,Ukjent,2026-03-03,2026-03-03,Aktiv,Nissan,Leaf
440394157,Nissan Leaf,https://www.finn.no/mobility/item/440394157,Kråkerøy ∙ Japan Auto AS,Kråkerøy,Japan Auto AS,1.0,Østfold,62000.0,2016.0,114861.0,30.0,109.0,190.0,9.033333333333331,6.0,0.0,1.0,Ukjent,2026-03-03,2026-03-03,Aktiv,Nissan,Leaf
447232432,Nissan Leaf,https://www.finn.no/mobility/item/447232432,Sarpsborg ∙ Grandahl Bil AS avd. Sarpsborg,Sarpsborg,Grandahl Bil AS avd. Sarpsborg,1.0,Østfold,168000.0,2018.0,17000.0,40.0,150.0,270.0,12.0,2.0,0.0,1.0,Ukjent,2026-03-03,2026-03-03,Aktiv,Nissan,Leaf
437703882,Nissan Leaf,https://www.finn.no/mobility/item/437703882,Sarpsborg,Sarpsborg,,0.0,Østfold,120000.0,2018.0,99000.0,40.0,150.0,270.0,18.2,2.0,0.0,1.0,Ukjent,2026-03-03,2026-03-03,Aktiv,Nissan,Leaf
452977838,Nissan Leaf,https://www.finn.no/mobility/item/452977838,Halden,Halden,,0.0,Østfold,84032.0,2017.0,90000.0,30.0,109.0,250.0,12.233333333333333,2.0,0.0,0.0,Ukjent,2026-03-03,2026-03-03,Aktiv,Nissan,Leaf
447080303,Nissan Leaf,https://www.finn.no/mobility/item/447080303,Mysen ∙ BILER ZDRAVKOVIC,Mysen,BILER ZDRAVKOVIC,1.0,Østfold,25000.0,2015.0,198000.0,24.0,109.0,270.0,10.666666666666666,2.0,0.0,0.0,Ukjent,2026-03-03,2026-03-03,Aktiv,Nissan,Leaf
447061053,Nissan Leaf,https://www.finn.no/mobility/item/447061053,Rolvsøy ∙ Hvaler Bruktbil AS,Rolvsøy,Hvaler Bruktbil AS,1.0,Østfold,64900.0,2015.0,137698.0,40.0,150.0,120.0,12.0,2.0,0.0,1.0,Ukjent,2026-03-03,2026-03-03,Aktiv,Nissan,Leaf
446813539,Nissan Leaf,https://www.finn.no/mobility/item/446813539,Fredrikstad,Fredrikstad,,0.0,Østfold,139900.0,2018.0,56500.0,40.0,150.0,270.0,25.266666666666666,2.0,0.0,1.0,Ukjent,2026-03-03,2026-03-03,Aktiv,Nissan,Leaf
439520752,Nissan Leaf,https://www.finn.no/mobility/item/439520752,Fredrikstad ∙ AUTOSAFE AS,Fredrikstad,AUTOSAFE AS,1.0,Østfold,39900.0,2012.0,102000.0,40.0,109.0,270.0,12.0,2.0,0.0,0.0,Ukjent,2026-03-03,2026-03-03,Aktiv,Nissan,Leaf
350481760,Nissan Leaf,https://www.finn.no/mobility/item/350481760,Moss,Moss,,0.0,Østfold,232129.0,2023.0,45800.0,62.0,150.0,385.0,12.0,1.0,0.0,1.0,Ukjent,2026-03-03,2026-03-03,Aktiv,Nissan,Leaf
439021077,Nissan Leaf,https://www.finn.no/mobility/item/439021077,Moss ∙ Dahles Auto Moss AS,Moss,Dahles Auto Moss AS,1.0,Østfold,129900.0,2019.0,65000.0,40.0,150.0,270.0,12.0,2.0,0.0,1.0,Ukjent,2026-03-03,2026-03-03,Aktiv,Nissan,Leaf
449498743,Nissan Leaf,https://www.finn.no/mobility/item/449498743,Sarpsborg ∙ Brennes Auto AS,Sarpsborg,Brennes Auto AS,1.0,Østfold,149900.0,2020.0,82000.0,40.0,150.0,270.0,12.0,2.0,0.0,1.0,Ukjent,2026-03-03,2026-03-03,Aktiv,Nissan,Leaf
438823280,Nissan Leaf,https://www.finn.no/mobility/item/438823280,Sarpsborg ∙ Brennes Auto AS,Sarpsborg,Brennes Auto AS,1.0,Østfold,199900.0,2022.0,43900.0,40.0,150.0,270.0,12.0,2.0,0.0,1.0,Ukjent,2026-03-03,2026-03-03,Aktiv,Nissan,Leaf
446858444,Nissan Leaf,https://www.finn.no/mobility/item/446858444,Fredrikstad ∙ Sam Bruktbiler Sharafani,Fredrikstad,Sam Bruktbiler Sharafani,1.0,Østfold,39900.0,2016.0,151000.0,30.0,109.0,270.0,23.866666666666667,2.0,0.0,0.0,Ukjent,2026-03-03,2026-03-03,Aktiv,Nissan,Leaf
452957750,Nissan Leaf,https://www.finn.no/mobility/item/452957750,Moss ∙ Brennes Auto Moss AS,Moss,Brennes Auto Moss AS,1.0,Østfold,195000.0,2022.0,20600.0,40.0,150.0,270.0,12.0,2.0,0.0,1.0,Ukjent,2026-03-03,2026-03-03,Aktiv,Nissan,Leaf
438259885,Nissan Leaf,https://www.finn.no/mobility/item/438259885,Rolvsøy ∙ ROLVSØY BILSALG,Rolvsøy,ROLVSØY BILSALG,1.0,Østfold,44000.0,2015.0,137500.0,40.0,109.0,270.0,12.0,2.0,0.0,0.0,Ukjent,2026-03-03,2026-03-03,Aktiv,Nissan,Leaf
437073826,Nissan Leaf,https://www.finn.no/mobility/item/437073826,Fredrikstad ∙ Grandahl Bil AS avd. Fredrikstad,Fredrikstad,Grandahl Bil AS avd. Fredrikstad,1.0,Østfold,54000.0,2013.0,163800.0,40.0,109.0,270.0,12.0,2.0,0.0,0.0,Ukjent,2026-03-03,2026-03-03,Aktiv,Nissan,Leaf
449483776,Nissan Leaf,https://www.finn.no/mobility/item/449483776,Fredrikstad ∙ Grandahl Bil AS avd. Fredrikstad,Fredrikstad,Grandahl Bil AS avd. Fredrikstad,1.0,Østfold,58000.0,2014.0,113000.0,40.0,109.0,270.0,12.0,2.0,0.0,0.0,Ukjent,2026-03-03,2026-03-03,Aktiv,Nissan,Leaf
446607563,Nissan Leaf,https://www.finn.no/mobility/item/446607563,Halden ∙ CAR CONNECT AS,Halden,CAR CONNECT AS,1.0,Østfold,99900.0,2018.0,128300.0,40.0,150.0,270.0,0.9,2.0,0.0,0.0,Ukjent,2026-03-03,2026-03-03,Aktiv,Nissan,Leaf
452945179,Nissan Leaf,https://www.finn.no/mobility/item/452945179,Moss ∙ Brennes Auto Moss AS,Moss,Brennes Auto Moss AS,1.0,Østfold,129000.0,2019.0,91150.0,40.0,122.0,275.0,12.0,2.0,0.0,1.0,Ukjent,2026-03-03,2026-03-03,Aktiv,Nissan,Leaf
449481302,Nissan Leaf,https://www.finn.no/mobility/item/449481302,Mysen ∙ BILER ZDRAVKOVIC,Mysen,BILER ZDRAVKOVIC,1.0,Østfold,29942.0,2013.0,134000.0,40.0,109.0,60.0,15.1,1.0,0.0,0.0,Ukjent,2026-03-03,2026-03-03,Aktiv,Nissan,Leaf
452810723,Nissan Leaf,https://www.finn.no/mobility/item/452810723,Sarpsborg ∙ Gretland Bil AS,Sarpsborg,Gretland Bil AS,1.0,Østfold,159000.0,2022.0,58500.0,40.0,150.0,284.0,12.0,2.0,0.0,1.0,Ukjent,2026-03-03,2026-03-03,Aktiv,Nissan,Leaf
446254474,Nissan Leaf,https://www.finn.no/mobility/item/446254474,Sarpsborg ∙ Sørlie Bil AS,Sarpsborg,Sørlie Bil AS,1.0,Østfold,55000.0,2014.0,160000.0,40.0,33.0,270.0,12.0,2.0,0.0,1.0,Ukjent,2026-03-03,2026-03-03,Aktiv,Nissan,Leaf
449351722,Nissan Leaf,https://www.finn.no/mobility/item/449351722,Borgenhaugen,Borgenhaugen,,0.0,Østfold,239532.0,2022.0,35640.0,62.0,215.0,385.0,6.966666666666667,1.0,0.0,1.0,Ukjent,2026-03-03,2026-03-03,Aktiv,Nissan,Leaf
446235237,Nissan Leaf,https://www.finn.no/mobility/item/446235237,Sarpsborg ∙ M.T Bil Salg Torfi Zoveirizadeh,Sarpsborg,M.T Bil Salg Torfi Zoveirizadeh,1.0,Østfold,39900.0,2015.0,151000.0,40.0,109.0,270.0,12.0,2.0,0.0,0.0,Ukjent,2026-03-03,2026-03-03,Aktiv,Nissan,Leaf
435835574,Nissan Leaf,https://www.finn.no/mobility/item/435835574,Moss ∙ Moss To-Takt AS,Moss,Moss To-Takt AS,1.0,Østfold,169000.0,2020.0,96800.0,62.0,215.0,385.0,-0.6333333333333333,2.0,0.0,1.0,Ukjent,2026-03-03,2026-03-03,Aktiv,Nissan,Leaf
452774045,Nissan Leaf,https://www.finn.no/mobility/item/452774045,Sarpsborg ∙ Brennes Auto AS,Sarpsborg,Brennes Auto AS,1.0,Østfold,175000.0,2020.0,56000.0,40.0,218.0,270.0,12.0,2.0,0.0,1.0,Ukjent,2026-03-03,2026-03-03,Aktiv,Nissan,Leaf
452640461,Nissan Leaf,https://www.finn.no/mobility/item/452640461,Sarpsborg ∙ Brennes Auto AS,Sarpsborg,Brennes Auto AS,1.0,Østfold,244900.0,2024.0,6200.0,40.0,150.0,270.0,12.0,2.0,0.0,1.0,Ukjent,2026-03-03,2026-03-03,Aktiv,Nissan,Leaf
445800928,Nissan Leaf,https://www.finn.no/mobility/item/445800928,Sarpsborg ∙ Brennes Auto AS,Sarpsborg,Brennes Auto AS,1.0,Østfold,205000.0,2021.0,66000.0,40.0,218.0,385.0,12.0,2.0,0.0,1.0,Ukjent,2026-03-03,2026-03-03,Aktiv,Nissan,Leaf
449168886,Nissan Leaf,https://www.finn.no/mobility/item/449168886,Sarpsborg ∙ Sørlie Bil AS,Sarpsborg,Sørlie Bil AS,1.0,Østfold,59000.0,2014.0,100800.0,40.0,109.0,270.0,12.0,2.0,0.0,1.0,Ukjent,2026-03-03,2026-03-03,Aktiv,Nissan,Leaf
452634168,Nissan Leaf,https://www.finn.no/mobility/item/452634168,Moss ∙ Ernø Auto AS,Moss,Ernø Auto AS,1.0,Østfold,58700.0,2016.0,71250.0,40.0,109.0,270.0,12.0,2.0,0.0,0.0,Ukjent,2026-03-03,2026-03-03,Aktiv,Nissan,Leaf
435030178,Nissan Leaf,https://www.finn.no/mobility/item/435030178,Gressvik ∙ DIAMANT BILPLEIE & BILSALG AS,Gressvik,DIAMANT BILPLEIE & BILSALG AS,1.0,Østfold,29999.0,2012.0,145532.0,40.0,109.0,270.0,12.0,2.0,0.0,0.0,Ukjent,2026-03-03,2026-03-03,Aktiv,Nissan,Leaf
435621123,Nissan Leaf,https://www.finn.no/mobility/item/435621123,Moss ∙ Dahles Auto Moss AS,Moss,Dahles Auto Moss AS,1.0,Østfold,189900.0,2023.0,46000.0,40.0,150.0,278.0,12.0,2.0,0.0,1.0,Ukjent,2026-03-03,2026-03-03,Aktiv,Nissan,Leaf
444945210,Nissan Leaf,https://www.finn.no/mobility/item/444945210,Sarpsborg ∙ Brennes Auto AS,Sarpsborg,Brennes Auto AS,1.0,Østfold,139000.0,2018.0,35000.0,40.0,150.0,270.0,12.0,2.0,0.0,1.0,Ukjent,2026-03-03,2026-03-03,Aktiv,Nissan,Leaf
449156709,Nissan Leaf,https://www.finn.no/mobility/item/449156709,Moss ∙ Brennes Auto Moss AS,Moss,Brennes Auto Moss AS,1.0,Østfold,129000.0,2019.0,81050.0,40.0,150.0,275.0,12.0,2.0,0.0,1.0,Ukjent,2026-03-03,2026-03-03,Aktiv,Nissan,Leaf
449083796,Nissan Leaf,https://www.finn.no/mobility/item/449083796,Greåker ∙ NULL TIL HUNDRE AS,Greåker,NULL TIL HUNDRE AS,1.0,Østfold,119000.0,2018.0,93800.0,40.0,150.0,270.0,12.0,1.0,0.0,1.0,Ukjent,2026-03-03,2026-03-03,Aktiv,Nissan,Leaf
444591072,Nissan Leaf,https://www.finn.no/mobility/item/444591072,Sarpsborg ∙ Brennes Auto AS,Sarpsborg,Brennes Auto AS,1.0,Østfold,189000.0,2022.0,62600.0,40.0,150.0,270.0,12.0,2.0,0.0,1.0,Ukjent,2026-03-03,2026-03-03,Aktiv,Nissan,Leaf
452633733,Nissan Leaf,https://www.finn.no/mobility/item/452633733,Moss ∙ Ernø Auto AS,Moss,Ernø Auto AS,1.0,Østfold,43700.0,2014.0,147750.0,40.0,109.0,270.0,12.0,2.0,0.0,0.0,Ukjent,2026-03-03,2026-03-03,Aktiv,Nissan,Leaf
434235626,Nissan Leaf,https://www.finn.no/mobility/item/434235626,Halden ∙ Dahles Auto Halden AS,Halden,Dahles Auto Halden AS,1.0,Østfold,259000.0,2023.0,39899.0,59.0,218.0,395.0,13.066666666666666,2.0,0.0,1.0,Ukjent,2026-03-03,2026-03-03,Aktiv,Nissan,Leaf
444591068,Nissan Leaf,https://www.finn.no/mobility/item/444591068,Sarpsborg ∙ Brennes Auto AS,Sarpsborg,Brennes Auto AS,1.0,Østfold,209000.0,2022.0,28700.0,40.0,150.0,270.0,12.0,2.0,0.0,1.0,Ukjent,2026-03-03,2026-03-03,Aktiv,Nissan,Leaf
432642916,Nissan Leaf,https://www.finn.no/mobility/item/432642916,Moss ∙ Brennes Auto Moss AS,Moss,Brennes Auto Moss AS,1.0,Østfold,225000.0,2022.0,18400.0,40.0,0.0,270.0,12.0,2.0,0.0,1.0,Ukjent,2026-03-03,2026-03-03,Aktiv,Nissan,Leaf
448775505,Nissan Leaf,https://www.finn.no/mobility/item/448775505,Sarpsborg ∙ Brennes Auto AS,Sarpsborg,Brennes Auto AS,1.0,Østfold,229000.0,2023.0,57500.0,59.0,218.0,385.0,12.0,2.0,0.0,1.0,Ukjent,2026-03-03,2026-03-03,Aktiv,Nissan,Leaf
452614914,Nissan Leaf,https://www.finn.no/mobility/item/452614914,Sarpsborg ∙ AUTO DUHOKI AHMED,Sarpsborg,AUTO DUHOKI AHMED,1.0,Østfold,44942.0,2014.0,164600.0,24.0,109.0,270.0,23.366666666666667,3.0,0.0,0.0,Ukjent,2026-03-03,2026-03-03,Aktiv,Nissan,Leaf
452491086,Nissan Leaf,https://www.finn.no/mobility/item/452491086,Askim ∙ Sulland Bil Askim,Askim,Sulland Bil Askim,1.0,Østfold,218900.0,2022.0,40100.0,62.0,217.0,385.0,12.0,2.0,0.0,1.0,Ukjent,2026-03-03,2026-03-03,Aktiv,Nissan,Leaf
448727778,Nissan Leaf,https://www.finn.no/mobility/item/448727778,Moss,Moss,,0.0,Østfold,34942.0,2014.0,166025.0,24.0,109.0,270.0,18.23333333333333,2.0,0.0,0.0,Ukjent,2026-03-03,2026-03-03,Aktiv,Nissan,Leaf
444190985,Nissan Leaf,https://www.finn.no/mobility/item/444190985,Rolvsøy ∙ ROLVSØY BILSALG,Rolvsøy,ROLVSØY BILSALG,1.0,Østfold,37000.0,2013.0,140000.0,40.0,109.0,270.0,12.0,2.0,0.0,0.0,Ukjent,2026-03-03,2026-03-03,Aktiv,Nissan,Leaf
432214685,Nissan Leaf,https://www.finn.no/mobility/item/432214685,Slitu ∙ ØSTFOLD BILSALG,Slitu,ØSTFOLD BILSALG,1.0,Østfold,169000.0,2020.0,47900.0,40.0,150.0,270.0,12.0,2.0,0.0,1.0,Ukjent,2026-03-03,2026-03-03,Aktiv,Nissan,Leaf
452408394,Nissan Leaf,https://www.finn.no/mobility/item/452408394,Torp ∙ VELAND AUTO AS,Torp,VELAND AUTO AS,1.0,Rogaland,98900.0,2018.0,95700.0,40.0,150.0,270.0,12.0,2.0,0.0,1.0,Ukjent,2026-03-03,2026-03-03,Aktiv,Nissan,Leaf
411071449,Nissan Leaf,https://www.finn.no/mobility/item/411071449,Sarpsborg ∙ Grandahl Bil AS avd. Sarpsborg,Sarpsborg,Grandahl Bil AS avd. Sarpsborg,1.0,Østfold,169000.0,2020.0,82000.0,40.0,150.0,270.0,12.0,2.0,0.0,1.0,Ukjent,2026-03-03,2026-03-03,Aktiv,Nissan,Leaf
405259147,Nissan Leaf,https://www.finn.no/mobility/item/405259147,Kråkerøy ∙ Japan Auto AS,Kråkerøy,Japan Auto AS,1.0,Østfold,48000.0,2015.0,154553.0,24.0,109.0,160.0,3.8333333333333335,6.0,0.0,1.0,Ukjent,2026-03-03,2026-03-03,Aktiv,Nissan,Leaf
448245939,Nissan Leaf,https://www.finn.no/mobility/item/448245939,Moss ∙ Brennes Auto Moss AS,Moss,Brennes Auto Moss AS,1.0,Østfold,169000.0,2021.0,82500.0,62.0,218.0,385.0,12.0,2.0,0.0,1.0,Ukjent,2026-03-03,2026-03-03,Aktiv,Nissan,Leaf
452380441,Nissan Leaf,https://www.finn.no/mobility/item/452380441,Rolvsøy ∙ Hvaler Bruktbil AS,Rolvsøy,Hvaler Bruktbil AS,1.0,Østfold,139900.0,2020.0,69980.0,40.0,150.0,270.0,12.0,2.0,0.0,1.0,Ukjent,2026-03-03,2026-03-03,Aktiv,Nissan,Leaf
443291527,Nissan Leaf,https://www.finn.no/mobility/item/443291527,Gamle Fredrikstad ∙ ØSTFOLD AUTO AS,Gamle Fredrikstad,ØSTFOLD AUTO AS,1.0,Østfold,159000.0,2019.0,77000.0,40.0,218.0,270.0,12.0,2.0,0.0,1.0,Ukjent,2026-03-03,2026-03-03,Aktiv,Nissan,Leaf
442570576,Nissan Leaf,https://www.finn.no/mobility/item/442570576,Moss ∙ Dahles Auto Moss AS,Moss,Dahles Auto Moss AS,1.0,Østfold,144900.0,2020.0,75000.0,40.0,150.0,270.0,12.0,2.0,0.0,1.0,Ukjent,2026-03-03,2026-03-03,Aktiv,Nissan,Leaf
448220058,Nissan Leaf,https://www.finn.no/mobility/item/448220058,Moss ∙ Sandvika Bil AS,Moss,Sandvika Bil AS,1.0,Østfold,119000.0,2019.0,100300.0,40.0,150.0,280.0,12.0,2.0,0.0,1.0,Ukjent,2026-03-03,2026-03-03,Aktiv,Nissan,Leaf
325593233,Nissan Leaf,https://www.finn.no/mobility/item/325593233,Gressvik ∙ Kjelvik Invest,Gressvik,Kjelvik Invest,1.0,Østfold,67700.0,2015.0,144900.0,24.0,109.0,155.0,12.0,1.0,0.0,0.0,Ukjent,2026-03-03,2026-03-03,Aktiv,Nissan,Leaf
420776811,Nissan Leaf,https://www.finn.no/mobility/item/420776811,Fredrikstad,Fredrikstad,,0.0,Østfold,104434.0,2018.0,112000.0,40.0,150.0,270.0,7.0,2.0,0.0,0.0,Ukjent,2026-03-03,2026-03-03,Aktiv,Nissan,Leaf
452105854,Nissan Leaf,https://www.finn.no/mobility/item/452105854,Rolvsøy ∙ ROLVSØY BILSALG,Rolvsøy,ROLVSØY BILSALG,1.0,Østfold,26000.0,2014.0,187000.0,40.0,109.0,270.0,12.0,2.0,0.0,0.0,Ukjent,2026-03-03,2026-03-03,Aktiv,Nissan,Leaf
442278760,Nissan Leaf,https://www.finn.no/mobility/item/442278760,Sarpsborg ∙ Rebil Salgshjelp,Sarpsborg,Rebil Salgshjelp,1.0,Østfold,31900.0,2012.0,92500.0,20.0,109.0,90.0,3.933333333333333,2.0,0.0,0.0,Ukjent,2026-03-03,2026-03-03,Aktiv,Nissan,Leaf
304263831,Nissan Leaf,https://www.finn.no/mobility/item/304263831,Moss ∙ RS BILMEGLING AS,Moss,RS BILMEGLING AS,1.0,Østfold,239800.0,2022.0,20000.0,40.0,150.0,270.0,12.0,2.0,0.0,1.0,Ukjent,2026-03-03,2026-03-03,Aktiv,Nissan,Leaf
448183513,Nissan Leaf,https://www.finn.no/mobility/item/448183513,Fredrikstad ∙ BILSALG NORGE AS,Fredrikstad,BILSALG NORGE AS,1.0,Østfold,47942.0,2014.0,120100.0,24.0,109.0,270.0,7.0,1.0,0.0,0.0,Ukjent,2026-03-03,2026-03-03,Aktiv,Nissan,Leaf
448019563,Nissan Leaf,https://www.finn.no/mobility/item/448019563,Moss ∙ Rebil,Moss,Rebil,1.0,Østfold,169900.0,2019.0,101000.0,62.0,218.0,385.0,12.0,2.0,0.0,1.0,Ukjent,2026-03-03,2026-03-03,Aktiv,Nissan,Leaf
452071269,Nissan Leaf,https://www.finn.no/mobility/item/452071269,Våler i Østfold,Våler i Østfold,,0.0,Østfold,36942.0,2013.0,138000.0,24.0,109.0,112.0,14.766666666666667,3.0,0.0,0.0,Ukjent,2026-03-03,2026-03-03,Aktiv,Nissan,Leaf
292475198,Nissan Leaf,https://www.finn.no/mobility/item/292475198,Rygge ∙ ØRA AUTO AS,Rygge,ØRA AUTO AS,1.0,Oslo/Akershus,169000.0,2018.0,39800.0,40.0,150.0,270.0,12.0,2.0,0.0,1.0,Ukjent,2026-03-03,2026-03-03,Aktiv,Nissan,Leaf
439627708,Nissan Leaf,https://www.finn.no/mobility/item/439627708,Tomter,Tomter,,0.0,Oslo/Akershus,59434.0,2016.0,100021.0,30.0,109.0,250.0,1.0333333333333334,2.0,0.0,0.0,Ukjent,2026-03-03,2026-03-03,Aktiv,Nissan,Leaf
442181534,Nissan Leaf,https://www.finn.no/mobility/item/442181534,Sarpsborg ∙ Sørlie Bil AS,Sarpsborg,Sørlie Bil AS,1.0,Østfold,55000.0,2014.0,154000.0,40.0,150.0,270.0,12.0,2.0,0.0,1.0,Ukjent,2026-03-03,2026-03-03,Aktiv,Nissan,Leaf
451834661,Nissan Leaf,https://www.finn.no/mobility/item/451834661,Sarpsborg ∙ Brennes Auto AS,Sarpsborg,Brennes Auto AS,1.0,Østfold,189900.0,2020.0,69500.0,62.0,218.0,384.0,12.0,2.0,0.0,0.0,Ukjent,2026-03-03,2026-03-03,Aktiv,Nissan,Leaf
441720972,Nissan Leaf,https://www.finn.no/mobility/item/441720972,Greåker ∙ BIL & MEK AS,Greåker,BIL & MEK AS,1.0,Østfold,25000.0,2017.0,157800.0,30.0,109.0,270.0,-27.5,1.0,0.0,0.0,Ukjent,2026-03-03,2026-03-03,Aktiv,Nissan,Leaf
451641454,Nissan Leaf,https://www.finn.no/mobility/item/451641454,Halden ∙ Mobility Halden AS,Halden,Mobility Halden AS,1.0,Østfold,189000.0,2021.0,63200.0,59.0,217.0,385.0,12.0,2.0,0.0,1.0,Ukjent,2026-03-03,2026-03-03,Aktiv,Nissan,Leaf
451832445,Nissan Leaf,https://www.finn.no/mobility/item/451832445,Sarpsborg ∙ Brennes Auto AS,Sarpsborg,Brennes Auto AS,1.0,Østfold,209000.0,2021.0,57000.0,62.0,218.0,385.0,12.0,1.0,0.0,1.0,Ukjent,2026-03-03,2026-03-03,Aktiv,Nissan,Leaf
441605315,Nissan Leaf,https://www.finn.no/mobility/item/441605315,Sarpsborg ∙ Grandahl Bil AS avd. Sarpsborg,Sarpsborg,Grandahl Bil AS avd. Sarpsborg,1.0,Østfold,179000.0,2020.0,49000.0,40.0,150.0,270.0,12.0,2.0,0.0,1.0,Ukjent,2026-03-03,2026-03-03,Aktiv,Nissan,Leaf
453249223,Nissan Leaf,https://www.finn.no/mobility/item/453249223,Stathelle ∙ Telemark Bilutsalg AS,Stathelle,Telemark Bilutsalg AS,1.0,Vestfold/Telemark,34900.0,2015.0,116200.0,40.0,109.0,270.0,12.0,2.0,0.0,0.0,Ukjent,2026-03-03,2026-03-03,Aktiv,Nissan,Leaf
451777175,Nissan Leaf,https://www.finn.no/mobility/item/451777175,Ulefoss,Ulefoss,,0.0,Vestfold/Telemark,134000.0,2019.0,58000.0,40.0,150.0,270.0,16.0,2.0,0.0,0.0,Ukjent,2026-03-03,2026-03-03,Aktiv,Nissan,Leaf
453112654,Nissan Leaf,https://www.finn.no/mobility/item/453112654,Porsgrunn,Porsgrunn,,0.0,Vestfold/Telemark,29942.0,2013.0,108000.0,40.0,109.0,270.0,23.933333333333334,3.0,0.0,0.0,Ukjent,2026-03-03,2026-03-03,Aktiv,Nissan,Leaf
452469723,Nissan Leaf,https://www.finn.no/mobility/item/452469723,Skien ∙ KARS Nenset,Skien,KARS Nenset,1.0,Vestfold/Telemark,22000.0,2013.0,114000.0,24.0,109.0,270.0,12.0,2.0,0.0,1.0,Ukjent,2026-03-03,2026-03-03,Aktiv,Nissan,Leaf
445804901,Nissan Leaf,https://www.finn.no/mobility/item/445804901,Bø i Telemark,Bø i Telemark,,0.0,Vestfold/Telemark,114432.0,2019.0,99850.0,40.0,150.0,270.0,8.666666666666666,1.0,0.0,1.0,Ukjent,2026-03-03,2026-03-03,Aktiv,Nissan,Leaf
452409778,Nissan Leaf,https://www.finn.no/mobility/item/452409778,Skien ∙ GRENLAND BIL AS,Skien,GRENLAND BIL AS,1.0,Vestfold/Telemark,159000.0,2020.0,74000.0,40.0,150.0,270.0,12.0,2.0,0.0,0.0,Ukjent,2026-03-03,2026-03-03,Aktiv,Nissan,Leaf
452395330,Nissan Leaf,https://www.finn.no/mobility/item/452395330,Skien ∙ Mobile Skien AS,Skien,Mobile Skien AS,1.0,Vestfold/Telemark,129000.0,2018.0,67800.0,40.0,150.0,270.0,2.933333333333333,2.0,0.0,1.0,Ukjent,2026-03-03,2026-03-03,Aktiv,Nissan,Leaf
452379736,Nissan Leaf,https://www.finn.no/mobility/item/452379736,Notodden ∙ RS Bilsenter AS,Notodden,RS Bilsenter AS,1.0,Vestfold/Telemark,173532.0,2020.0,44000.0,62.0,215.0,385.0,-24.53333333333333,1.0,0.0,1.0,Ukjent,2026-03-03,2026-03-03,Aktiv,Nissan,Leaf
446617108,Nissan Leaf,https://www.finn.no/mobility/item/446617108,Bø i Telemark,Bø i Telemark,,0.0,Vestfold/Telemark,169932.0,2020.0,86000.0,62.0,215.0,385.0,2.333333333333333,2.0,0.0,0.0,Ukjent,2026-03-03,2026-03-03,Aktiv,Nissan,Leaf
451464875,Nissan Leaf,https://www.finn.no/mobility/item/451464875,Bø i Telemark ∙ Mobile Bø AS,Bø i Telemark,Mobile Bø AS,1.0,Vestfold/Telemark,149900.0,2021.0,79518.0,40.0,150.0,270.0,8.566666666666666,2.0,0.0,1.0,Ukjent,2026-03-03,2026-03-03,Aktiv,Nissan,Leaf
451011559,Nissan Leaf,https://www.finn.no/mobility/item/451011559,Skien ∙ Mobile Skien AS,Skien,Mobile Skien AS,1.0,Vestfold/Telemark,229000.0,2023.0,73582.0,59.0,218.0,395.0,13.5,2.0,0.0,1.0,Ukjent,2026-03-03,2026-03-03,Aktiv,Nissan,Leaf
451126986,Nissan Leaf,https://www.finn.no/mobility/item/451126986,Stathelle ∙ Telemark Bilutsalg AS,Stathelle,Telemark Bilutsalg AS,1.0,Vestfold/Telemark,24900.0,2013.0,156800.0,40.0,109.0,270.0,12.0,3.0,0.0,0.0,Ukjent,2026-03-03,2026-03-03,Aktiv,Nissan,Leaf
451327405,Nissan Leaf,https://www.finn.no/mobility/item/451327405,Stathelle ∙ Telemark Bilutsalg AS,Stathelle,Telemark Bilutsalg AS,1.0,Vestfold/Telemark,27500.0,2016.0,137800.0,40.0,109.0,270.0,12.0,2.0,0.0,0.0,Ukjent,2026-03-03,2026-03-03,Aktiv,Nissan,Leaf
449909764,Nissan Leaf,https://www.finn.no/mobility/item/449909764,Kviteseid,Kviteseid,,0.0,Vestfold/Telemark,91532.0,2018.0,155000.0,40.0,150.0,220.0,15.066666666666666,2.0,0.0,0.0,Ukjent,2026-03-03,2026-03-03,Aktiv,Nissan,Leaf
449714209,Nissan Leaf,https://www.finn.no/mobility/item/449714209,Ulefoss,Ulefoss,,0.0,Vestfold/Telemark,199900.0,2023.0,51000.0,39.0,150.0,270.0,15.633333333333333,1.0,0.0,1.0,Ukjent,2026-03-03,2026-03-03,Aktiv,Nissan,Leaf
448242354,Nissan Leaf,https://www.finn.no/mobility/item/448242354,Skien ∙ STAR BIL AS,Skien,STAR BIL AS,1.0,Vestfold/Telemark,179000.0,2021.0,85000.0,40.0,218.0,270.0,12.0,2.0,0.0,1.0,Ukjent,2026-03-03,2026-03-03,Aktiv,Nissan,Leaf
449494112,Nissan Leaf,https://www.finn.no/mobility/item/449494112,Skien ∙ Mobile Skien AS,Skien,Mobile Skien AS,1.0,Vestfold/Telemark,49000.0,2013.0,117755.0,24.0,109.0,270.0,18.166666666666668,2.0,0.0,1.0,Ukjent,2026-03-03,2026-03-03,Aktiv,Nissan,Leaf
449360296,Nissan Leaf,https://www.finn.no/mobility/item/449360296,Porsgrunn ∙ PANORAMA AUTO AS,Porsgrunn,PANORAMA AUTO AS,1.0,Vestfold/Telemark,40800.0,2013.0,54500.0,40.0,109.0,270.0,12.0,2.0,0.0,0.0,Ukjent,2026-03-03,2026-03-03,Aktiv,Nissan,Leaf
447454710,Nissan Leaf,https://www.finn.no/mobility/item/447454710,Skien ∙ C.S Bil Norge AS,Skien,C.S Bil Norge AS,1.0,Vestfold/Telemark,115000.0,2018.0,97600.0,40.0,150.0,270.0,6.8,2.0,0.0,1.0,Ukjent,2026-03-03,2026-03-03,Aktiv,Nissan,Leaf
448106701,Nissan Leaf,https://www.finn.no/mobility/item/448106701,Skien ∙ AUTOMOTOR AS,Skien,AUTOMOTOR AS,1.0,Vestfold/Telemark,239000.0,2024.0,13900.0,40.0,150.0,278.0,12.0,2.0,0.0,1.0,Ukjent,2026-03-03,2026-03-03,Aktiv,Nissan,Leaf
444938061,Nissan Leaf,https://www.finn.no/mobility/item/444938061,Porsgrunn ∙ PANORAMA AUTO AS,Porsgrunn,PANORAMA AUTO AS,1.0,Vestfold/Telemark,173900.0,2020.0,64363.0,40.0,218.0,385.0,12.0,2.0,0.0,1.0,Ukjent,2026-03-03,2026-03-03,Aktiv,Nissan,Leaf
441508099,Nissan Leaf,https://www.finn.no/mobility/item/441508099,Bø i Telemark ∙ Mobile Bø AS,Bø i Telemark,Mobile Bø AS,1.0,Vestfold/Telemark,158900.0,2020.0,46909.0,40.0,150.0,270.0,0.0333333333333333,2.0,0.0,1.0,Ukjent,2026-03-03,2026-03-03,Aktiv,Nissan,Leaf
441012108,Nissan Leaf,https://www.finn.no/mobility/item/441012108,Stathelle ∙ Telemark Bilutsalg AS,Stathelle,Telemark Bilutsalg AS,1.0,Vestfold/Telemark,169900.0,2021.0,30700.0,40.0,150.0,270.0,12.0,1.0,0.0,0.0,Ukjent,2026-03-03,2026-03-03,Aktiv,Nissan,Leaf
441012966,Nissan Leaf,https://www.finn.no/mobility/item/441012966,Stathelle ∙ Telemark Bilutsalg AS,Stathelle,Telemark Bilutsalg AS,1.0,Vestfold/Telemark,144900.0,2021.0,40700.0,40.0,150.0,270.0,12.0,1.0,0.0,0.0,Ukjent,2026-03-03,2026-03-03,Aktiv,Nissan,Leaf
440200253,Nissan Leaf,https://www.finn.no/mobility/item/440200253,Skien ∙ Lassen Auto AS,Skien,Lassen Auto AS,1.0,Vestfold/Telemark,198800.0,2022.0,26489.0,40.0,150.0,280.0,12.0,2.0,0.0,1.0,Ukjent,2026-03-03,2026-03-03,Aktiv,Nissan,Leaf
434712232,Nissan Leaf,https://www.finn.no/mobility/item/434712232,Kyrksæterøra,Kyrksæterøra,,0.0,Annet,94434.0,2018.0,162523.0,40.0,150.0,270.0,23.266666666666666,2.0,0.0,0.0,Tekna,2026-03-03,2026-03-03,Aktiv,Nissan,Leaf
451385081,Nissan Leaf,https://www.finn.no/mobility/item/451385081,Brumunddal ∙ GEIR EVENSTAD,Brumunddal,GEIR EVENSTAD,1.0,Annet,179900.0,2022.0,27000.0,39.0,150.0,270.0,7.233333333333333,1.0,0.0,1.0,Visia,2026-03-03,2026-03-03,Aktiv,Nissan,Leaf
453002168,Nissan Leaf,https://www.finn.no/mobility/item/453002168,Ulsteinvik,Ulsteinvik,,0.0,Annet,124532.0,2018.0,96000.0,40.0,150.0,270.0,9.033333333333331,5.0,0.0,0.0,Tekna,2026-03-03,2026-03-03,Aktiv,Nissan,Leaf
453554500,Nissan Leaf,https://www.finn.no/mobility/item/453554500,Skodje ∙ Auksjonen.No AS,Skodje,Auksjonen.No AS,1.0,Annet,144532.0,2021.0,39000.0,40.0,150.0,270.0,12.0,1.0,0.0,0.0,Ukjent,2026-03-03,2026-03-03,Aktiv,Nissan,Leaf
453011642,Nissan Leaf,https://www.finn.no/mobility/item/453011642,Gjettum,Gjettum,,0.0,Annet,49532.0,2015.0,80000.0,24.0,109.0,150.0,13.233333333333333,2.0,0.0,0.0,Tekna,2026-03-03,2026-03-03,Aktiv,Nissan,Leaf
453551279,Nissan Leaf,https://www.finn.no/mobility/item/453551279,Tromsdalen ∙ Biltrend Tromsø AS,Tromsdalen,Biltrend Tromsø AS,1.0,Annet,99098.0,2017.0,46000.0,30.0,109.0,270.0,12.0,1.0,0.0,0.0,Ukjent,2026-03-03,2026-03-03,Aktiv,Nissan,Leaf
453472010,Nissan Leaf,https://www.finn.no/mobility/item/453472010,Rud ∙ Birger N. Haug AS avd. Rud,Rud,Birger N. Haug AS avd. Rud,1.0,Annet,229900.0,2022.0,41959.0,62.0,215.0,270.0,12.0,1.0,0.0,1.0,Ukjent,2026-03-03,2026-03-03,Aktiv,Nissan,Leaf
452487759,Nissan Leaf,https://www.finn.no/mobility/item/452487759,Skedsmokorset,Skedsmokorset,,0.0,Annet,26942.0,2014.0,256000.0,24.0,109.0,120.0,23.933333333333334,1.0,0.0,0.0,Ukjent,2026-03-03,2026-03-03,Aktiv,Nissan,Leaf
453468914,Nissan Leaf,https://www.finn.no/mobility/item/453468914,Bodø ∙ Sulland Bodø,Bodø,Sulland Bodø,1.0,Nord-Norge,219000.0,2021.0,46326.0,62.0,215.0,385.0,17.7,1.0,0.0,1.0,Tekna,2026-03-03,2026-03-03,Aktiv,Nissan,Leaf
452990764,Nissan Leaf,https://www.finn.no/mobility/item/452990764,Kristiansand S ∙ Premium Auto AS,Kristiansand S,Premium Auto AS,1.0,Sørlandet,169000.0,2022.0,62000.0,40.0,150.0,285.0,12.0,1.0,0.0,1.0,Ukjent,2026-03-03,2026-03-03,Aktiv,Nissan,Leaf
453226961,Nissan Leaf,https://www.finn.no/mobility/item/453226961,Åfjord,Åfjord,,0.0,Annet,36942.0,2013.0,82558.0,24.0,109.0,270.0,18.03333333333333,3.0,0.0,0.0,Ukjent,2026-03-03,2026-03-03,Aktiv,Nissan,Leaf
453528998,Nissan Leaf,https://www.finn.no/mobility/item/453528998,Sjøvegan,Sjøvegan,,0.0,Annet,109532.0,2018.0,132678.0,40.0,150.0,270.0,21.866666666666667,3.0,0.0,0.0,Ukjent,2026-03-03,2026-03-03,Aktiv,Nissan,Leaf
452997850,Nissan Leaf,https://www.finn.no/mobility/item/452997850,Ankenes,Ankenes,,0.0,Annet,219532.0,2021.0,65500.0,62.0,215.0,385.0,15.2,1.0,0.0,0.0,Ukjent,2026-03-03,2026-03-03,Aktiv,Nissan,Leaf
453518314,Nissan Leaf,https://www.finn.no/mobility/item/453518314,Bru,Bru,,0.0,Annet,118532.0,2018.0,110350.0,40.0,150.0,270.0,8.033333333333333,1.0,0.0,0.0,Tekna,2026-03-03,2026-03-03,Aktiv,Nissan,Leaf
453462141,Nissan Leaf,https://www.finn.no/mobility/item/453462141,Kristiansand S,Kristiansand S,,0.0,Sørlandet,33942.0,2013.0,140000.0,40.0,109.0,100.0,9.133333333333333,2.0,0.0,0.0,Ukjent,2026-03-03,2026-03-03,Aktiv,Nissan,Leaf
453462062,Nissan Leaf,https://www.finn.no/mobility/item/453462062,Rud ∙ Birger N. Haug Outlet Rud,Rud,Birger N. Haug Outlet Rud,1.0,Annet,99900.0,2018.0,148548.0,40.0,150.0,270.0,23.266666666666666,1.0,0.0,0.0,Ukjent,2026-03-03,2026-03-03,Aktiv,Nissan,Leaf
453458451,Nissan Leaf,https://www.finn.no/mobility/item/453458451,Klæbu ∙ Auksjonen.No AS,Klæbu,Auksjonen.No AS,1.0,Annet,21942.0,2012.0,121000.0,40.0,109.0,270.0,12.0,1.0,0.0,0.0,Ukjent,2026-03-03,2026-03-03,Aktiv,Nissan,Leaf
450430726,Nissan Leaf,https://www.finn.no/mobility/item/450430726,Rud ∙ Birger N. Haug Outlet Rud,Rud,Birger N. Haug Outlet Rud,1.0,Annet,48900.0,2016.0,120000.0,30.0,109.0,270.0,13.933333333333334,1.0,0.0,0.0,Tekna,2026-03-03,2026-03-03,Aktiv,Nissan,Leaf
452985303,Nissan Leaf,https://www.finn.no/mobility/item/452985303,Drammen ∙ AUTO REFRANCE AS,Drammen,AUTO REFRANCE AS,1.0,Oslo/Akershus,149999.0,2021.0,151000.0,40.0,218.0,385.0,12.0,1.0,0.0,1.0,Ukjent,2026-03-03,2026-03-03,Aktiv,Nissan,Leaf
453518885,Nissan Leaf,https://www.finn.no/mobility/item/453518885,Åros ∙ Birger N Haug AS avd Røyken,Åros,Birger N Haug AS avd Røyken,1.0,Vestland,114900.0,2018.0,75355.0,40.0,150.0,270.0,23.8,1.0,0.0,1.0,Ukjent,2026-03-03,2026-03-03,Aktiv,Nissan,Leaf
452861330,Nissan Leaf,https://www.finn.no/mobility/item/452861330,Skodje,Skodje,,0.0,Annet,135532.0,2019.0,118756.0,40.0,150.0,270.0,11.8,2.0,0.0,0.0,N-Connecta,2026-03-03,2026-03-03,Aktiv,Nissan,Leaf
453454369,Nissan Leaf,https://www.finn.no/mobility/item/453454369,Andebu,Andebu,,0.0,Annet,104532.0,2018.0,113350.0,40.0,150.0,270.0,23.266666666666666,3.0,0.0,0.0,Ukjent,2026-03-03,2026-03-03,Aktiv,Nissan,Leaf
453508885,Nissan Leaf,https://www.finn.no/mobility/item/453508885,Harstad,Harstad,,0.0,Nord-Norge,156532.0,2019.0,60580.0,40.0,150.0,270.0,12.566666666666666,1.0,0.0,0.0,Tekna,2026-03-03,2026-03-03,Aktiv,Nissan,Leaf
453453882,Nissan Leaf,https://www.finn.no/mobility/item/453453882,Trondheim ∙ Melhus Bil Trondheim AS,Trondheim,Melhus Bil Trondheim AS,1.0,Trøndelag,179900.0,2021.0,31063.0,40.0,150.0,270.0,12.0,1.0,0.0,1.0,Ukjent,2026-03-03,2026-03-03,Aktiv,Nissan,Leaf
453313855,Nissan Leaf,https://www.finn.no/mobility/item/453313855,Oslo,Oslo,,0.0,Oslo/Akershus,157532.0,2020.0,84000.0,62.0,215.0,385.0,9.6,5.0,0.0,0.0,Ukjent,2026-03-03,2026-03-03,Aktiv,Nissan,Leaf
450486981,Nissan Leaf,https://www.finn.no/mobility/item/450486981,Ingeberg,Ingeberg,,0.0,Annet,52532.0,2015.0,75000.0,24.0,109.0,270.0,17.966666666666665,2.0,0.0,0.0,Ukjent,2026-03-03,2026-03-03,Aktiv,Nissan,Leaf
453161230,Nissan Leaf,https://www.finn.no/mobility/item/453161230,Skarnes,Skarnes,,0.0,Annet,31842.0,2013.0,174200.0,24.0,109.0,270.0,14.833333333333334,1.0,0.0,0.0,Tekna,2026-03-03,2026-03-03,Aktiv,Nissan,Leaf
453452502,Nissan Leaf,https://www.finn.no/mobility/item/453452502,Kongsvinger ∙ Toyota Sulland Kongsvinger,Kongsvinger,Toyota Sulland Kongsvinger,1.0,Annet,64000.0,2017.0,133000.0,30.0,109.0,120.0,12.0,1.0,0.0,1.0,Tekna,2026-03-03,2026-03-03,Aktiv,Nissan,Leaf
453507749,Nissan Leaf,https://www.finn.no/mobility/item/453507749,Stange ∙ Torgersen Bil AS,Stange,Torgersen Bil AS,1.0,Annet,58532.0,2015.0,108000.0,24.0,109.0,270.0,13.066666666666666,2.0,0.0,0.0,Ukjent,2026-03-03,2026-03-03,Aktiv,Nissan,Leaf
452978310,Nissan Leaf,https://www.finn.no/mobility/item/452978310,Bodø ∙ Auksjonen.No AS,Bodø,Auksjonen.No AS,1.0,Nord-Norge,44532.0,2015.0,114869.0,40.0,109.0,270.0,12.0,1.0,0.0,0.0,Tekna,2026-03-03,2026-03-03,Aktiv,Nissan,Leaf
453501608,Nissan Leaf,https://www.finn.no/mobility/item/453501608,Åros ∙ Birger N Haug AS avd Røyken,Åros,Birger N Haug AS avd Røyken,1.0,Vestland,124900.0,2020.0,109000.0,40.0,150.0,270.0,24.066666666666663,1.0,0.0,1.0,Ukjent,2026-03-03,2026-03-03,Aktiv,Nissan,Leaf
453446880,Nissan Leaf,https://www.finn.no/mobility/item/453446880,Trondheim ∙ Auto 8-8 Witro AS,Trondheim,Auto 8-8 Witro AS,1.0,Trøndelag,168900.0,2021.0,44100.0,39.0,149.0,270.0,12.0,1.0,0.0,1.0,Ukjent,2026-03-03,2026-03-03,Aktiv,Nissan,Leaf
449932019,Nissan Leaf,https://www.finn.no/mobility/item/449932019,Ås,Ås,,0.0,Annet,67532.0,2016.0,146800.0,30.0,109.0,250.0,20.666666666666668,7.0,0.0,0.0,Ukjent,2026-03-03,2026-03-03,Aktiv,Nissan,Leaf
453496501,Nissan Leaf,https://www.finn.no/mobility/item/453496501,Oslo ∙ BROEN BIL AS,Oslo,BROEN BIL AS,1.0,Oslo/Akershus,64942.0,2013.0,37100.0,24.0,109.0,150.0,15.733333333333333,1.0,0.0,1.0,Acenta,2026-03-03,2026-03-03,Aktiv,Nissan,Leaf
452972769,Nissan Leaf,https://www.finn.no/mobility/item/452972769,Kristiansand S ∙ Gumpen Motor,Kristiansand S,Gumpen Motor,1.0,Sørlandet,169000.0,2022.0,46866.0,39.0,149.0,285.0,12.0,1.0,0.0,1.0,Visia,2026-03-03,2026-03-03,Aktiv,Nissan,Leaf
453126979,Nissan Leaf,https://www.finn.no/mobility/item/453126979,Tveit,Tveit,,0.0,Annet,33900.0,2013.0,244863.0,40.0,109.0,270.0,15.266666666666667,3.0,0.0,0.0,Ukjent,2026-03-03,2026-03-03,Aktiv,Nissan,Leaf
453444415,Nissan Leaf,https://www.finn.no/mobility/item/453444415,Trondheim ∙ Melhus Bil Trondheim AS,Trondheim,Melhus Bil Trondheim AS,1.0,Trøndelag,179900.0,2021.0,39133.0,40.0,150.0,270.0,12.0,1.0,0.0,1.0,Acenta,2026-03-03,2026-03-03,Aktiv,Nissan,Leaf
452971240,Nissan Leaf,https://www.finn.no/mobility/item/452971240,Stjørdal ∙ Auto 8-8 Trio AS,Stjørdal,Auto 8-8 Trio AS,1.0,Trøndelag,189000.0,2021.0,91000.0,59.0,217.0,385.0,12.0,1.0,0.0,1.0,N-Connecta,2026-03-03,2026-03-03,Aktiv,Nissan,Leaf
453116923,Nissan Leaf,https://www.finn.no/mobility/item/453116923,Ulsteinvik,Ulsteinvik,,0.0,Annet,199532.0,2022.0,43917.0,39.0,150.0,270.0,7.6,1.0,0.0,1.0,Tekna,2026-03-03,2026-03-03,Aktiv,Nissan,Leaf
453440607,Nissan Leaf,https://www.finn.no/mobility/item/453440607,Vinstra ∙ Auto24 AS,Vinstra,Auto24 AS,1.0,Annet,49995.0,2014.0,95885.0,24.0,109.0,135.0,12.0,3.0,0.0,1.0,Ukjent,2026-03-03,2026-03-03,Aktiv,Nissan,Leaf
453488586,Nissan Leaf,https://www.finn.no/mobility/item/453488586,Dombås,Dombås,,0.0,Annet,209532.0,2018.0,158000.0,40.0,150.0,270.0,22.83333333333333,2.0,0.0,0.0,Ukjent,2026-03-03,2026-03-03,Aktiv,Nissan,Leaf
452679250,Nissan Leaf,https://www.finn.no/mobility/item/452679250,Gardermoen ∙ Birger N. Haug AS avd Gardermoen Outlet,Gardermoen,Birger N. Haug AS avd Gardermoen Outlet,1.0,Annet,144900.0,2019.0,50929.0,40.0,150.0,270.0,15.7,1.0,0.0,0.0,Tekna,2026-03-03,2026-03-03,Aktiv,Nissan,Leaf
453487638,Nissan Leaf,https://www.finn.no/mobility/item/453487638,Sem ∙ Mobile Jarlsberg AS,Sem,Mobile Jarlsberg AS,1.0,Vestfold/Telemark,119000.0,2018.0,108846.0,40.0,150.0,270.0,24.2,1.0,0.0,1.0,Ukjent,2026-03-03,2026-03-03,Aktiv,Nissan,Leaf
452968730,Nissan Leaf,https://www.finn.no/mobility/item/452968730,Kristiansand S ∙ Gumpen Motor,Kristiansand S,Gumpen Motor,1.0,Sørlandet,239000.0,2024.0,17668.0,39.0,149.0,278.0,12.0,1.0,0.0,1.0,Tekna,2026-03-03,2026-03-03,Aktiv,Nissan,Leaf
452966668,Nissan Leaf,https://www.finn.no/mobility/item/452966668,Kristiansand S ∙ Gumpen Motor,Kristiansand S,Gumpen Motor,1.0,Sørlandet,239000.0,2024.0,20220.0,39.0,149.0,278.0,12.0,1.0,0.0,0.0,Ukjent,2026-03-03,2026-03-03,Aktiv,Nissan,Leaf
450751640,Nissan Leaf,https://www.finn.no/mobility/item/450751640,Gardermoen ∙ Birger N. Haug AS avd Gardermoen Outlet,Gardermoen,Birger N. Haug AS avd Gardermoen Outlet,1.0,Annet,84900.0,2018.0,181000.0,40.0,150.0,270.0,24.2,1.0,0.0,0.0,Tekna,2026-03-03,2026-03-03,Aktiv,Nissan,Leaf
450895613,Nissan Leaf,https://www.finn.no/mobility/item/450895613,Midsund,Midsund,,0.0,Annet,64532.0,2017.0,164841.0,30.0,109.0,120.0,23.433333333333334,3.0,0.0,0.0,Ukjent,2026-03-03,2026-03-03,Aktiv,Nissan,Leaf
452940660,Nissan Leaf,https://www.finn.no/mobility/item/452940660,Straumsgrend,Straumsgrend,,0.0,Annet,119000.0,2018.0,106000.0,40.0,150.0,270.0,25.4,1.0,0.0,0.0,Ukjent,2026-03-03,2026-03-03,Aktiv,Nissan,Leaf
453116071,Nissan Leaf,https://www.finn.no/mobility/item/453116071,Steinkjer ∙ Steinkjer Bil AS,Steinkjer,Steinkjer Bil AS,1.0,Annet,249000.0,2022.0,43000.0,62.0,218.0,395.0,12.0,1.0,0.0,1.0,Ukjent,2026-03-03,2026-03-03,Aktiv,Nissan,Leaf
448529309,Nissan Leaf,https://www.finn.no/mobility/item/448529309,Lillestrøm ∙ Birger N. Haug AS Lillestrøm,Lillestrøm,Birger N. Haug AS Lillestrøm,1.0,Oslo/Akershus,149900.0,2021.0,57232.0,40.0,150.0,270.0,13.566666666666666,1.0,0.0,1.0,Ukjent,2026-03-03,2026-03-03,Aktiv,Nissan,Leaf
453476798,Nissan Leaf,https://www.finn.no/mobility/item/453476798,Lillesand,Lillesand,,0.0,Annet,28532.0,2016.0,126766.0,30.0,109.0,270.0,2.8,3.0,0.0,0.0,Tekna,2026-03-03,2026-03-03,Aktiv,Nissan,Leaf
452959306,Nissan Leaf,https://www.finn.no/mobility/item/452959306,Kristiansand S ∙ Gumpen Motor,Kristiansand S,Gumpen Motor,1.0,Sørlandet,229000.0,2022.0,29728.0,59.0,217.0,396.0,12.0,1.0,0.0,1.0,e+,2026-03-03,2026-03-03,Aktiv,Nissan,Leaf
453477159,Nissan Leaf,https://www.finn.no/mobility/item/453477159,Rud ∙ Birger N. Haug Outlet Rud,Rud,Birger N. Haug Outlet Rud,1.0,Annet,149900.0,2021.0,115803.0,40.0,150.0,270.0,24.066666666666663,1.0,0.0,0.0,Ukjent,2026-03-03,2026-03-03,Aktiv,Nissan,Leaf
453112305,Nissan Leaf,https://www.finn.no/mobility/item/453112305,Bodø ∙ iBiln AS avd. Bodø,Bodø,iBiln AS avd. Bodø,1.0,Nord-Norge,219900.0,2022.0,82150.0,40.0,122.0,396.0,12.0,1.0,0.0,1.0,Tekna,2026-03-03,2026-03-03,Aktiv,Nissan,Leaf
453423697,Nissan Leaf,https://www.finn.no/mobility/item/453423697,Oslo ∙ Mobile Skøyen AS,Oslo,Mobile Skøyen AS,1.0,Oslo/Akershus,238900.0,2023.0,41388.0,59.0,218.0,395.0,12.033333333333331,1.0,0.0,1.0,N-Connecta,2026-03-03,2026-03-03,Aktiv,Nissan,Leaf
453425363,Nissan Leaf,https://www.finn.no/mobility/item/453425363,Hønefoss ∙ Bertel O. Steen Ringerike,Hønefoss,Bertel O. Steen Ringerike,1.0,Vestland,159000.0,2021.0,122000.0,59.0,217.0,385.0,12.0,1.0,0.0,1.0,N-Connecta,2026-03-03,2026-03-03,Aktiv,Nissan,Leaf
453473663,Nissan Leaf,https://www.finn.no/mobility/item/453473663,Arendal ∙ AUTO COMPANY AS,Arendal,AUTO COMPANY AS,1.0,Sørlandet,129900.0,2018.0,47632.0,40.0,150.0,270.0,12.0,1.0,0.0,1.0,Tekna,2026-03-03,2026-03-03,Aktiv,Nissan,Leaf
453415743,Nissan Leaf,https://www.finn.no/mobility/item/453415743,Oslo ∙ Bilnor Outlet,Oslo,Bilnor Outlet,1.0,Oslo/Akershus,55000.0,2017.0,103700.0,30.0,109.0,270.0,11.766666666666667,3.0,0.0,0.0,Tekna,2026-03-03,2026-03-03,Aktiv,Nissan,Leaf
453473376,Nissan Leaf,https://www.finn.no/mobility/item/453473376,Arendal ∙ AUTO COMPANY AS,Arendal,AUTO COMPANY AS,1.0,Sørlandet,129900.0,2019.0,51979.0,40.0,150.0,270.0,12.0,2.0,0.0,1.0,Ukjent,2026-03-03,2026-03-03,Aktiv,Nissan,Leaf
452956303,Nissan Leaf,https://www.finn.no/mobility/item/452956303,Kristiansand S ∙ Gumpen Motor,Kristiansand S,Gumpen Motor,1.0,Sørlandet,199000.0,2022.0,9723.0,39.0,150.0,278.0,12.0,1.0,0.0,1.0,Ukjent,2026-03-03,2026-03-03,Aktiv,Nissan,Leaf
453078912,Nissan Leaf,https://www.finn.no/mobility/item/453078912,Steinkjer ∙ Steinkjer Bil AS,Steinkjer,Steinkjer Bil AS,1.0,Annet,285000.0,2023.0,9000.0,62.0,218.0,378.0,12.0,1.0,0.0,1.0,Ukjent,2026-03-03,2026-03-03,Aktiv,Nissan,Leaf
450293931,Nissan Leaf,https://www.finn.no/mobility/item/450293931,Gardermoen ∙ Birger N. Haug AS avd Gardermoen Outlet,Gardermoen,Birger N. Haug AS avd Gardermoen Outlet,1.0,Annet,109900.0,2018.0,93000.0,40.0,150.0,270.0,9.2,1.0,0.0,0.0,Tekna,2026-03-03,2026-03-03,Aktiv,Nissan,Leaf
452935876,Nissan Leaf,https://www.finn.no/mobility/item/452935876,Kjeller,Kjeller,,0.0,Annet,144432.0,2019.0,91600.0,40.0,150.0,270.0,18.7,1.0,0.0,0.0,Tekna,2026-03-03,2026-03-03,Aktiv,Nissan,Leaf
453065943,Nissan Leaf,https://www.finn.no/mobility/item/453065943,Ski ∙ Birger N. Haug Ski,Ski,Birger N. Haug Ski,1.0,Oslo/Akershus,252900.0,2024.0,44723.0,59.0,218.0,395.0,23.5,1.0,0.0,1.0,N-Connecta,2026-03-03,2026-03-03,Aktiv,Nissan,Leaf
453065682,Nissan Leaf,https://www.finn.no/mobility/item/453065682,Ski ∙ Birger N. Haug Ski,Ski,Birger N. Haug Ski,1.0,Oslo/Akershus,219900.0,2023.0,78012.0,59.0,218.0,395.0,11.3,1.0,0.0,1.0,Ukjent,2026-03-03,2026-03-03,Aktiv,Nissan,Leaf
452952743,Nissan Leaf,https://www.finn.no/mobility/item/452952743,Kristiansand S ∙ Mobile Sørlandsparken AS,Kristiansand S,Mobile Sørlandsparken AS,1.0,Sørlandet,219000.0,2022.0,49100.0,62.0,215.0,270.0,22.866666666666667,1.0,0.0,1.0,N-Connecta,2026-03-03,2026-03-03,Aktiv,Nissan,Leaf
452823629,Nissan Leaf,https://www.finn.no/mobility/item/452823629,Gardermoen ∙ Birger N. Haug AS avd Gardermoen Outlet,Gardermoen,Birger N. Haug AS avd Gardermoen Outlet,1.0,Annet,179900.0,2020.0,70305.0,62.0,215.0,385.0,9.566666666666666,1.0,0.0,0.0,N-Connecta,2026-03-03,2026-03-03,Aktiv,Nissan,Leaf
453035306,Nissan Leaf,https://www.finn.no/mobility/item/453035306,Tromsø,Tromsø,,0.0,Nord-Norge,129532.0,2019.0,93449.0,40.0,150.0,270.0,12.933333333333334,2.0,0.0,0.0,Tekna,2026-03-03,2026-03-03,Aktiv,Nissan,Leaf
453407576,Nissan Leaf,https://www.finn.no/mobility/item/453407576,Rud ∙ Birger N. Haug AS avd. Rud,Rud,Birger N. Haug AS avd. Rud,1.0,Annet,199900.0,2022.0,38500.0,39.0,150.0,278.0,9.266666666666667,1.0,0.0,1.0,N-Connecta,2026-03-03,2026-03-03,Aktiv,Nissan,Leaf
453009232,Nissan Leaf,https://www.finn.no/mobility/item/453009232,Kristiansand S,Kristiansand S,,0.0,Sørlandet,33532.0,2015.0,143000.0,24.0,109.0,110.0,10.866666666666667,1.0,0.0,0.0,Ukjent,2026-03-03,2026-03-03,Aktiv,Nissan,Leaf
453013319,Nissan Leaf,https://www.finn.no/mobility/item/453013319,Jaren,Jaren,,0.0,Annet,54999.0,2015.0,82403.0,24.0,109.0,150.0,15.9,2.0,0.0,0.0,Ukjent,2026-03-03,2026-03-03,Aktiv,Nissan,Leaf
451929048,Nissan Leaf,https://www.finn.no/mobility/item/451929048,Gardermoen ∙ Birger N. Haug AS avd Gardermoen Outlet,Gardermoen,Birger N. Haug AS avd Gardermoen Outlet,1.0,Annet,144900.0,2020.0,63659.0,40.0,150.0,270.0,24.133333333333333,1.0,0.0,0.0,N-Connecta,2026-03-03,2026-03-03,Aktiv,Nissan,Leaf
433626715,Nissan Leaf,https://www.finn.no/mobility/item/433626715,Vanvikan,Vanvikan,,0.0,Annet,139434.0,2019.0,122000.0,62.0,215.0,385.0,14.566666666666666,1.0,0.0,0.0,Tekna,2026-03-03,2026-03-03,Aktiv,Nissan,Leaf
453405191,Nissan Leaf,https://www.finn.no/mobility/item/453405191,Rud ∙ Birger N. Haug AS avd. Rud,Rud,Birger N. Haug AS avd. Rud,1.0,Annet,229900.0,2024.0,22660.0,39.0,150.0,278.0,25.6,1.0,0.0,1.0,N-Connecta,2026-03-03,2026-03-03,Aktiv,Nissan,Leaf
453403393,Nissan Leaf,https://www.finn.no/mobility/item/453403393,Rasta ∙ Auksjonen.No AS,Rasta,Auksjonen.No AS,1.0,Annet,65532.0,2019.0,218000.0,40.0,150.0,270.0,12.0,1.0,0.0,0.0,Ukjent,2026-03-03,2026-03-03,Aktiv,Nissan,Leaf
453401055,Nissan Leaf,https://www.finn.no/mobility/item/453401055,Oslo,Oslo,,0.0,Oslo/Akershus,16942.0,2013.0,134215.0,40.0,109.0,270.0,0.5666666666666667,2.0,0.0,0.0,Ukjent,2026-03-03,2026-03-03,Aktiv,Nissan,Leaf
453351357,Nissan Leaf,https://www.finn.no/mobility/item/453351357,Tromsø,Tromsø,,0.0,Nord-Norge,16942.0,2013.0,144000.0,24.0,109.0,50.0,12.033333333333331,4.0,0.0,0.0,Ukjent,2026-03-03,2026-03-03,Aktiv,Nissan,Leaf
453326933,Nissan Leaf,https://www.finn.no/mobility/item/453326933,Skjetten ∙ Møller Bil Bruktbil avd. Outlet Stor-Oslo,Skjetten,Møller Bil Bruktbil avd. Outlet Stor-Oslo,1.0,Annet,59000.0,2017.0,75000.0,40.0,109.0,270.0,12.066666666666666,1.0,0.0,1.0,Ukjent,2026-03-03,2026-03-03,Aktiv,Nissan,Leaf
453330939,Nissan Leaf,https://www.finn.no/mobility/item/453330939,Vennesla,Vennesla,,0.0,Annet,36942.0,2013.0,106600.0,40.0,109.0,270.0,10.133333333333333,1.0,0.0,0.0,Ukjent,2026-03-03,2026-03-03,Aktiv,Nissan,Leaf
453309741,Nissan Leaf,https://www.finn.no/mobility/item/453309741,Klokkarvik,Klokkarvik,,0.0,Annet,52532.0,2017.0,168000.0,30.0,109.0,270.0,15.1,1.0,0.0,0.0,Ukjent,2026-03-03,2026-03-03,Aktiv,Nissan,Leaf
453307370,Nissan Leaf,https://www.finn.no/mobility/item/453307370,Nesoddtangen,Nesoddtangen,,0.0,Annet,14942.0,2013.0,142000.0,40.0,109.0,270.0,8.266666666666667,3.0,0.0,0.0,Ukjent,2026-03-03,2026-03-03,Aktiv,Nissan,Leaf
453299889,Nissan Leaf,https://www.finn.no/mobility/item/453299889,Skodje,Skodje,,0.0,Annet,33942.0,2013.0,103500.0,40.0,109.0,270.0,22.7,4.0,0.0,0.0,Ukjent,2026-03-03,2026-03-03,Aktiv,Nissan,Leaf
453303332,Nissan Leaf,https://www.finn.no/mobility/item/453303332,Jakobsli,Jakobsli,,0.0,Annet,114532.0,2018.0,92440.0,40.0,150.0,270.0,6.0,2.0,0.0,0.0,N-Connecta,2026-03-03,2026-03-03,Aktiv,Nissan,Leaf
448070988,Nissan Leaf,https://www.finn.no/mobility/item/448070988,Ski,Ski,,0.0,Oslo/Akershus,187505.0,2023.0,32736.0,39.0,150.0,270.0,12.933333333333334,1.0,0.0,1.0,N-Connecta,2026-03-03,2026-03-03,Aktiv,Nissan,Leaf
453275492,Nissan Leaf,https://www.finn.no/mobility/item/453275492,Kristiansand S ∙ BERGES AUTO AS,Kristiansand S,BERGES AUTO AS,1.0,Sørlandet,49995.0,2014.0,135000.0,24.0,109.0,270.0,23.0,1.0,0.0,1.0,Ukjent,2026-03-03,2026-03-03,Aktiv,Nissan,Leaf
449913229,Nissan Leaf,https://www.finn.no/mobility/item/449913229,Rådal,Rådal,,0.0,Vestland,41532.0,2015.0,77330.0,24.0,109.0,270.0,15.6,1.0,0.0,0.0,Tekna,2026-03-03,2026-03-03,Aktiv,Nissan,Leaf
426670130,Nissan Leaf,https://www.finn.no/mobility/item/426670130,Ørsta,Ørsta,,0.0,Annet,139000.0,2020.0,88000.0,40.0,150.0,270.0,18.2,1.0,0.0,0.0,Ukjent,2026-03-03,2026-03-03,Aktiv,Nissan,Leaf
452796100,Nissan Leaf,https://www.finn.no/mobility/item/452796100,Hamar ∙ Storhamar Bil AS,Hamar,Storhamar Bil AS,1.0,Annet,169000.0,2020.0,57978.0,40.0,218.0,385.0,12.0,1.0,0.0,1.0,N-Connecta,2026-03-03,2026-03-03,Aktiv,Nissan,Leaf
435811744,Nissan Leaf,https://www.finn.no/mobility/item/435811744,Lillestrøm,Lillestrøm,,0.0,Oslo/Akershus,139334.0,2018.0,90000.0,40.0,150.0,270.0,-0.1333333333333333,2.0,0.0,0.0,N-Connecta,2026-03-03,2026-03-03,Aktiv,Nissan,Leaf
452937970,Nissan Leaf,https://www.finn.no/mobility/item/452937970,Minnesund,Minnesund,,0.0,Annet,164532.0,2020.0,97729.0,62.0,215.0,385.0,-18.9,3.0,0.0,0.0,Ukjent,2026-03-03,2026-03-03,Aktiv,Nissan,Leaf
452792743,Nissan Leaf,https://www.finn.no/mobility/item/452792743,Elverum ∙ Elverumbil AS,Elverum,Elverumbil AS,1.0,Annet,215000.0,2024.0,36056.0,40.0,150.0,278.0,12.0,1.0,0.0,1.0,N-Connecta,2026-03-03,2026-03-03,Aktiv,Nissan,Leaf
448035512,Nissan Leaf,https://www.finn.no/mobility/item/448035512,Rud ∙ Birger N. Haug Outlet Rud,Rud,Birger N. Haug Outlet Rud,1.0,Annet,132900.0,2020.0,74682.0,40.0,150.0,270.0,23.366666666666667,1.0,0.0,0.0,Ukjent,2026-03-03,2026-03-03,Aktiv,Nissan,Leaf
438760191,Nissan Leaf,https://www.finn.no/mobility/item/438760191,Heimdal,Heimdal,,0.0,Annet,153532.0,2021.0,60770.0,40.0,150.0,270.0,21.7,1.0,0.0,1.0,N-Connecta,2026-03-03,2026-03-03,Aktiv,Nissan,Leaf
451548192,Nissan Leaf,https://www.finn.no/mobility/item/451548192,Tomasjord,Tomasjord,,0.0,Annet,208532.0,2021.0,73000.0,62.0,215.0,385.0,18.133333333333333,1.0,0.0,1.0,Tekna,2026-03-03,2026-03-03,Aktiv,Nissan,Leaf
452904969,Nissan Leaf,https://www.finn.no/mobility/item/452904969,Bødalen ∙ Vøyen Auto,Bødalen,Vøyen Auto,1.0,Annet,102532.0,2018.0,104000.0,40.0,150.0,270.0,23.866666666666667,1.0,0.0,0.0,Ukjent,2026-03-03,2026-03-03,Aktiv,Nissan,Leaf
452945936,Nissan Leaf,https://www.finn.no/mobility/item/452945936,Vanse ∙ Auksjonen.No AS,Vanse,Auksjonen.No AS,1.0,Annet,13942.0,2012.0,165100.0,40.0,109.0,270.0,12.0,1.0,0.0,0.0,Ukjent,2026-03-03,2026-03-03,Aktiv,Nissan,Leaf
452782652,Nissan Leaf,https://www.finn.no/mobility/item/452782652,Kvinesdal ∙ Kverneland Bil | Volvo og MG Kvinesdal,Kvinesdal,Kverneland Bil | Volvo og MG Kvinesdal,1.0,Annet,134900.0,2019.0,96000.0,39.0,149.0,270.0,12.0,1.0,0.0,1.0,Ukjent,2026-03-03,2026-03-03,Aktiv,Nissan,Leaf
446905871,Nissan Leaf,https://www.finn.no/mobility/item/446905871,Lierstranda ∙ Røhneselmer AS avd. Lier,Lierstranda,Røhneselmer AS avd. Lier,1.0,Annet,221900.0,2022.0,34900.0,62.0,217.0,385.0,12.0,1.0,0.0,1.0,N-Connecta,2026-03-03,2026-03-03,Aktiv,Nissan,Leaf
452936689,Nissan Leaf,https://www.finn.no/mobility/item/452936689,Spillum ∙ Høylandet Auto AS,Spillum,Høylandet Auto AS,1.0,Annet,149000.0,2021.0,98500.0,40.0,150.0,270.0,12.0,1.0,0.0,1.0,Tekna,2026-03-03,2026-03-03,Aktiv,Nissan,Leaf
452691687,Nissan Leaf,https://www.finn.no/mobility/item/452691687,Ålesund ∙ Auto 8-8 Ålesund AS,Ålesund,Auto 8-8 Ålesund AS,1.0,Annet,159000.0,2020.0,85000.0,40.0,150.0,270.0,12.0,1.0,0.0,1.0,Tekna,2026-03-03,2026-03-03,Aktiv,Nissan,Leaf
442114719,Nissan Leaf,https://www.finn.no/mobility/item/442114719,Lillestrøm ∙ Birger N. Haug AS Lillestrøm,Lillestrøm,Birger N. Haug AS Lillestrøm,1.0,Oslo/Akershus,179900.0,2022.0,44959.0,39.0,150.0,278.0,8.333333333333334,1.0,0.0,1.0,Ukjent,2026-03-03,2026-03-03,Aktiv,Nissan,Leaf
452933021,Nissan Leaf,https://www.finn.no/mobility/item/452933021,Gol ∙ GOL AUTO AS,Gol,GOL AUTO AS,1.0,Annet,119000.0,2019.0,119171.0,40.0,122.0,270.0,12.0,1.0,0.0,1.0,Ukjent,2026-03-03,2026-03-03,Aktiv,Nissan,Leaf
452930828,Nissan Leaf,https://www.finn.no/mobility/item/452930828,Jessheim ∙ CARSTORE OUTLET,Jessheim,CARSTORE OUTLET,1.0,Oslo/Akershus,159900.0,2022.0,91500.0,39.0,150.0,285.0,9.333333333333334,1.0,0.0,1.0,Ukjent,2026-03-03,2026-03-03,Aktiv,Nissan,Leaf
452771047,Nissan Leaf,https://www.finn.no/mobility/item/452771047,Mauseidvåg ∙ BILHUSET SUNDE AS,Mauseidvåg,BILHUSET SUNDE AS,1.0,Annet,139800.0,2018.0,92000.0,40.0,150.0,278.0,12.0,1.0,0.0,1.0,Tekna,2026-03-03,2026-03-03,Aktiv,Nissan,Leaf
452930107,Nissan Leaf,https://www.finn.no/mobility/item/452930107,Trondheim ∙ Auto 8-8 Witro AS,Trondheim,Auto 8-8 Witro AS,1.0,Trøndelag,129000.0,2018.0,90100.0,40.0,150.0,270.0,12.0,1.0,0.0,1.0,N-Connecta,2026-03-03,2026-03-03,Aktiv,Nissan,Leaf
452760694,Nissan Leaf,https://www.finn.no/mobility/item/452760694,Trondheim ∙ Bilmekka AS,Trondheim,Bilmekka AS,1.0,Trøndelag,58900.0,2016.0,144000.0,40.0,109.0,270.0,12.0,2.0,0.0,1.0,Acenta,2026-03-03,2026-03-03,Aktiv,Nissan,Leaf
452536899,Nissan Leaf,https://www.finn.no/mobility/item/452536899,Lillestrøm ∙ Birger N. Haug AS Lillestrøm,Lillestrøm,Birger N. Haug AS Lillestrøm,1.0,Oslo/Akershus,279900.0,2023.0,14657.0,59.0,218.0,395.0,12.833333333333334,1.0,0.0,1.0,Ukjent,2026-03-03,2026-03-03,Aktiv,Nissan,Leaf
452676299,Nissan Leaf,https://www.finn.no/mobility/item/452676299,Øvrebø ∙ DBBIL AS,Øvrebø,DBBIL AS,1.0,Annet,249000.0,2023.0,18100.0,40.0,218.0,396.0,12.0,1.0,0.0,1.0,Ukjent,2026-03-03,2026-03-03,Aktiv,Nissan,Leaf
452536824,Nissan Leaf,https://www.finn.no/mobility/item/452536824,Tromsø ∙ Traasdahl AS,Tromsø,Traasdahl AS,1.0,Nord-Norge,224900.0,2024.0,23500.0,39.0,150.0,280.0,28.2,1.0,0.0,1.0,N-Connecta,2026-03-03,2026-03-03,Aktiv,Nissan,Leaf
452754283,Nissan Leaf,https://www.finn.no/mobility/item/452754283,Mjøndalen ∙ Auto Connect AS,Mjøndalen,Auto Connect AS,1.0,Annet,89000.0,2017.0,93300.0,30.0,109.0,270.0,12.0,1.0,0.0,1.0,Ukjent,2026-03-03,2026-03-03,Aktiv,Nissan,Leaf
452674261,Nissan Leaf,https://www.finn.no/mobility/item/452674261,Ranheim ∙ Nardo Bil AS Jaguar Land Rover,Ranheim,Nardo Bil AS Jaguar Land Rover,1.0,Annet,139900.0,2018.0,57260.0,40.0,150.0,270.0,12.0,1.0,0.0,1.0,Ukjent,2026-03-03,2026-03-03,Aktiv,Nissan,Leaf
452536579,Nissan Leaf,https://www.finn.no/mobility/item/452536579,Heimdal ∙ Myauto AS,Heimdal,Myauto AS,1.0,Annet,129000.0,2018.0,94605.0,40.0,150.0,270.0,12.0,1.0,0.0,1.0,Ukjent,2026-03-03,2026-03-03,Aktiv,Nissan,Leaf
444385287,Nissan Leaf,https://www.finn.no/mobility/item/444385287,Trondheim,Trondheim,,0.0,Trøndelag,193000.0,2022.0,42200.0,40.0,150.0,270.0,21.466666666666665,2.0,0.0,1.0,Tekna,2026-03-03,2026-03-03,Aktiv,Nissan,Leaf
452850005,Nissan Leaf,https://www.finn.no/mobility/item/452850005,Lillestrøm,Lillestrøm,,0.0,Oslo/Akershus,33942.0,2013.0,147500.0,24.0,109.0,270.0,16.633333333333333,2.0,0.0,0.0,Tekna,2026-03-03,2026-03-03,Aktiv,Nissan,Leaf
452535110,Nissan Leaf,https://www.finn.no/mobility/item/452535110,Heimdal ∙ Myauto AS,Heimdal,Myauto AS,1.0,Annet,123900.0,2018.0,129047.0,40.0,150.0,250.0,12.0,1.0,0.0,1.0,Ukjent,2026-03-03,2026-03-03,Aktiv,Nissan,Leaf
452531854,Nissan Leaf,https://www.finn.no/mobility/item/452531854,Mauseidvåg ∙ BILHUSET SUNDE AS,Mauseidvåg,BILHUSET SUNDE AS,1.0,Annet,225800.0,2023.0,27000.0,40.0,150.0,278.0,12.0,1.0,0.0,1.0,Ukjent,2026-03-03,2026-03-03,Aktiv,Nissan,Leaf
452665963,Nissan Leaf,https://www.finn.no/mobility/item/452665963,Lørenskog ∙ MAX AUTO AS,Lørenskog,MAX AUTO AS,1.0,Oslo/Akershus,229900.0,2024.0,29618.0,40.0,150.0,278.0,12.0,1.0,0.0,1.0,Ukjent,2026-03-03,2026-03-03,Aktiv,Nissan,Leaf
452668681,Nissan Leaf,https://www.finn.no/mobility/item/452668681,Gardermoen ∙ Birger N. Haug AS avd Gardermoen Outlet,Gardermoen,Birger N. Haug AS avd Gardermoen Outlet,1.0,Annet,69900.0,2017.0,82150.0,30.0,109.0,270.0,16.1,1.0,0.0,0.0,Tekna,2026-03-03,2026-03-03,Aktiv,Nissan,Leaf
452851185,Nissan Leaf,https://www.finn.no/mobility/item/452851185,Kristiansand S ∙ Mobile Sørlandsparken AS,Kristiansand S,Mobile Sørlandsparken AS,1.0,Sørlandet,209000.0,2021.0,42700.0,62.0,215.0,385.0,19.866666666666667,1.0,0.0,1.0,Tekna,2026-03-03,2026-03-03,Aktiv,Nissan,Leaf
452656488,Nissan Leaf,https://www.finn.no/mobility/item/452656488,Lørenskog ∙ Auto Solution AS,Lørenskog,Auto Solution AS,1.0,Oslo/Akershus,114800.0,2019.0,82284.0,40.0,150.0,270.0,12.0,1.0,0.0,1.0,Tekna,2026-03-03,2026-03-03,Aktiv,Nissan,Leaf
425071903,Nissan Leaf,https://www.finn.no/mobility/item/425071903,Klæbu,Klæbu,,0.0,Annet,54434.0,2016.0,162500.0,30.0,109.0,250.0,4.066666666666666,2.0,0.0,0.0,Ukjent,2026-03-03,2026-03-03,Aktiv,Nissan,Leaf
452531428,Nissan Leaf,https://www.finn.no/mobility/item/452531428,Drammen ∙ Mobile Drammen AS,Drammen,Mobile Drammen AS,1.0,Oslo/Akershus,238900.0,2023.0,35998.0,59.0,218.0,395.0,18.6,1.0,0.0,1.0,N-Connecta,2026-03-03,2026-03-03,Aktiv,Nissan,Leaf
451242743,Nissan Leaf,https://www.finn.no/mobility/item/451242743,Steinkjer,Steinkjer,,0.0,Annet,135000.0,2019.0,84000.0,40.0,150.0,270.0,18.466666666666665,2.0,0.0,0.0,Tekna,2026-03-03,2026-03-03,Aktiv,Nissan,Leaf
452530617,Nissan Leaf,https://www.finn.no/mobility/item/452530617,Drammen ∙ Mobile Drammen AS,Drammen,Mobile Drammen AS,1.0,Oslo/Akershus,167900.0,2022.0,22127.0,39.0,150.0,285.0,8.266666666666667,1.0,0.0,1.0,Ukjent,2026-03-03,2026-03-03,Aktiv,Nissan,Leaf
452530495,Nissan Leaf,https://www.finn.no/mobility/item/452530495,Drammen ∙ Mobile Drammen AS,Drammen,Mobile Drammen AS,1.0,Oslo/Akershus,184900.0,2022.0,28741.0,39.0,150.0,278.0,1.6333333333333333,1.0,0.0,1.0,Tekna,2026-03-03,2026-03-03,Aktiv,Nissan,Leaf
452728165,Nissan Leaf,https://www.finn.no/mobility/item/452728165,Billingstad ∙ RøhneSelmer AS avd. Asker og Bærum,Billingstad,RøhneSelmer AS avd. Asker og Bærum,1.0,Annet,234900.0,2024.0,9106.0,40.0,150.0,270.0,12.0,1.0,0.0,1.0,Ukjent,2026-03-03,2026-03-03,Aktiv,Nissan,Leaf
450755255,Nissan Leaf,https://www.finn.no/mobility/item/450755255,Lillestrøm ∙ Birger N. Haug AS Lillestrøm,Lillestrøm,Birger N. Haug AS Lillestrøm,1.0,Oslo/Akershus,179900.0,2022.0,65178.0,39.0,150.0,278.0,9.966666666666669,1.0,0.0,1.0,Ukjent,2026-03-03,2026-03-03,Aktiv,Nissan,Leaf
452833845,Nissan Leaf,https://www.finn.no/mobility/item/452833845,Ridabu ∙ Mobile Hamar AS,Ridabu,Mobile Hamar AS,1.0,Annet,169000.0,2023.0,84811.0,39.0,150.0,278.0,10.666666666666666,1.0,0.0,1.0,Ukjent,2026-03-03,2026-03-03,Aktiv,Nissan,Leaf
452713190,Nissan Leaf,https://www.finn.no/mobility/item/452713190,Braskereidfoss,Braskereidfoss,,0.0,Oslo/Akershus,53532.0,2016.0,106000.0,30.0,109.0,270.0,23.33333333333333,4.0,0.0,0.0,Acenta,2026-03-03,2026-03-03,Aktiv,Nissan,Leaf
452530334,Nissan Leaf,https://www.finn.no/mobility/item/452530334,Drammen ∙ Mobile Drammen AS,Drammen,Mobile Drammen AS,1.0,Oslo/Akershus,179900.0,2022.0,32381.0,39.0,150.0,278.0,1.6333333333333333,1.0,0.0,1.0,Tekna,2026-03-03,2026-03-03,Aktiv,Nissan,Leaf
452647243,Nissan Leaf,https://www.finn.no/mobility/item/452647243,Gjerdrum ∙ Optimal Auto AS,Gjerdrum,Optimal Auto AS,1.0,Annet,199900.0,2021.0,73800.0,62.0,218.0,385.0,12.0,1.0,0.0,1.0,Tekna,2026-03-03,2026-03-03,Aktiv,Nissan,Leaf
452530054,Nissan Leaf,https://www.finn.no/mobility/item/452530054,Drammen ∙ Mobile Drammen AS,Drammen,Mobile Drammen AS,1.0,Oslo/Akershus,164900.0,2021.0,29686.0,40.0,150.0,270.0,-2.466666666666667,1.0,0.0,1.0,N-Connecta,2026-03-03,2026-03-03,Aktiv,Nissan,Leaf
452639352,Nissan Leaf,https://www.finn.no/mobility/item/452639352,Løten ∙ Autoplan AS,Løten,Autoplan AS,1.0,Annet,69000.0,2022.0,65411.0,40.0,150.0,270.0,22.6,1.0,0.0,1.0,Ukjent,2026-03-03,2026-03-03,Aktiv,Nissan,Leaf
452526652,Nissan Leaf,https://www.finn.no/mobility/item/452526652,Stjørdal ∙ Auto 8-8 Trio AS,Stjørdal,Auto 8-8 Trio AS,1.0,Trøndelag,169000.0,2022.0,85347.0,39.0,149.0,270.0,12.0,1.0,0.0,1.0,Ukjent,2026-03-03,2026-03-03,Aktiv,Nissan,Leaf
452519154,Nissan Leaf,https://www.finn.no/mobility/item/452519154,Stjørdal ∙ Auto 8-8 Trio AS,Stjørdal,Auto 8-8 Trio AS,1.0,Trøndelag,215000.0,2023.0,3800.0,39.0,150.0,270.0,12.0,1.0,0.0,1.0,Visia,2026-03-03,2026-03-03,Aktiv,Nissan,Leaf
452703867,Nissan Leaf,https://www.finn.no/mobility/item/452703867,Søndeled ∙ Christian Aasbø AS,Søndeled,Christian Aasbø AS,1.0,Annet,89532.0,2018.0,138000.0,40.0,150.0,270.0,24.1,5.0,0.0,0.0,Ukjent,2026-03-03,2026-03-03,Aktiv,Nissan,Leaf
452513782,Nissan Leaf,https://www.finn.no/mobility/item/452513782,Slemmestad,Slemmestad,,0.0,Annet,31932.0,2013.0,175000.0,24.0,109.0,120.0,15.833333333333334,2.0,0.0,0.0,Ukjent,2026-03-03,2026-03-03,Aktiv,Nissan,Leaf
452808226,Nissan Leaf,https://www.finn.no/mobility/item/452808226,Fetsund ∙ Nitteberg Bil AS,Fetsund,Nitteberg Bil AS,1.0,Annet,119000.0,2018.0,53500.0,40.0,150.0,270.0,12.0,1.0,0.0,1.0,Ukjent,2026-03-03,2026-03-03,Aktiv,Nissan,Leaf
449335996,Nissan Leaf,https://www.finn.no/mobility/item/449335996,Melhus,Melhus,,0.0,Annet,39532.0,2015.0,89000.0,40.0,109.0,270.0,7.466666666666667,3.0,0.0,0.0,Ukjent,2026-03-03,2026-03-03,Aktiv,Nissan,Leaf
452512931,Nissan Leaf,https://www.finn.no/mobility/item/452512931,Ski ∙ Birger N. Haug Ski,Ski,Birger N. Haug Ski,1.0,Oslo/Akershus,189900.0,2021.0,55000.0,62.0,215.0,385.0,13.033333333333331,1.0,0.0,1.0,N-Connecta,2026-03-03,2026-03-03,Aktiv,Nissan,Leaf
452618215,Nissan Leaf,https://www.finn.no/mobility/item/452618215,Hønefoss ∙ BANGGREN BIL AS,Hønefoss,BANGGREN BIL AS,1.0,Vestland,45000.0,2014.0,132000.0,40.0,33.0,270.0,12.0,1.0,0.0,0.0,Ukjent,2026-03-03,2026-03-03,Aktiv,Nissan,Leaf
452788066,Nissan Leaf,https://www.finn.no/mobility/item/452788066,Volda,Volda,,0.0,Annet,154532.0,2019.0,39830.0,40.0,150.0,270.0,23.066666666666663,2.0,0.0,0.0,Ukjent,2026-03-03,2026-03-03,Aktiv,Nissan,Leaf
452614221,Nissan Leaf,https://www.finn.no/mobility/item/452614221,Ridabu,Ridabu,,0.0,Annet,16942.0,2013.0,183850.0,24.0,109.0,270.0,13.233333333333333,10.0,0.0,0.0,Ukjent,2026-03-03,2026-03-03,Aktiv,Nissan,Leaf
452806640,Nissan Leaf,https://www.finn.no/mobility/item/452806640,Kristiansand S ∙ Autoform Kristiansand AS,Kristiansand S,Autoform Kristiansand AS,1.0,Sørlandet,119000.0,2018.0,84200.0,40.0,150.0,270.0,12.0,1.0,0.0,1.0,Ukjent,2026-03-03,2026-03-03,Aktiv,Nissan,Leaf
452031786,Nissan Leaf,https://www.finn.no/mobility/item/452031786,Ålesund ∙ Auto 8-8 Ålesund AS,Ålesund,Auto 8-8 Ålesund AS,1.0,Annet,189000.0,2022.0,27000.0,39.0,149.0,284.0,12.0,1.0,0.0,1.0,Acenta,2026-03-03,2026-03-03,Aktiv,Nissan,Leaf
451987259,Nissan Leaf,https://www.finn.no/mobility/item/451987259,Børsa,Børsa,,0.0,Annet,190000.0,2022.0,29100.0,39.0,150.0,270.0,8.6,2.0,0.0,0.0,Ukjent,2026-03-03,2026-03-03,Aktiv,Nissan,Leaf
451987962,Nissan Leaf,https://www.finn.no/mobility/item/451987962,Vikersund ∙ Modum Bilservice Thomas Tandberg,Vikersund,Modum Bilservice Thomas Tandberg,1.0,Annet,31942.0,2012.0,208000.0,24.0,109.0,270.0,3.866666666666666,3.0,0.0,0.0,Ukjent,2026-03-03,2026-03-03,Aktiv,Nissan,Leaf
448970682,Nissan Leaf,https://www.finn.no/mobility/item/448970682,Hommelvik,Hommelvik,,0.0,Annet,99532.0,2018.0,122812.0,40.0,150.0,270.0,5.4,1.0,0.0,0.0,Ukjent,2026-03-03,2026-03-03,Aktiv,Nissan,Leaf
451973073,Nissan Leaf,https://www.finn.no/mobility/item/451973073,Inndyr,Inndyr,,0.0,Annet,246505.0,2024.0,6500.0,39.0,150.0,270.0,26.23333333333333,1.0,0.0,1.0,N-Connecta,2026-03-03,2026-03-03,Aktiv,Nissan,Leaf
451897535,Nissan Leaf,https://www.finn.no/mobility/item/451897535,Høvik ∙ Bilia Outlet,Høvik,Bilia Outlet,1.0,Annet,129000.0,2019.0,97000.0,39.0,149.0,270.0,12.0,1.0,0.0,1.0,Tekna,2026-03-03,2026-03-03,Aktiv,Nissan,Leaf
451895506,Nissan Leaf,https://www.finn.no/mobility/item/451895506,Lierstranda ∙ Røhneselmer AS avd. Lier,Lierstranda,Røhneselmer AS avd. Lier,1.0,Annet,179900.0,2021.0,92000.0,59.0,217.0,385.0,12.0,1.0,0.0,0.0,Tekna,2026-03-03,2026-03-03,Aktiv,Nissan,Leaf
451775191,Nissan Leaf,https://www.finn.no/mobility/item/451775191,Liland,Liland,,0.0,Annet,154532.0,2020.0,62350.0,40.0,150.0,270.0,6.533333333333333,1.0,0.0,0.0,N-Connecta,2026-03-03,2026-03-03,Aktiv,Nissan,Leaf
451963702,Nissan Leaf,https://www.finn.no/mobility/item/451963702,Hønefoss ∙ BANGGREN BIL AS,Hønefoss,BANGGREN BIL AS,1.0,Vestland,65000.0,2015.0,94000.0,40.0,109.0,270.0,12.0,1.0,0.0,0.0,Ukjent,2026-03-03,2026-03-03,Aktiv,Nissan,Leaf
451958301,Nissan Leaf,https://www.finn.no/mobility/item/451958301,Lørenskog ∙ Bertel O. Steen Lørenskog,Lørenskog,Bertel O. Steen Lørenskog,1.0,Oslo/Akershus,229900.0,2022.0,31500.0,59.0,217.0,395.0,12.0,1.0,0.0,1.0,Ukjent,2026-03-03,2026-03-03,Aktiv,Nissan,Leaf
444031112,Nissan Leaf,https://www.finn.no/mobility/item/444031112,Lillestrøm ∙ Birger N. Haug AS Lillestrøm,Lillestrøm,Birger N. Haug AS Lillestrøm,1.0,Oslo/Akershus,189900.0,2022.0,23331.0,39.0,150.0,278.0,8.866666666666667,1.0,0.0,1.0,Ukjent,2026-03-03,2026-03-03,Aktiv,Nissan,Leaf
452402817,Nissan Leaf,https://www.finn.no/mobility/item/452402817,Drammen ∙ Sulland Drammen,Drammen,Sulland Drammen,1.0,Oslo/Akershus,149900.0,2019.0,44542.0,40.0,150.0,270.0,16.3,1.0,0.0,1.0,Tekna,2026-03-03,2026-03-03,Aktiv,Nissan,Leaf
451833540,Nissan Leaf,https://www.finn.no/mobility/item/451833540,Heimdal ∙ RSA BIL Trondheim,Heimdal,RSA BIL Trondheim,1.0,Annet,109000.0,2018.0,125000.0,40.0,150.0,270.0,12.0,1.0,0.0,1.0,N-Connecta,2026-03-03,2026-03-03,Aktiv,Nissan,Leaf
451401733,Nissan Leaf,https://www.finn.no/mobility/item/451401733,Måndalen,Måndalen,,0.0,Annet,144532.0,2020.0,76530.0,40.0,150.0,270.0,7.866666666666666,1.0,0.0,0.0,Ukjent,2026-03-03,2026-03-03,Aktiv,Nissan,Leaf
452344992,Nissan Leaf,https://www.finn.no/mobility/item/452344992,Jessheim ∙ Sulland Jessheim,Jessheim,Sulland Jessheim,1.0,Oslo/Akershus,188900.0,2022.0,60200.0,39.0,149.0,270.0,12.0,1.0,0.0,1.0,N-Connecta,2026-03-03,2026-03-03,Aktiv,Nissan,Leaf
451823735,Nissan Leaf,https://www.finn.no/mobility/item/451823735,Steinkjer,Steinkjer,,0.0,Annet,93532.0,2018.0,199000.0,40.0,150.0,270.0,23.8,1.0,0.0,0.0,Ukjent,2026-03-03,2026-03-03,Aktiv,Nissan,Leaf
449342114,Nissan Leaf,https://www.finn.no/mobility/item/449342114,Sandvika ∙ DRIVALIA LEASE NORGE AS,Sandvika,DRIVALIA LEASE NORGE AS,1.0,Annet,179000.0,2021.0,49300.0,62.0,215.0,385.0,21.5,1.0,0.0,1.0,Ukjent,2026-03-03,2026-03-03,Aktiv,Nissan,Leaf
452381999,Nissan Leaf,https://www.finn.no/mobility/item/452381999,Ålesund ∙ Auto 8-8 Ålesund AS,Ålesund,Auto 8-8 Ålesund AS,1.0,Annet,188000.0,2022.0,63000.0,39.0,150.0,270.0,12.0,1.0,0.0,1.0,Ukjent,2026-03-03,2026-03-03,Aktiv,Nissan,Leaf
445441910,Nissan Leaf,https://www.finn.no/mobility/item/445441910,Lier,Lier,,0.0,Annet,174532.0,2022.0,63000.0,39.0,150.0,270.0,5.0,1.0,0.0,1.0,Ukjent,2026-03-03,2026-03-03,Aktiv,Nissan,Leaf
451824507,Nissan Leaf,https://www.finn.no/mobility/item/451824507,Billingstad ∙ ALDO BIL AS,Billingstad,ALDO BIL AS,1.0,Annet,45000.0,2015.0,150000.0,40.0,150.0,199.0,12.0,1.0,0.0,0.0,Ukjent,2026-03-03,2026-03-03,Aktiv,Nissan,Leaf
452309227,Nissan Leaf,https://www.finn.no/mobility/item/452309227,Billingstad ∙ RøhneSelmer AS avd. Asker og Bærum,Billingstad,RøhneSelmer AS avd. Asker og Bærum,1.0,Annet,139900.0,2019.0,87608.0,39.0,149.0,270.0,12.0,1.0,0.0,1.0,N-Connecta,2026-03-03,2026-03-03,Aktiv,Nissan,Leaf
447363064,Nissan Leaf,https://www.finn.no/mobility/item/447363064,"Gardermoen ∙ Birger N. Haug, Hovinmovegen 6, 2060 Gardermoen",Gardermoen,"Birger N. Haug, Hovinmovegen 6, 2060 Gardermoen",1.0,Annet,279900.0,2023.0,14838.0,59.0,218.0,270.0,12.0,1.0,0.0,1.0,Ukjent,2026-03-03,2026-03-03,Aktiv,Nissan,Leaf
452380951,Nissan Leaf,https://www.finn.no/mobility/item/452380951,Tiller ∙ Sulland Trondheim,Tiller,Sulland Trondheim,1.0,Annet,229900.0,2022.0,57501.0,59.0,217.0,385.0,12.0,1.0,0.0,1.0,Ukjent,2026-03-03,2026-03-03,Aktiv,Nissan,Leaf
452381578,Nissan Leaf,https://www.finn.no/mobility/item/452381578,Steinkjer ∙ Auto Fire AS,Steinkjer,Auto Fire AS,1.0,Annet,129900.0,2018.0,93800.0,40.0,150.0,270.0,12.0,2.0,0.0,1.0,Tekna,2026-03-03,2026-03-03,Aktiv,Nissan,Leaf
451816190,Nissan Leaf,https://www.finn.no/mobility/item/451816190,Hokksund ∙ BilYard AS,Hokksund,BilYard AS,1.0,Annet,49900.0,2014.0,55000.0,40.0,109.0,270.0,12.0,1.0,0.0,0.0,Ukjent,2026-03-03,2026-03-03,Aktiv,Nissan,Leaf
451950687,Nissan Leaf,https://www.finn.no/mobility/item/451950687,Tromsø ∙ iBiln AS avd. Tromsø,Tromsø,iBiln AS avd. Tromsø,1.0,Nord-Norge,49900.0,2014.0,132000.0,40.0,33.0,135.0,12.0,1.0,0.0,1.0,Ukjent,2026-03-03,2026-03-03,Aktiv,Nissan,Leaf
452269024,Nissan Leaf,https://www.finn.no/mobility/item/452269024,Støren,Støren,,0.0,Annet,164900.0,2019.0,76900.0,62.0,215.0,385.0,21.166666666666668,2.0,0.0,0.0,Tekna,2026-03-03,2026-03-03,Aktiv,Nissan,Leaf
452380822,Nissan Leaf,https://www.finn.no/mobility/item/452380822,Tiller ∙ Sulland Trondheim,Tiller,Sulland Trondheim,1.0,Annet,229900.0,2022.0,56120.0,59.0,217.0,385.0,12.0,1.0,0.0,1.0,Ukjent,2026-03-03,2026-03-03,Aktiv,Nissan,Leaf
451924999,Nissan Leaf,https://www.finn.no/mobility/item/451924999,Kløfta ∙ Rebil,Kløfta,Rebil,1.0,Annet,174900.0,2022.0,117100.0,62.0,218.0,385.0,12.0,1.0,0.0,1.0,Tekna,2026-03-03,2026-03-03,Aktiv,Nissan,Leaf
452380887,Nissan Leaf,https://www.finn.no/mobility/item/452380887,Tiller ∙ Sulland Trondheim,Tiller,Sulland Trondheim,1.0,Annet,229900.0,2022.0,61775.0,59.0,217.0,385.0,12.0,1.0,0.0,1.0,Ukjent,2026-03-03,2026-03-03,Aktiv,Nissan,Leaf
452268508,Nissan Leaf,https://www.finn.no/mobility/item/452268508,Kristiansand S,Kristiansand S,,0.0,Sørlandet,63532.0,2016.0,99787.0,30.0,109.0,270.0,3.433333333333333,2.0,0.0,0.0,Ukjent,2026-03-03,2026-03-03,Aktiv,Nissan,Leaf
451797283,Nissan Leaf,https://www.finn.no/mobility/item/451797283,Bodø,Bodø,,0.0,Nord-Norge,119532.0,2018.0,80925.0,40.0,150.0,240.0,23.53333333333333,2.0,0.0,0.0,Ukjent,2026-03-03,2026-03-03,Aktiv,Nissan,Leaf
452380269,Nissan Leaf,https://www.finn.no/mobility/item/452380269,Tiller ∙ Sulland Trondheim,Tiller,Sulland Trondheim,1.0,Annet,234500.0,2022.0,47850.0,59.0,217.0,385.0,12.0,1.0,0.0,1.0,Ukjent,2026-03-03,2026-03-03,Aktiv,Nissan,Leaf
451801845,Nissan Leaf,https://www.finn.no/mobility/item/451801845,Hønefoss ∙ Mobile Hønefoss AS,Hønefoss,Mobile Hønefoss AS,1.0,Vestland,139000.0,2022.0,95188.0,39.0,150.0,270.0,24.766666666666666,1.0,0.0,1.0,Ukjent,2026-03-03,2026-03-03,Aktiv,Nissan,Leaf
451921018,Nissan Leaf,https://www.finn.no/mobility/item/451921018,Harstad ∙ Biltrend Harstad AS,Harstad,Biltrend Harstad AS,1.0,Nord-Norge,119000.0,2018.0,72400.0,40.0,150.0,270.0,12.0,1.0,0.0,1.0,Ukjent,2026-03-03,2026-03-03,Aktiv,Nissan,Leaf
452379843,Nissan Leaf,https://www.finn.no/mobility/item/452379843,Harstad ∙ Norbil AS,Harstad,Norbil AS,1.0,Nord-Norge,199000.0,2020.0,82000.0,62.0,218.0,385.0,12.0,3.0,0.0,1.0,Tekna,2026-03-03,2026-03-03,Aktiv,Nissan,Leaf
451769858,Nissan Leaf,https://www.finn.no/mobility/item/451769858,Narvik ∙ Svebjørn Auto AS,Narvik,Svebjørn Auto AS,1.0,Nord-Norge,139000.0,2018.0,82887.0,40.0,150.0,270.0,12.333333333333334,1.0,0.0,1.0,N-Connecta,2026-03-03,2026-03-03,Aktiv,Nissan,Leaf
452509755,Nissan Leaf,https://www.finn.no/mobility/item/452509755,Kongsvinger ∙ Mobile Kongsvinger,Kongsvinger,Mobile Kongsvinger,1.0,Annet,158900.0,2022.0,50137.0,39.0,150.0,285.0,8.366666666666667,1.0,0.0,1.0,Visia,2026-03-03,2026-03-03,Aktiv,Nissan,Leaf
451690348,Nissan Leaf,https://www.finn.no/mobility/item/451690348,Klæbu,Klæbu,,0.0,Annet,158532.0,2019.0,99429.0,62.0,215.0,385.0,12.0,1.0,0.0,0.0,Tekna,2026-03-03,2026-03-03,Aktiv,Nissan,Leaf
451771479,Nissan Leaf,https://www.finn.no/mobility/item/451771479,Stjørdal ∙ Aage Vold Autosalg AS,Stjørdal,Aage Vold Autosalg AS,1.0,Trøndelag,189000.0,2020.0,37700.0,62.0,218.0,385.0,12.0,1.0,0.0,1.0,Ukjent,2026-03-03,2026-03-03,Aktiv,Nissan,Leaf
452503606,Nissan Leaf,https://www.finn.no/mobility/item/452503606,Ulsteinvik ∙ BILHALLEN ULSTEINVIK AS,Ulsteinvik,BILHALLEN ULSTEINVIK AS,1.0,Annet,75000.0,2016.0,128000.0,40.0,109.0,270.0,12.0,1.0,0.0,1.0,Ukjent,2026-03-03,2026-03-03,Aktiv,Nissan,Leaf
449186064,Nissan Leaf,https://www.finn.no/mobility/item/449186064,Narvik,Narvik,,0.0,Nord-Norge,39000.0,2014.0,193000.0,40.0,109.0,270.0,19.366666666666667,1.0,0.0,0.0,Ukjent,2026-03-03,2026-03-03,Aktiv,Nissan,Leaf
452377083,Nissan Leaf,https://www.finn.no/mobility/item/452377083,"Tiller ∙ Sulland Trondheim BMW, MINI",Tiller,"Sulland Trondheim BMW, MINI",1.0,Annet,199900.0,2022.0,91878.0,59.0,217.0,385.0,12.0,1.0,0.0,1.0,Tekna,2026-03-03,2026-03-03,Aktiv,Nissan,Leaf
434805388,Nissan Leaf,https://www.finn.no/mobility/item/434805388,Laksvatn,Laksvatn,,0.0,Annet,154434.0,2021.0,64000.0,40.0,150.0,270.0,20.866666666666667,3.0,0.0,0.0,N-Connecta,2026-03-03,2026-03-03,Aktiv,Nissan,Leaf
402468999,Nissan Leaf,https://www.finn.no/mobility/item/402468999,Brumunddal,Brumunddal,,0.0,Annet,139434.0,2021.0,135000.0,62.0,215.0,385.0,-5.733333333333333,1.0,0.0,0.0,Ukjent,2026-03-03,2026-03-03,Aktiv,Nissan,Leaf
452133070,Nissan Leaf,https://www.finn.no/mobility/item/452133070,Lierskogen,Lierskogen,,0.0,Annet,89900.0,2018.0,137000.0,40.0,150.0,270.0,6.0,4.0,0.0,0.0,Tekna,2026-03-03,2026-03-03,Aktiv,Nissan,Leaf
452372770,Nissan Leaf,https://www.finn.no/mobility/item/452372770,Jakobsli ∙ Gjevik Bil AS,Jakobsli,Gjevik Bil AS,1.0,Annet,168900.0,2021.0,37000.0,40.0,150.0,270.0,12.0,1.0,0.0,1.0,Ukjent,2026-03-03,2026-03-03,Aktiv,Nissan,Leaf
451758421,Nissan Leaf,https://www.finn.no/mobility/item/451758421,Stjørdal ∙ Aage Vold Autosalg AS,Stjørdal,Aage Vold Autosalg AS,1.0,Trøndelag,149000.0,2020.0,43000.0,40.0,150.0,270.0,12.0,1.0,0.0,1.0,Ukjent,2026-03-03,2026-03-03,Aktiv,Nissan,Leaf
452120358,Nissan Leaf,https://www.finn.no/mobility/item/452120358,Brekkestø,Brekkestø,,0.0,Annet,99532.0,2018.0,152000.0,40.0,150.0,270.0,6.333333333333333,4.0,0.0,0.0,Tekna,2026-03-03,2026-03-03,Aktiv,Nissan,Leaf
452098141,Nissan Leaf,https://www.finn.no/mobility/item/452098141,Aurskog,Aurskog,,0.0,Annet,94532.0,2018.0,178000.0,40.0,150.0,270.0,9.033333333333331,5.0,0.0,0.0,Tekna,2026-03-03,2026-03-03,Aktiv,Nissan,Leaf
452354960,Nissan Leaf,https://www.finn.no/mobility/item/452354960,Minnesund ∙ Aasen Bil AS,Minnesund,Aasen Bil AS,1.0,Annet,239000.0,2023.0,71832.0,59.0,218.0,396.0,13.733333333333333,1.0,0.0,1.0,Ukjent,2026-03-03,2026-03-03,Aktiv,Nissan,Leaf
452350048,Nissan Leaf,https://www.finn.no/mobility/item/452350048,Ski ∙ AUTO 24/7 AS,Ski,AUTO 24/7 AS,1.0,Oslo/Akershus,129999.0,2018.0,59900.0,40.0,150.0,270.0,12.0,1.0,0.0,1.0,Ukjent,2026-03-03,2026-03-03,Aktiv,Nissan,Leaf
451954162,Nissan Leaf,https://www.finn.no/mobility/item/451954162,Heimdal,Heimdal,,0.0,Annet,44942.0,2013.0,123000.0,24.0,109.0,270.0,10.933333333333334,1.0,0.0,0.0,Tekna,2026-03-03,2026-03-03,Aktiv,Nissan,Leaf
452349624,Nissan Leaf,https://www.finn.no/mobility/item/452349624,Rud ∙ Birger N. Haug Outlet Rud,Rud,Birger N. Haug Outlet Rud,1.0,Annet,199900.0,2020.0,59730.0,62.0,215.0,385.0,12.0,1.0,0.0,0.0,Tekna,2026-03-03,2026-03-03,Aktiv,Nissan,Leaf
452499520,Nissan Leaf,https://www.finn.no/mobility/item/452499520,Hønefoss ∙ Auto Kompetanse AS,Hønefoss,Auto Kompetanse AS,1.0,Vestland,97500.0,2019.0,148900.0,40.0,150.0,270.0,12.0,1.0,0.0,0.0,Ukjent,2026-03-03,2026-03-03,Aktiv,Nissan,Leaf
452497607,Nissan Leaf,https://www.finn.no/mobility/item/452497607,Kristiansund N ∙ Car4Sale AS,Kristiansund N,Car4Sale AS,1.0,Annet,99900.0,2018.0,103000.0,40.0,150.0,270.0,12.0,1.0,0.0,1.0,Tekna,2026-03-03,2026-03-03,Aktiv,Nissan,Leaf
452447002,Nissan Leaf,https://www.finn.no/mobility/item/452447002,Kristiansand S ∙ BERGES AUTO AS,Kristiansand S,BERGES AUTO AS,1.0,Sørlandet,49999.0,2014.0,109000.0,24.0,109.0,270.0,23.9,1.0,0.0,1.0,Ukjent,2026-03-03,2026-03-03,Aktiv,Nissan,Leaf
447469776,Nissan Leaf,https://www.finn.no/mobility/item/447469776,Fjellhamar,Fjellhamar,,0.0,Annet,144532.0,2021.0,64000.0,40.0,150.0,270.0,4.933333333333334,1.0,0.0,0.0,N-Connecta,2026-03-03,2026-03-03,Aktiv,Nissan,Leaf
452440216,Nissan Leaf,https://www.finn.no/mobility/item/452440216,Drammen,Drammen,,0.0,Oslo/Akershus,173532.0,2021.0,43800.0,40.0,150.0,270.0,15.7,1.0,0.0,1.0,Ukjent,2026-03-03,2026-03-03,Aktiv,Nissan,Leaf
452431158,Nissan Leaf,https://www.finn.no/mobility/item/452431158,Sætre,Sætre,,0.0,Annet,124432.0,2018.0,62000.0,40.0,150.0,270.0,24.2,3.0,0.0,0.0,Ukjent,2026-03-03,2026-03-03,Aktiv,Nissan,Leaf
450176397,Nissan Leaf,https://www.finn.no/mobility/item/450176397,Fjerdingby,Fjerdingby,,0.0,Annet,49532.0,2016.0,85559.0,30.0,109.0,270.0,6.0,1.0,0.0,1.0,Ukjent,2026-03-03,2026-03-03,Aktiv,Nissan,Leaf
452421445,Nissan Leaf,https://www.finn.no/mobility/item/452421445,Støren,Støren,,0.0,Annet,29000.0,2012.0,118532.0,40.0,109.0,270.0,-0.1333333333333333,6.0,0.0,1.0,Ukjent,2026-03-03,2026-03-03,Aktiv,Nissan,Leaf
451312709,Nissan Leaf,https://www.finn.no/mobility/item/451312709,Ski,Ski,,0.0,Oslo/Akershus,229532.0,2022.0,27950.0,62.0,215.0,385.0,5.033333333333333,1.0,0.0,1.0,N-Connecta,2026-03-03,2026-03-03,Aktiv,Nissan,Leaf
451714717,Nissan Leaf,https://www.finn.no/mobility/item/451714717,Kristiansand S ∙ Autoform Kristiansand AS,Kristiansand S,Autoform Kristiansand AS,1.0,Sørlandet,109000.0,2018.0,112500.0,40.0,150.0,270.0,12.0,1.0,0.0,1.0,Ukjent,2026-03-03,2026-03-03,Aktiv,Nissan,Leaf
451700536,Nissan Leaf,https://www.finn.no/mobility/item/451700536,Kløfta ∙ Rebil,Kløfta,Rebil,1.0,Annet,85000.0,2017.0,40300.0,30.0,109.0,250.0,12.0,1.0,0.0,1.0,Tekna,2026-03-03,2026-03-03,Aktiv,Nissan,Leaf
447285052,Nissan Leaf,https://www.finn.no/mobility/item/447285052,Harøy,Harøy,,0.0,Annet,149532.0,2021.0,92000.0,40.0,150.0,270.0,12.6,1.0,0.0,0.0,Ukjent,2026-03-03,2026-03-03,Aktiv,Nissan,Leaf
451448124,Nissan Leaf,https://www.finn.no/mobility/item/451448124,Vollen,Vollen,,0.0,Annet,34532.0,2016.0,87000.0,24.0,109.0,270.0,-0.1333333333333333,1.0,0.0,0.0,Ukjent,2026-03-03,2026-03-03,Aktiv,Nissan,Leaf
451659147,Nissan Leaf,https://www.finn.no/mobility/item/451659147,Kongsberg ∙ Mobile Autopartner AS,Kongsberg,Mobile Autopartner AS,1.0,Annet,249900.0,2024.0,39959.0,59.0,218.0,395.0,22.566666666666663,1.0,0.0,1.0,N-Connecta,2026-03-03,2026-03-03,Aktiv,Nissan,Leaf
451641883,Nissan Leaf,https://www.finn.no/mobility/item/451641883,Røyse,Røyse,,0.0,Annet,118000.0,2018.0,82000.0,40.0,150.0,270.0,24.1,2.0,0.0,0.0,Tekna,2026-03-03,2026-03-03,Aktiv,Nissan,Leaf
451463603,Nissan Leaf,https://www.finn.no/mobility/item/451463603,Drammen ∙ RSA BIL Drammen,Drammen,RSA BIL Drammen,1.0,Oslo/Akershus,129000.0,2018.0,57547.0,40.0,150.0,270.0,12.0,1.0,0.0,1.0,Ukjent,2026-03-03,2026-03-03,Aktiv,Nissan,Leaf
451644843,Nissan Leaf,https://www.finn.no/mobility/item/451644843,Ålesund ∙ Auto 8-8 Ålesund AS,Ålesund,Auto 8-8 Ålesund AS,1.0,Annet,129000.0,2018.0,115000.0,39.0,149.0,270.0,12.0,1.0,0.0,1.0,Tekna,2026-03-03,2026-03-03,Aktiv,Nissan,Leaf
451627961,Nissan Leaf,https://www.finn.no/mobility/item/451627961,Gardermoen ∙ Resale AS,Gardermoen,Resale AS,1.0,Annet,69900.0,2016.0,80000.0,40.0,109.0,270.0,12.0,1.0,0.0,0.0,Tekna,2026-03-03,2026-03-03,Aktiv,Nissan,Leaf
293259020,Nissan Leaf,https://www.finn.no/mobility/item/293259020,Vøyenenga,Vøyenenga,,0.0,Annet,114147.0,2018.0,72500.0,40.0,150.0,250.0,1.9,1.0,0.0,0.0,Tekna,2026-03-03,2026-03-03,Aktiv,Nissan,Leaf
451622525,Nissan Leaf,https://www.finn.no/mobility/item/451622525,Kristiansand S ∙ Ydse Auto Salg AS,Kristiansand S,Ydse Auto Salg AS,1.0,Sørlandet,58900.0,2015.0,98830.0,40.0,109.0,270.0,12.0,1.0,0.0,1.0,Tekna,2026-03-03,2026-03-03,Aktiv,Nissan,Leaf
451371149,Nissan Leaf,https://www.finn.no/mobility/item/451371149,Heimdal ∙ RSA BIL Trondheim,Heimdal,RSA BIL Trondheim,1.0,Annet,139900.0,2018.0,60000.0,39.0,149.0,270.0,12.0,1.0,0.0,1.0,Tekna,2026-03-03,2026-03-03,Aktiv,Nissan,Leaf
451367956,Nissan Leaf,https://www.finn.no/mobility/item/451367956,Billingstad ∙ Mobile Asker AS,Billingstad,Mobile Asker AS,1.0,Annet,125000.0,2018.0,87100.0,40.0,150.0,270.0,3.033333333333333,1.0,0.0,1.0,Tekna,2026-03-03,2026-03-03,Aktiv,Nissan,Leaf
451217724,Nissan Leaf,https://www.finn.no/mobility/item/451217724,Inderøy,Inderøy,,0.0,Annet,99532.0,2018.0,162892.0,40.0,150.0,270.0,23.266666666666666,1.0,0.0,0.0,Ukjent,2026-03-03,2026-03-03,Aktiv,Nissan,Leaf
445535890,Nissan Leaf,https://www.finn.no/mobility/item/445535890,Melhus,Melhus,,0.0,Annet,108582.0,2017.0,29471.0,31.0,109.0,175.0,14.233333333333333,2.0,0.0,0.0,Ukjent,2026-03-03,2026-03-03,Aktiv,Nissan,Leaf
451221542,Nissan Leaf,https://www.finn.no/mobility/item/451221542,Lillesand,Lillesand,,0.0,Annet,110532.0,2019.0,168620.0,40.0,150.0,270.0,18.166666666666668,1.0,0.0,0.0,Tekna,2026-03-03,2026-03-03,Aktiv,Nissan,Leaf
443421727,Nissan Leaf,https://www.finn.no/mobility/item/443421727,Fåvang,Fåvang,,0.0,Annet,159999.0,2020.0,80000.0,62.0,215.0,385.0,24.166666666666668,1.0,0.0,0.0,Ukjent,2026-03-03,2026-03-03,Aktiv,Nissan,Leaf
371604966,Nissan Leaf,https://www.finn.no/mobility/item/371604966,Tønsberg,Tønsberg,,0.0,Vestfold/Telemark,35755.0,2014.0,186000.0,40.0,109.0,120.0,3.1666666666666665,3.0,0.0,0.0,Ukjent,2026-03-03,2026-03-03,Aktiv,Nissan,Leaf
449854520,Nissan Leaf,https://www.finn.no/mobility/item/449854520,Trondheim,Trondheim,,0.0,Trøndelag,119532.0,2018.0,82500.0,40.0,150.0,270.0,-1.0666666666666669,1.0,0.0,0.0,Ukjent,2026-03-03,2026-03-03,Aktiv,Nissan,Leaf
451326502,Nissan Leaf,https://www.finn.no/mobility/item/451326502,Steinkjer ∙ HERMANN BIL AS,Steinkjer,HERMANN BIL AS,1.0,Annet,139000.0,2018.0,108000.0,40.0,150.0,270.0,12.0,1.0,0.0,1.0,N-Connecta,2026-03-03,2026-03-03,Aktiv,Nissan,Leaf
424829398,Nissan Leaf,https://www.finn.no/mobility/item/424829398,Otta,Otta,,0.0,Annet,129434.0,2019.0,156000.0,62.0,218.0,385.0,17.333333333333332,3.0,0.0,0.0,Ukjent,2026-03-03,2026-03-03,Aktiv,Nissan,Leaf
451529508,Nissan Leaf,https://www.finn.no/mobility/item/451529508,Krokstadelva,Krokstadelva,,0.0,Annet,139532.0,2020.0,59000.0,40.0,150.0,270.0,9.033333333333331,2.0,0.0,0.0,Ukjent,2026-03-03,2026-03-03,Aktiv,Nissan,Leaf
438943071,Nissan Leaf,https://www.finn.no/mobility/item/438943071,Lierstranda ∙ Birger N. Haug avd Drammen,Lierstranda,Birger N. Haug avd Drammen,1.0,Annet,243900.0,2023.0,25870.0,59.0,218.0,395.0,13.533333333333331,1.0,0.0,1.0,N-Connecta,2026-03-03,2026-03-03,Aktiv,Nissan,Leaf
450804957,Nissan Leaf,https://www.finn.no/mobility/item/450804957,Lillestrøm,Lillestrøm,,0.0,Oslo/Akershus,159532.0,2020.0,105860.0,62.0,215.0,385.0,-0.1333333333333333,4.0,0.0,0.0,Ukjent,2026-03-03,2026-03-03,Aktiv,Nissan,Leaf
451291256,Nissan Leaf,https://www.finn.no/mobility/item/451291256,Mandal,Mandal,,0.0,Annet,64532.0,2017.0,158288.0,30.0,109.0,270.0,16.1,2.0,0.0,0.0,Ukjent,2026-03-03,2026-03-03,Aktiv,Nissan,Leaf
451281166,Nissan Leaf,https://www.finn.no/mobility/item/451281166,Saltstraumen,Saltstraumen,,0.0,Vestland,45532.0,2016.0,165000.0,30.0,109.0,250.0,19.066666666666663,4.0,0.0,0.0,Ukjent,2026-03-03,2026-03-03,Aktiv,Nissan,Leaf
450795799,Nissan Leaf,https://www.finn.no/mobility/item/450795799,Ski ∙ Mobile Follo AS,Ski,Mobile Follo AS,1.0,Oslo/Akershus,214400.0,2023.0,10208.0,39.0,150.0,278.0,17.5,1.0,0.0,1.0,N-Connecta,2026-03-03,2026-03-03,Aktiv,Nissan,Leaf
451546949,Nissan Leaf,https://www.finn.no/mobility/item/451546949,Eggkleiva ∙ Opstad Bil,Eggkleiva,Opstad Bil,1.0,Annet,53942.0,2014.0,105000.0,40.0,109.0,270.0,23.966666666666665,1.0,0.0,0.0,Ukjent,2026-03-03,2026-03-03,Aktiv,Nissan,Leaf
451250811,Nissan Leaf,https://www.finn.no/mobility/item/451250811,Drammen ∙ Bilsalongen AS,Drammen,Bilsalongen AS,1.0,Oslo/Akershus,155600.0,2023.0,79000.0,40.0,150.0,278.0,12.0,1.0,0.0,1.0,Tekna,2026-03-03,2026-03-03,Aktiv,Nissan,Leaf
450689561,Nissan Leaf,https://www.finn.no/mobility/item/450689561,Arendal,Arendal,,0.0,Sørlandet,42532.0,2017.0,163491.0,30.0,109.0,270.0,16.1,1.0,0.0,0.0,Tekna,2026-03-03,2026-03-03,Aktiv,Nissan,Leaf
444983194,Nissan Leaf,https://www.finn.no/mobility/item/444983194,Vegårshei,Vegårshei,,0.0,Annet,84532.0,2018.0,162000.0,40.0,150.0,270.0,21.5,2.0,0.0,0.0,Ukjent,2026-03-03,2026-03-03,Aktiv,Nissan,Leaf
450915534,Nissan Leaf,https://www.finn.no/mobility/item/450915534,Nesbru ∙ BILFUNN AS,Nesbru,BILFUNN AS,1.0,Annet,127000.0,2018.0,74000.0,40.0,150.0,270.0,12.0,1.0,0.0,0.0,Ukjent,2026-03-03,2026-03-03,Aktiv,Nissan,Leaf
450921363,Nissan Leaf,https://www.finn.no/mobility/item/450921363,Nesbru ∙ BILFUNN AS,Nesbru,BILFUNN AS,1.0,Annet,129000.0,2018.0,96000.0,40.0,150.0,270.0,12.0,1.0,0.0,0.0,Tekna,2026-03-03,2026-03-03,Aktiv,Nissan,Leaf
450758393,Nissan Leaf,https://www.finn.no/mobility/item/450758393,Furnes ∙ Møller Bil Hamar,Furnes,Møller Bil Hamar,1.0,Annet,189000.0,2020.0,67450.0,62.0,215.0,385.0,7.933333333333334,1.0,0.0,1.0,N-Connecta,2026-03-03,2026-03-03,Aktiv,Nissan,Leaf
450920708,Nissan Leaf,https://www.finn.no/mobility/item/450920708,Kristiansund N ∙ AUTO 8-8 SILDNES & HALAAS AS,Kristiansund N,AUTO 8-8 SILDNES & HALAAS AS,1.0,Annet,129000.0,2018.0,93000.0,40.0,150.0,270.0,12.0,1.0,0.0,1.0,Tekna,2026-03-03,2026-03-03,Aktiv,Nissan,Leaf
450903887,Nissan Leaf,https://www.finn.no/mobility/item/450903887,Arendal ∙ TG BIL & BÅT AS,Arendal,TG BIL & BÅT AS,1.0,Sørlandet,99000.0,2018.0,111000.0,40.0,150.0,270.0,12.0,1.0,0.0,0.0,Ukjent,2026-03-03,2026-03-03,Aktiv,Nissan,Leaf
450892849,Nissan Leaf,https://www.finn.no/mobility/item/450892849,Ålesund ∙ Auto 8-8 Ålesund AS,Ålesund,Auto 8-8 Ålesund AS,1.0,Annet,179000.0,2022.0,34000.0,39.0,149.0,284.0,12.0,1.0,0.0,1.0,Acenta,2026-03-03,2026-03-03,Aktiv,Nissan,Leaf
450752610,Nissan Leaf,https://www.finn.no/mobility/item/450752610,Maura ∙ ONSRUD AUTO GARDERMOEN AS,Maura,ONSRUD AUTO GARDERMOEN AS,1.0,Annet,179000.0,2023.0,48500.0,40.0,150.0,285.0,12.0,1.0,0.0,1.0,Ukjent,2026-03-03,2026-03-03,Aktiv,Nissan,Leaf
449772574,Nissan Leaf,https://www.finn.no/mobility/item/449772574,Bærums Verk,Bærums Verk,,0.0,Oslo/Akershus,114532.0,2018.0,107269.0,40.0,150.0,270.0,3.933333333333333,1.0,0.0,0.0,Tekna,2026-03-03,2026-03-03,Aktiv,Nissan,Leaf
450735939,Nissan Leaf,https://www.finn.no/mobility/item/450735939,Dal ∙ GARDERMOEN BILSENTER AS,Dal,GARDERMOEN BILSENTER AS,1.0,Annet,138800.0,2021.0,103500.0,40.0,150.0,270.0,12.0,1.0,0.0,1.0,Ukjent,2026-03-03,2026-03-03,Aktiv,Nissan,Leaf
450641508,Nissan Leaf,https://www.finn.no/mobility/item/450641508,Ås ∙ Auksjonen.No AS,Ås,Auksjonen.No AS,1.0,Annet,18942.0,2011.0,115745.0,40.0,109.0,270.0,12.0,1.0,0.0,0.0,Ukjent,2026-03-03,2026-03-03,Aktiv,Nissan,Leaf
450317411,Nissan Leaf,https://www.finn.no/mobility/item/450317411,Stord,Stord,,0.0,Rogaland,137532.0,2019.0,78950.0,40.0,150.0,270.0,19.166666666666668,1.0,0.0,0.0,Ukjent,2026-03-03,2026-03-03,Aktiv,Nissan,Leaf
450724755,Nissan Leaf,https://www.finn.no/mobility/item/450724755,Bekkestua,Bekkestua,,0.0,Annet,19000.0,2012.0,97100.0,40.0,109.0,270.0,-0.1333333333333333,3.0,0.0,0.0,Ukjent,2026-03-03,2026-03-03,Aktiv,Nissan,Leaf
450637089,Nissan Leaf,https://www.finn.no/mobility/item/450637089,Lillestrøm ∙ Automotors AS,Lillestrøm,Automotors AS,1.0,Oslo/Akershus,127000.0,2019.0,101000.0,40.0,150.0,270.0,12.0,1.0,0.0,1.0,Ukjent,2026-03-03,2026-03-03,Aktiv,Nissan,Leaf
450867361,Nissan Leaf,https://www.finn.no/mobility/item/450867361,Kristiansund N ∙ Slatlem Kristiansund,Kristiansund N,Slatlem Kristiansund,1.0,Annet,139000.0,2018.0,54200.0,40.0,150.0,270.0,12.0,1.0,0.0,0.0,Ukjent,2026-03-03,2026-03-03,Aktiv,Nissan,Leaf
450725123,Nissan Leaf,https://www.finn.no/mobility/item/450725123,Hamar ∙ Storhamar Bil AS,Hamar,Storhamar Bil AS,1.0,Annet,159000.0,2021.0,115272.0,40.0,218.0,385.0,12.0,1.0,0.0,1.0,N-Connecta,2026-03-03,2026-03-03,Aktiv,Nissan,Leaf
450719320,Nissan Leaf,https://www.finn.no/mobility/item/450719320,Kokstad ∙ Bilia Kokstad,Kokstad,Bilia Kokstad,1.0,Vestland,239900.0,2022.0,30000.0,62.0,286.0,396.0,12.0,1.0,0.0,1.0,Ukjent,2026-03-03,2026-03-03,Aktiv,Nissan,Leaf
450627842,Nissan Leaf,https://www.finn.no/mobility/item/450627842,Maura ∙ ONSRUD AUTO GARDERMOEN AS,Maura,ONSRUD AUTO GARDERMOEN AS,1.0,Annet,198900.0,2022.0,53500.0,40.0,150.0,270.0,12.0,1.0,0.0,1.0,Tekna,2026-03-03,2026-03-03,Aktiv,Nissan,Leaf
450860953,Nissan Leaf,https://www.finn.no/mobility/item/450860953,Arendal ∙ TG BIL & BÅT AS,Arendal,TG BIL & BÅT AS,1.0,Sørlandet,99000.0,2019.0,141000.0,40.0,150.0,270.0,12.0,1.0,0.0,0.0,Ukjent,2026-03-03,2026-03-03,Aktiv,Nissan,Leaf
450824993,Nissan Leaf,https://www.finn.no/mobility/item/450824993,Alta,Alta,,0.0,Nord-Norge,79532.0,2016.0,97300.0,30.0,109.0,188.0,3.533333333333333,3.0,0.0,0.0,Ukjent,2026-03-03,2026-03-03,Aktiv,Nissan,Leaf
450240136,Nissan Leaf,https://www.finn.no/mobility/item/450240136,Ås,Ås,,0.0,Annet,154999.0,2022.0,67000.0,40.0,150.0,270.0,22.366666666666667,1.0,0.0,1.0,Acenta,2026-03-03,2026-03-03,Aktiv,Nissan,Leaf
450819789,Nissan Leaf,https://www.finn.no/mobility/item/450819789,Gol,Gol,,0.0,Annet,104532.0,2018.0,112200.0,40.0,150.0,270.0,20.83333333333333,3.0,0.0,0.0,Ukjent,2026-03-03,2026-03-03,Aktiv,Nissan,Leaf
443360380,Nissan Leaf,https://www.finn.no/mobility/item/443360380,Nesoddtangen,Nesoddtangen,,0.0,Annet,154900.0,2020.0,39900.0,40.0,150.0,270.0,7.2,1.0,0.0,1.0,Tekna,2026-03-03,2026-03-03,Aktiv,Nissan,Leaf
450624174,Nissan Leaf,https://www.finn.no/mobility/item/450624174,Kongsvinger ∙ Taugbøl Bil og Maskin,Kongsvinger,Taugbøl Bil og Maskin,1.0,Annet,125000.0,2019.0,106040.0,40.0,150.0,270.0,20.7,1.0,0.0,1.0,Ukjent,2026-03-03,2026-03-03,Aktiv,Nissan,Leaf
450620449,Nissan Leaf,https://www.finn.no/mobility/item/450620449,Trondheim ∙ Auto 8-8 Witro AS,Trondheim,Auto 8-8 Witro AS,1.0,Trøndelag,189000.0,2021.0,93600.0,59.0,217.0,385.0,12.0,1.0,0.0,1.0,N-Connecta,2026-03-03,2026-03-03,Aktiv,Nissan,Leaf
450688659,Nissan Leaf,https://www.finn.no/mobility/item/450688659,Gardermoen ∙ Resale AS,Gardermoen,Resale AS,1.0,Annet,109900.0,2018.0,100000.0,40.0,150.0,270.0,12.0,1.0,0.0,0.0,Tekna,2026-03-03,2026-03-03,Aktiv,Nissan,Leaf
445828608,Nissan Leaf,https://www.finn.no/mobility/item/445828608,Trondheim,Trondheim,,0.0,Trøndelag,67000.0,2015.0,91978.0,24.0,109.0,270.0,18.866666666666667,3.0,0.0,0.0,Tekna,2026-03-03,2026-03-03,Aktiv,Nissan,Leaf
450613797,Nissan Leaf,https://www.finn.no/mobility/item/450613797,Lier,Lier,,0.0,Annet,39942.0,2014.0,84606.0,24.0,109.0,199.0,9.033333333333331,3.0,0.0,0.0,Ukjent,2026-03-03,2026-03-03,Aktiv,Nissan,Leaf
450617746,Nissan Leaf,https://www.finn.no/mobility/item/450617746,Bodø ∙ Flygt Bil AS,Bodø,Flygt Bil AS,1.0,Nord-Norge,189900.0,2020.0,118226.0,62.0,218.0,380.0,12.0,1.0,0.0,1.0,Tekna,2026-03-03,2026-03-03,Aktiv,Nissan,Leaf
330830134,Nissan Leaf,https://www.finn.no/mobility/item/330830134,Rådal,Rådal,,0.0,Vestland,157000.0,2021.0,45000.0,40.0,150.0,270.0,21.7,2.0,0.0,1.0,Ukjent,2026-03-03,2026-03-03,Aktiv,Nissan,Leaf
450617203,Nissan Leaf,https://www.finn.no/mobility/item/450617203,Kristiansand S ∙ Autoform Kristiansand AS,Kristiansand S,Autoform Kristiansand AS,1.0,Sørlandet,129000.0,2018.0,92500.0,40.0,150.0,270.0,12.0,1.0,0.0,0.0,Tekna,2026-03-03,2026-03-03,Aktiv,Nissan,Leaf
434603759,Nissan Leaf,https://www.finn.no/mobility/item/434603759,Ski,Ski,,0.0,Oslo/Akershus,124434.0,2019.0,31143.0,40.0,150.0,270.0,17.533333333333335,1.0,0.0,0.0,N-Connecta,2026-03-03,2026-03-03,Aktiv,Nissan,Leaf
450599675,Nissan Leaf,https://www.finn.no/mobility/item/450599675,Trondheim ∙ Melhus Bil Trondheim AS,Trondheim,Melhus Bil Trondheim AS,1.0,Trøndelag,185000.0,2020.0,73808.0,62.0,217.0,385.0,12.0,1.0,0.0,1.0,Ukjent,2026-03-03,2026-03-03,Aktiv,Nissan,Leaf
450597307,Nissan Leaf,https://www.finn.no/mobility/item/450597307,Nodeland,Nodeland,,0.0,Annet,21942.0,2012.0,170000.0,24.0,109.0,270.0,8.033333333333333,2.0,0.0,0.0,Ukjent,2026-03-03,2026-03-03,Aktiv,Nissan,Leaf
434652319,Nissan Leaf,https://www.finn.no/mobility/item/434652319,Vågland,Vågland,,0.0,Annet,125000.0,2018.0,86000.0,40.0,150.0,270.0,23.266666666666666,2.0,0.0,0.0,Ukjent,2026-03-03,2026-03-03,Aktiv,Nissan,Leaf
450582784,Nissan Leaf,https://www.finn.no/mobility/item/450582784,Bodø ∙ Auto 8-8 Imaas,Bodø,Auto 8-8 Imaas,1.0,Nord-Norge,269900.0,2023.0,10200.0,59.0,217.0,385.0,12.0,1.0,0.0,1.0,Ukjent,2026-03-03,2026-03-03,Aktiv,Nissan,Leaf
450579943,Nissan Leaf,https://www.finn.no/mobility/item/450579943,Kokstad ∙ Møller Bil Bruktbilsenter Bergen,Kokstad,Møller Bil Bruktbilsenter Bergen,1.0,Vestland,199900.0,2020.0,29300.0,62.0,215.0,385.0,7.766666666666667,1.0,0.0,1.0,Ukjent,2026-03-03,2026-03-03,Aktiv,Nissan,Leaf
450574444,Nissan Leaf,https://www.finn.no/mobility/item/450574444,Hønefoss ∙ Importservice Bil AS,Hønefoss,Importservice Bil AS,1.0,Vestland,170000.0,2021.0,114600.0,62.0,218.0,385.0,12.0,1.0,0.0,1.0,Tekna,2026-03-03,2026-03-03,Aktiv,Nissan,Leaf
450495078,Nissan Leaf,https://www.finn.no/mobility/item/450495078,Kristiansand S ∙ Bilblink.no,Kristiansand S,Bilblink.no,1.0,Sørlandet,31870.0,2013.0,141000.0,40.0,150.0,270.0,12.0,1.0,0.0,0.0,Ukjent,2026-03-03,2026-03-03,Aktiv,Nissan,Leaf
450501640,Nissan Leaf,https://www.finn.no/mobility/item/450501640,Hjellestad,Hjellestad,,0.0,Annet,124532.0,2018.0,118498.0,40.0,150.0,270.0,7.0,4.0,0.0,0.0,N-Connecta,2026-03-03,2026-03-03,Aktiv,Nissan,Leaf
442321209,Nissan Leaf,https://www.finn.no/mobility/item/442321209,Langhus,Langhus,,0.0,Annet,16942.0,2012.0,197900.0,15.0,109.0,120.0,-3.566666666666667,2.0,0.0,0.0,Ukjent,2026-03-03,2026-03-03,Aktiv,Nissan,Leaf
450477915,Nissan Leaf,https://www.finn.no/mobility/item/450477915,Drammen ∙ SEBIL AS,Drammen,SEBIL AS,1.0,Oslo/Akershus,119990.0,2018.0,71100.0,40.0,150.0,270.0,12.0,1.0,0.0,0.0,Ukjent,2026-03-03,2026-03-03,Aktiv,Nissan,Leaf
450460112,Nissan Leaf,https://www.finn.no/mobility/item/450460112,Hamar ∙ AUTOVAULT AS,Hamar,AUTOVAULT AS,1.0,Annet,169900.0,2020.0,56400.0,40.0,218.0,385.0,12.0,1.0,0.0,1.0,Ukjent,2026-03-03,2026-03-03,Aktiv,Nissan,Leaf
405680801,Nissan Leaf,https://www.finn.no/mobility/item/405680801,Ørnes,Ørnes,,0.0,Annet,123434.0,2018.0,104000.0,40.0,150.0,270.0,7.966666666666667,3.0,0.0,0.0,Ukjent,2026-03-03,2026-03-03,Aktiv,Nissan,Leaf
449813475,Nissan Leaf,https://www.finn.no/mobility/item/449813475,Kløfta ∙ Rebil,Kløfta,Rebil,1.0,Annet,174900.0,2021.0,68550.0,62.0,218.0,385.0,12.0,1.0,0.0,1.0,Tekna,2026-03-03,2026-03-03,Aktiv,Nissan,Leaf
449462078,Nissan Leaf,https://www.finn.no/mobility/item/449462078,Tiller ∙ Nardo Bil Sandmoen,Tiller,Nardo Bil Sandmoen,1.0,Annet,139900.0,2020.0,90000.0,40.0,150.0,270.0,12.0,1.0,0.0,1.0,Ukjent,2026-03-03,2026-03-03,Aktiv,Nissan,Leaf
449813236,Nissan Leaf,https://www.finn.no/mobility/item/449813236,Ridabu ∙ Mobile Hamar AS,Ridabu,Mobile Hamar AS,1.0,Annet,169000.0,2021.0,94849.0,62.0,215.0,270.0,11.4,1.0,0.0,1.0,Ukjent,2026-03-03,2026-03-03,Aktiv,Nissan,Leaf
450427688,Nissan Leaf,https://www.finn.no/mobility/item/450427688,Drammen ∙ Motor Forum Drammen,Drammen,Motor Forum Drammen,1.0,Oslo/Akershus,128000.0,2019.0,82950.0,39.0,149.0,270.0,12.0,1.0,0.0,1.0,Ukjent,2026-03-03,2026-03-03,Aktiv,Nissan,Leaf
449439288,Nissan Leaf,https://www.finn.no/mobility/item/449439288,Stjørdal ∙ Auto 8-8 Trio AS,Stjørdal,Auto 8-8 Trio AS,1.0,Trøndelag,119000.0,2018.0,138000.0,40.0,150.0,270.0,12.0,1.0,0.0,1.0,Ukjent,2026-03-03,2026-03-03,Aktiv,Nissan,Leaf
449808591,Nissan Leaf,https://www.finn.no/mobility/item/449808591,Stjørdal ∙ Bertel O. Steen Stjørdal,Stjørdal,Bertel O. Steen Stjørdal,1.0,Trøndelag,249000.0,2023.0,56000.0,59.0,217.0,397.0,12.0,1.0,0.0,1.0,Acenta,2026-03-03,2026-03-03,Aktiv,Nissan,Leaf
450427160,Nissan Leaf,https://www.finn.no/mobility/item/450427160,Kokstad ∙ BILN AS,Kokstad,BILN AS,1.0,Vestland,189900.0,2022.0,77590.0,40.0,218.0,389.0,12.0,1.0,0.0,1.0,Ukjent,2026-03-03,2026-03-03,Aktiv,Nissan,Leaf
449788223,Nissan Leaf,https://www.finn.no/mobility/item/449788223,Førde ∙ Opus AS,Førde,Opus AS,1.0,Vestland,69000.0,2016.0,158824.0,30.0,109.0,250.0,12.0,1.0,0.0,1.0,Ukjent,2026-03-03,2026-03-03,Aktiv,Nissan,Leaf
450254085,Nissan Leaf,https://www.finn.no/mobility/item/450254085,Tennfjord,Tennfjord,,0.0,Annet,149532.0,2021.0,29000.0,40.0,150.0,270.0,23.1,1.0,0.0,1.0,Ukjent,2026-03-03,2026-03-03,Aktiv,Nissan,Leaf
449340577,Nissan Leaf,https://www.finn.no/mobility/item/449340577,Sandvika ∙ DRIVALIA LEASE NORGE AS,Sandvika,DRIVALIA LEASE NORGE AS,1.0,Annet,219000.0,2022.0,28000.0,62.0,215.0,385.0,6.666666666666667,1.0,0.0,1.0,Ukjent,2026-03-03,2026-03-03,Aktiv,Nissan,Leaf
449415867,Nissan Leaf,https://www.finn.no/mobility/item/449415867,Arendal ∙ GRIMSTAD BRUKTBIL AS,Arendal,GRIMSTAD BRUKTBIL AS,1.0,Sørlandet,39000.0,2012.0,88200.0,40.0,109.0,83.0,20.566666666666663,1.0,0.0,1.0,Ukjent,2026-03-03,2026-03-03,Aktiv,Nissan,Leaf
449394066,Nissan Leaf,https://www.finn.no/mobility/item/449394066,Skodje,Skodje,,0.0,Annet,162532.0,2021.0,39000.0,40.0,150.0,270.0,10.6,1.0,0.0,1.0,Ukjent,2026-03-03,2026-03-03,Aktiv,Nissan,Leaf
449374668,Nissan Leaf,https://www.finn.no/mobility/item/449374668,Kleppestø ∙ SPZ BIL AS,Kleppestø,SPZ BIL AS,1.0,Vestland,239900.0,2023.0,44500.0,40.0,150.0,278.0,12.0,1.0,0.0,1.0,N-Connecta,2026-03-03,2026-03-03,Aktiv,Nissan,Leaf
450248197,Nissan Leaf,https://www.finn.no/mobility/item/450248197,Kleppestø ∙ SPZ BIL AS,Kleppestø,SPZ BIL AS,1.0,Vestland,229900.0,2023.0,46000.0,40.0,150.0,278.0,12.0,1.0,0.0,1.0,Ukjent,2026-03-03,2026-03-03,Aktiv,Nissan,Leaf
450178852,Nissan Leaf,https://www.finn.no/mobility/item/450178852,Åfjord,Åfjord,,0.0,Annet,99000.0,2018.0,134007.0,40.0,150.0,270.0,17.566666666666666,1.0,0.0,0.0,Ukjent,2026-03-03,2026-03-03,Aktiv,Nissan,Leaf
449782813,Nissan Leaf,https://www.finn.no/mobility/item/449782813,Hønefoss ∙ Mobile Hønefoss AS,Hønefoss,Mobile Hønefoss AS,1.0,Vestland,259000.0,2024.0,48800.0,59.0,218.0,395.0,23.8,1.0,0.0,1.0,N-Connecta,2026-03-03,2026-03-03,Aktiv,Nissan,Leaf
449368686,Nissan Leaf,https://www.finn.no/mobility/item/449368686,Storebø,Storebø,,0.0,Annet,46842.0,2014.0,125795.0,40.0,109.0,110.0,19.566666666666663,2.0,0.0,0.0,Ukjent,2026-03-03,2026-03-03,Aktiv,Nissan,Leaf
426068205,Nissan Leaf,https://www.finn.no/mobility/item/426068205,Fauske,Fauske,,0.0,Annet,159434.0,2021.0,78000.0,40.0,150.0,270.0,11.2,1.0,0.0,0.0,Ukjent,2026-03-03,2026-03-03,Aktiv,Nissan,Leaf
450179920,Nissan Leaf,https://www.finn.no/mobility/item/450179920,Lillestrøm ∙ Automotors AS,Lillestrøm,Automotors AS,1.0,Oslo/Akershus,133000.0,2019.0,91000.0,40.0,150.0,270.0,12.0,1.0,0.0,1.0,Ukjent,2026-03-03,2026-03-03,Aktiv,Nissan,Leaf
449360467,Nissan Leaf,https://www.finn.no/mobility/item/449360467,Rådal ∙ BILHUB AS,Rådal,BILHUB AS,1.0,Vestland,129000.0,2018.0,67801.0,40.0,150.0,270.0,12.0,1.0,0.0,1.0,N-Connecta,2026-03-03,2026-03-03,Aktiv,Nissan,Leaf
449782463,Nissan Leaf,https://www.finn.no/mobility/item/449782463,Hønefoss ∙ Mobile Hønefoss AS,Hønefoss,Mobile Hønefoss AS,1.0,Vestland,269000.0,2024.0,31500.0,59.0,218.0,395.0,23.8,1.0,0.0,1.0,N-Connecta,2026-03-03,2026-03-03,Aktiv,Nissan,Leaf
450147346,Nissan Leaf,https://www.finn.no/mobility/item/450147346,Kløfta ∙ Romerike Autohus AS,Kløfta,Romerike Autohus AS,1.0,Annet,159000.0,2020.0,87000.0,62.0,218.0,385.0,12.0,1.0,0.0,1.0,N-Connecta,2026-03-03,2026-03-03,Aktiv,Nissan,Leaf
450329060,Nissan Leaf,https://www.finn.no/mobility/item/450329060,Kløfta ∙ Autorada AS,Kløfta,Autorada AS,1.0,Annet,89000.0,2018.0,150000.0,40.0,150.0,270.0,12.0,1.0,0.0,0.0,Ukjent,2026-03-03,2026-03-03,Aktiv,Nissan,Leaf
450107986,Nissan Leaf,https://www.finn.no/mobility/item/450107986,Ottestad ∙ AUTOLINKS AS,Ottestad,AUTOLINKS AS,1.0,Annet,134900.0,2019.0,52550.0,40.0,150.0,270.0,12.0,1.0,0.0,1.0,Ukjent,2026-03-03,2026-03-03,Aktiv,Nissan,Leaf
449063272,Nissan Leaf,https://www.finn.no/mobility/item/449063272,Blomsterdalen ∙ Flesland Bil AS,Blomsterdalen,Flesland Bil AS,1.0,Vestland,29900.0,2013.0,110000.0,40.0,109.0,270.0,12.0,1.0,0.0,0.0,Ukjent,2026-03-03,2026-03-03,Aktiv,Nissan,Leaf
449686133,Nissan Leaf,https://www.finn.no/mobility/item/449686133,Drammen ∙ Sulland Drammen,Drammen,Sulland Drammen,1.0,Oslo/Akershus,69900.0,2016.0,87525.0,30.0,109.0,270.0,7.633333333333334,1.0,0.0,1.0,Acenta,2026-03-03,2026-03-03,Aktiv,Nissan,Leaf
450307464,Nissan Leaf,https://www.finn.no/mobility/item/450307464,Isdalstø ∙ Vest Motor AS,Isdalstø,Vest Motor AS,1.0,Vestland,199000.0,2023.0,42130.0,40.0,150.0,278.0,12.0,1.0,0.0,1.0,N-Connecta,2026-03-03,2026-03-03,Aktiv,Nissan,Leaf
448955948,Nissan Leaf,https://www.finn.no/mobility/item/448955948,Svelvik,Svelvik,,0.0,Annet,199990.0,2020.0,39950.0,62.0,215.0,385.0,23.23333333333333,2.0,0.0,0.0,Ukjent,2026-03-03,2026-03-03,Aktiv,Nissan,Leaf
449684751,Nissan Leaf,https://www.finn.no/mobility/item/449684751,Korsvegen ∙ BERG AUTO NORSPORTS AS,Korsvegen,BERG AUTO NORSPORTS AS,1.0,Annet,19942.0,2012.0,133000.0,40.0,109.0,270.0,12.0,1.0,0.0,0.0,Ukjent,2026-03-03,2026-03-03,Aktiv,Nissan,Leaf
449242369,Nissan Leaf,https://www.finn.no/mobility/item/449242369,Nesttun ∙ PARADIS BIL,Nesttun,PARADIS BIL,1.0,Vestland,53532.0,2015.0,81000.0,24.0,109.0,270.0,16.0,1.0,0.0,0.0,Ukjent,2026-03-03,2026-03-03,Aktiv,Nissan,Leaf
447132728,Nissan Leaf,https://www.finn.no/mobility/item/447132728,Sandvika ∙ DRIVALIA LEASE NORGE AS,Sandvika,DRIVALIA LEASE NORGE AS,1.0,Annet,199000.0,2022.0,76000.0,62.0,217.0,385.0,-0.7,1.0,0.0,1.0,Ukjent,2026-03-03,2026-03-03,Aktiv,Nissan,Leaf
449635410,Nissan Leaf,https://www.finn.no/mobility/item/449635410,Kristiansand S ∙ Hedin Automotive Kristiansand,Kristiansand S,Hedin Automotive Kristiansand,1.0,Sørlandet,169000.0,2021.0,81622.0,40.0,150.0,270.0,12.0,1.0,0.0,1.0,Ukjent,2026-03-03,2026-03-03,Aktiv,Nissan,Leaf
448876389,Nissan Leaf,https://www.finn.no/mobility/item/448876389,Ellingsøy,Ellingsøy,,0.0,Annet,114532.0,2018.0,109211.0,40.0,150.0,270.0,23.2,1.0,0.0,0.0,Ukjent,2026-03-03,2026-03-03,Aktiv,Nissan,Leaf
448880489,Nissan Leaf,https://www.finn.no/mobility/item/448880489,Bruvik,Bruvik,,0.0,Annet,13942.0,2012.0,160000.0,40.0,109.0,60.0,-18.7,1.0,0.0,0.0,Ukjent,2026-03-03,2026-03-03,Aktiv,Nissan,Leaf
449555089,Nissan Leaf,https://www.finn.no/mobility/item/449555089,Lillestrøm ∙ Automotors AS,Lillestrøm,Automotors AS,1.0,Oslo/Akershus,99000.0,2018.0,149040.0,40.0,150.0,260.0,12.0,1.0,0.0,1.0,Ukjent,2026-03-03,2026-03-03,Aktiv,Nissan,Leaf
450004431,Nissan Leaf,https://www.finn.no/mobility/item/450004431,Hokksund ∙ BilYard AS,Hokksund,BilYard AS,1.0,Annet,49900.0,2015.0,131000.0,40.0,109.0,270.0,12.0,1.0,0.0,0.0,Ukjent,2026-03-03,2026-03-03,Aktiv,Nissan,Leaf
449238926,Nissan Leaf,https://www.finn.no/mobility/item/449238926,Jevnaker,Jevnaker,,0.0,Annet,51942.0,2012.0,160000.0,62.0,109.0,270.0,2.933333333333333,2.0,0.0,0.0,Ukjent,2026-03-03,2026-03-03,Aktiv,Nissan,Leaf
450278046,Nissan Leaf,https://www.finn.no/mobility/item/450278046,Mo i Rana ∙ Ramseng Auto AS,Mo i Rana,Ramseng Auto AS,1.0,Annet,339000.0,2025.0,6000.0,59.0,214.0,396.0,12.0,1.0,0.0,0.0,Ukjent,2026-03-03,2026-03-03,Aktiv,Nissan,Leaf
446089693,Nissan Leaf,https://www.finn.no/mobility/item/446089693,Krokelvdalen,Krokelvdalen,,0.0,Annet,176532.0,2022.0,40000.0,40.0,150.0,270.0,2.1333333333333333,1.0,0.0,0.0,Ukjent,2026-03-03,2026-03-03,Aktiv,Nissan,Leaf
449200014,Nissan Leaf,https://www.finn.no/mobility/item/449200014,Trondheim ∙ LADE ARENA AUTO AS,Trondheim,LADE ARENA AUTO AS,1.0,Trøndelag,239000.0,2022.0,27679.0,62.0,218.0,395.0,12.0,1.0,0.0,1.0,N-Connecta,2026-03-03,2026-03-03,Aktiv,Nissan,Leaf
448811395,Nissan Leaf,https://www.finn.no/mobility/item/448811395,Lørenskog ∙ JuTo Bil AS,Lørenskog,JuTo Bil AS,1.0,Oslo/Akershus,74532.0,2019.0,218000.0,40.0,150.0,270.0,15.1,3.0,0.0,0.0,Ukjent,2026-03-03,2026-03-03,Aktiv,Nissan,Leaf
449441976,Nissan Leaf,https://www.finn.no/mobility/item/449441976,Asker,Asker,,0.0,Oslo/Akershus,128000.0,2019.0,50000.0,40.0,150.0,270.0,12.0,1.0,0.0,0.0,Tekna,2026-03-03,2026-03-03,Aktiv,Nissan,Leaf
449519457,Nissan Leaf,https://www.finn.no/mobility/item/449519457,Ålesund ∙ Auto 8-8 Ålesund AS,Ålesund,Auto 8-8 Ålesund AS,1.0,Annet,218900.0,2022.0,11500.0,39.0,149.0,278.0,12.0,1.0,0.0,1.0,Ukjent,2026-03-03,2026-03-03,Aktiv,Nissan,Leaf
449995365,Nissan Leaf,https://www.finn.no/mobility/item/449995365,Kokstad ∙ Møller Bil Bruktbilsenter Bergen,Kokstad,Møller Bil Bruktbilsenter Bergen,1.0,Vestland,209900.0,2021.0,58100.0,62.0,215.0,385.0,21.966666666666665,1.0,0.0,1.0,Tekna,2026-03-03,2026-03-03,Aktiv,Nissan,Leaf
449990407,Nissan Leaf,https://www.finn.no/mobility/item/449990407,Ågotnes,Ågotnes,,0.0,Annet,107532.0,2018.0,114000.0,40.0,150.0,270.0,8.033333333333333,1.0,0.0,0.0,Ukjent,2026-03-03,2026-03-03,Aktiv,Nissan,Leaf
450273719,Nissan Leaf,https://www.finn.no/mobility/item/450273719,Hokksund ∙ Hokksund Auto AS,Hokksund,Hokksund Auto AS,1.0,Annet,189000.0,2020.0,38595.0,62.0,218.0,385.0,12.0,1.0,0.0,1.0,N-Connecta,2026-03-03,2026-03-03,Aktiv,Nissan,Leaf
449507121,Nissan Leaf,https://www.finn.no/mobility/item/449507121,Stjørdal ∙ Auto 8-8 Trio AS,Stjørdal,Auto 8-8 Trio AS,1.0,Trøndelag,189000.0,2022.0,53000.0,40.0,150.0,270.0,12.0,1.0,0.0,1.0,Ukjent,2026-03-03,2026-03-03,Aktiv,Nissan,Leaf
448742416,Nissan Leaf,https://www.finn.no/mobility/item/448742416,Florvåg,Florvåg,,0.0,Annet,134532.0,2020.0,50500.0,40.0,150.0,270.0,24.6,1.0,0.0,0.0,Ukjent,2026-03-03,2026-03-03,Aktiv,Nissan,Leaf
449984879,Nissan Leaf,https://www.finn.no/mobility/item/449984879,Ranheim ∙ Nardo Bil AS Jaguar Land Rover,Ranheim,Nardo Bil AS Jaguar Land Rover,1.0,Annet,169900.0,2019.0,30310.0,40.0,150.0,285.0,12.0,1.0,0.0,1.0,Tekna,2026-03-03,2026-03-03,Aktiv,Nissan,Leaf
437991303,Nissan Leaf,https://www.finn.no/mobility/item/437991303,Strandvik,Strandvik,,0.0,Annet,49532.0,2017.0,97000.0,30.0,109.0,270.0,12.033333333333331,2.0,0.0,0.0,Ukjent,2026-03-03,2026-03-03,Aktiv,Nissan,Leaf
448725506,Nissan Leaf,https://www.finn.no/mobility/item/448725506,Ski ∙ AUTO 24/7 AS,Ski,AUTO 24/7 AS,1.0,Oslo/Akershus,139999.0,2020.0,74000.0,40.0,150.0,270.0,12.0,1.0,0.0,1.0,Tekna,2026-03-03,2026-03-03,Aktiv,Nissan,Leaf
441887816,Nissan Leaf,https://www.finn.no/mobility/item/441887816,Drammen,Drammen,,0.0,Oslo/Akershus,131434.0,2019.0,71650.0,40.0,150.0,270.0,14.666666666666666,2.0,0.0,0.0,Tekna,2026-03-03,2026-03-03,Aktiv,Nissan,Leaf
447098165,Nissan Leaf,https://www.finn.no/mobility/item/447098165,Førde,Førde,,0.0,Vestland,119900.0,2018.0,90400.0,40.0,150.0,270.0,22.7,2.0,0.0,1.0,Tekna,2026-03-03,2026-03-03,Aktiv,Nissan,Leaf
449941428,Nissan Leaf,https://www.finn.no/mobility/item/449941428,Bergen,Bergen,,0.0,Vestland,134532.0,2019.0,99750.0,40.0,150.0,270.0,12.466666666666669,1.0,0.0,0.0,Ukjent,2026-03-03,2026-03-03,Aktiv,Nissan,Leaf
448698658,Nissan Leaf,https://www.finn.no/mobility/item/448698658,Kristiansand S ∙ ELBILFORMIDLING AS,Kristiansand S,ELBILFORMIDLING AS,1.0,Sørlandet,59900.0,2017.0,121900.0,30.0,109.0,250.0,11.433333333333334,1.0,0.0,1.0,Ukjent,2026-03-03,2026-03-03,Aktiv,Nissan,Leaf
449924579,Nissan Leaf,https://www.finn.no/mobility/item/449924579,Heimdal ∙ ARM Bil AS,Heimdal,ARM Bil AS,1.0,Annet,189000.0,2022.0,18026.0,40.0,150.0,270.0,12.0,1.0,0.0,1.0,Ukjent,2026-03-03,2026-03-03,Aktiv,Nissan,Leaf
449088162,Nissan Leaf,https://www.finn.no/mobility/item/449088162,Orkanger,Orkanger,,0.0,Annet,99532.0,2020.0,142800.0,40.0,150.0,270.0,24.666666666666668,1.0,0.0,0.0,Ukjent,2026-03-03,2026-03-03,Aktiv,Nissan,Leaf
342913155,Nissan Leaf,https://www.finn.no/mobility/item/342913155,Vennesla,Vennesla,,0.0,Annet,169900.0,2022.0,37300.0,39.0,150.0,270.0,22.366666666666667,1.0,0.0,1.0,Ukjent,2026-03-03,2026-03-03,Aktiv,Nissan,Leaf
449878222,Nissan Leaf,https://www.finn.no/mobility/item/449878222,Flateby ∙ A&N AUTO AS,Flateby,A&N AUTO AS,1.0,Annet,86900.0,2018.0,160800.0,40.0,150.0,270.0,24.2,2.0,0.0,0.0,Ukjent,2026-03-03,2026-03-03,Aktiv,Nissan,Leaf
448689452,Nissan Leaf,https://www.finn.no/mobility/item/448689452,Grimstad ∙ Grimstad Bil AS,Grimstad,Grimstad Bil AS,1.0,Sørlandet,109000.0,2019.0,162300.0,40.0,150.0,270.0,12.0,1.0,0.0,1.0,Ukjent,2026-03-03,2026-03-03,Aktiv,Nissan,Leaf
449065999,Nissan Leaf,https://www.finn.no/mobility/item/449065999,Sæbøvågen,Sæbøvågen,,0.0,Annet,104532.0,2018.0,114000.0,40.0,150.0,270.0,7.0,1.0,0.0,0.0,Ukjent,2026-03-03,2026-03-03,Aktiv,Nissan,Leaf
449849487,Nissan Leaf,https://www.finn.no/mobility/item/449849487,Gardermoen ∙ Resale AS,Gardermoen,Resale AS,1.0,Annet,55000.0,2016.0,170000.0,40.0,109.0,270.0,12.0,2.0,0.0,0.0,Tekna,2026-03-03,2026-03-03,Aktiv,Nissan,Leaf
448679649,Nissan Leaf,https://www.finn.no/mobility/item/448679649,Arendal ∙ Z-AUTO AS,Arendal,Z-AUTO AS,1.0,Sørlandet,39900.0,2013.0,92215.0,40.0,33.0,270.0,12.0,1.0,0.0,1.0,Ukjent,2026-03-03,2026-03-03,Aktiv,Nissan,Leaf
448527763,Nissan Leaf,https://www.finn.no/mobility/item/448527763,Kristiansand S ∙ ELBILFORMIDLING AS,Kristiansand S,ELBILFORMIDLING AS,1.0,Sørlandet,114900.0,2018.0,115700.0,40.0,150.0,270.0,7.733333333333333,2.0,0.0,1.0,Ukjent,2026-03-03,2026-03-03,Aktiv,Nissan,Leaf
448523921,Nissan Leaf,https://www.finn.no/mobility/item/448523921,Trondheim ∙ tm bil,Trondheim,tm bil,1.0,Trøndelag,144900.0,2020.0,75270.0,40.0,150.0,270.0,23.7,1.0,0.0,1.0,N-Connecta,2026-03-03,2026-03-03,Aktiv,Nissan,Leaf
448394774,Nissan Leaf,https://www.finn.no/mobility/item/448394774,Stjørdal ∙ Aage Vold Autosalg AS,Stjørdal,Aage Vold Autosalg AS,1.0,Trøndelag,169000.0,2021.0,36600.0,40.0,150.0,270.0,12.0,1.0,0.0,1.0,Ukjent,2026-03-03,2026-03-03,Aktiv,Nissan,Leaf
449825613,Nissan Leaf,https://www.finn.no/mobility/item/449825613,Førde ∙ Motorarena AS,Førde,Motorarena AS,1.0,Vestland,189000.0,2021.0,29000.0,40.0,150.0,270.0,12.0,1.0,0.0,0.0,Ukjent,2026-03-03,2026-03-03,Aktiv,Nissan,Leaf
448648896,Nissan Leaf,https://www.finn.no/mobility/item/448648896,Vøyenenga ∙ Naka Autosport AS,Vøyenenga,Naka Autosport AS,1.0,Annet,29000.0,2013.0,168409.0,40.0,109.0,270.0,12.0,1.0,0.0,1.0,Ukjent,2026-03-03,2026-03-03,Aktiv,Nissan,Leaf
447813871,Nissan Leaf,https://www.finn.no/mobility/item/447813871,Froland ∙ BILBUTIKKEN FROLAND AS,Froland,BILBUTIKKEN FROLAND AS,1.0,Annet,209900.0,2021.0,55000.0,62.0,218.0,385.0,12.0,1.0,0.0,1.0,Ukjent,2026-03-03,2026-03-03,Aktiv,Nissan,Leaf
448652411,Nissan Leaf,https://www.finn.no/mobility/item/448652411,Sofiemyr ∙ Hasa Bil AS,Sofiemyr,Hasa Bil AS,1.0,Annet,73000.0,2015.0,61000.0,30.0,109.0,150.0,21.266666666666666,1.0,0.0,0.0,Ukjent,2026-03-03,2026-03-03,Aktiv,Nissan,Leaf
447379376,Nissan Leaf,https://www.finn.no/mobility/item/447379376,Lørenskog ∙ FURUSET CAR SENTER & PREMIUM BIL,Lørenskog,FURUSET CAR SENTER & PREMIUM BIL,1.0,Oslo/Akershus,185000.0,2020.0,57500.0,62.0,215.0,385.0,23.33333333333333,1.0,0.0,1.0,Tekna,2026-03-03,2026-03-03,Aktiv,Nissan,Leaf
447647058,Nissan Leaf,https://www.finn.no/mobility/item/447647058,Mandal ∙ RO AUTO AS,Mandal,RO AUTO AS,1.0,Annet,144900.0,2020.0,87000.0,40.0,150.0,270.0,12.0,2.0,0.0,0.0,Tekna,2026-03-03,2026-03-03,Aktiv,Nissan,Leaf
447597715,Nissan Leaf,https://www.finn.no/mobility/item/447597715,Drammen ∙ SCANDINANO AUTOTRADE AS,Drammen,SCANDINANO AUTOTRADE AS,1.0,Oslo/Akershus,24942.0,2013.0,133000.0,40.0,109.0,270.0,18.566666666666663,3.0,0.0,0.0,Ukjent,2026-03-03,2026-03-03,Aktiv,Nissan,Leaf
447510114,Nissan Leaf,https://www.finn.no/mobility/item/447510114,Ask,Ask,,0.0,Annet,49532.0,2015.0,119000.0,24.0,109.0,270.0,19.166666666666668,2.0,0.0,0.0,Ukjent,2026-03-03,2026-03-03,Aktiv,Nissan,Leaf
435137515,Nissan Leaf,https://www.finn.no/mobility/item/435137515,Mandal,Mandal,,0.0,Annet,38434.0,2015.0,187000.0,24.0,109.0,135.0,8.4,2.0,0.0,0.0,Ukjent,2026-03-03,2026-03-03,Aktiv,Nissan,Leaf
447550976,Nissan Leaf,https://www.finn.no/mobility/item/447550976,Søgne ∙ Panther Auto AS,Søgne,Panther Auto AS,1.0,Annet,149900.0,2022.0,67000.0,40.0,150.0,270.0,12.0,1.0,0.0,1.0,N-Connecta,2026-03-03,2026-03-03,Aktiv,Nissan,Leaf
447548734,Nissan Leaf,https://www.finn.no/mobility/item/447548734,Flaktveit,Flaktveit,,0.0,Annet,149532.0,2018.0,89500.0,40.0,150.0,270.0,-1.0666666666666669,1.0,0.0,0.0,Tekna,2026-03-03,2026-03-03,Aktiv,Nissan,Leaf
447591355,Nissan Leaf,https://www.finn.no/mobility/item/447591355,Lillestrøm ∙ HANEBORG AUTO AS,Lillestrøm,HANEBORG AUTO AS,1.0,Oslo/Akershus,238800.0,2022.0,39900.0,62.0,218.0,385.0,12.0,1.0,0.0,1.0,Tekna,2026-03-03,2026-03-03,Aktiv,Nissan,Leaf
447538039,Nissan Leaf,https://www.finn.no/mobility/item/447538039,Ålesund ∙ Auto 8-8 Ålesund AS,Ålesund,Auto 8-8 Ålesund AS,1.0,Annet,189000.0,2022.0,36500.0,39.0,150.0,270.0,12.0,1.0,0.0,1.0,Ukjent,2026-03-03,2026-03-03,Aktiv,Nissan,Leaf
447536248,Nissan Leaf,https://www.finn.no/mobility/item/447536248,Kokstad ∙ AutoSale AS,Kokstad,AutoSale AS,1.0,Vestland,189900.0,2020.0,70000.0,40.0,218.0,385.0,12.0,1.0,0.0,1.0,Tekna,2026-03-03,2026-03-03,Aktiv,Nissan,Leaf
447530094,Nissan Leaf,https://www.finn.no/mobility/item/447530094,Fyllingsdalen ∙ AutoSwap AS,Fyllingsdalen,AutoSwap AS,1.0,Vestland,139800.0,2018.0,77400.0,40.0,150.0,270.0,12.0,1.0,0.0,0.0,Tekna,2026-03-03,2026-03-03,Aktiv,Nissan,Leaf
448394611,Nissan Leaf,https://www.finn.no/mobility/item/448394611,Stjørdal ∙ Aage Vold Autosalg AS,Stjørdal,Aage Vold Autosalg AS,1.0,Trøndelag,169000.0,2021.0,27900.0,40.0,150.0,270.0,12.0,1.0,0.0,1.0,Ukjent,2026-03-03,2026-03-03,Aktiv,Nissan,Leaf
447516896,Nissan Leaf,https://www.finn.no/mobility/item/447516896,Kongsvinger ∙ Mobile Kongsvinger,Kongsvinger,Mobile Kongsvinger,1.0,Annet,148900.0,2020.0,152354.0,62.0,215.0,385.0,22.5,1.0,0.0,1.0,N-Connecta,2026-03-03,2026-03-03,Aktiv,Nissan,Leaf
381753524,Nissan Leaf,https://www.finn.no/mobility/item/381753524,Sandsli,Sandsli,,0.0,Annet,154350.0,2020.0,54000.0,40.0,150.0,270.0,20.666666666666668,2.0,0.0,0.0,Ukjent,2026-03-03,2026-03-03,Aktiv,Nissan,Leaf
448394494,Nissan Leaf,https://www.finn.no/mobility/item/448394494,Stjørdal ∙ Aage Vold Autosalg AS,Stjørdal,Aage Vold Autosalg AS,1.0,Trøndelag,169000.0,2021.0,38700.0,40.0,150.0,270.0,12.0,1.0,0.0,1.0,Ukjent,2026-03-03,2026-03-03,Aktiv,Nissan,Leaf
447625689,Nissan Leaf,https://www.finn.no/mobility/item/447625689,Overhalla ∙ Overhalla Speed Auto,Overhalla,Overhalla Speed Auto,1.0,Annet,99932.0,2019.0,120800.0,40.0,150.0,270.0,23.4,1.0,0.0,1.0,Ukjent,2026-03-03,2026-03-03,Aktiv,Nissan,Leaf
447480928,Nissan Leaf,https://www.finn.no/mobility/item/447480928,Krokstadelva ∙ DAYTONA BILSENTER AS,Krokstadelva,DAYTONA BILSENTER AS,1.0,Annet,55900.0,2015.0,87000.0,24.0,109.0,270.0,12.0,1.0,0.0,1.0,Ukjent,2026-03-03,2026-03-03,Aktiv,Nissan,Leaf
448375483,Nissan Leaf,https://www.finn.no/mobility/item/448375483,Steinkjer ∙ Auto Fire AS,Steinkjer,Auto Fire AS,1.0,Annet,129900.0,2018.0,86300.0,40.0,150.0,270.0,12.0,2.0,0.0,1.0,Tekna,2026-03-03,2026-03-03,Aktiv,Nissan,Leaf
447436711,Nissan Leaf,https://www.finn.no/mobility/item/447436711,Sofiemyr ∙ BILVERDEN1 AS,Sofiemyr,BILVERDEN1 AS,1.0,Annet,55000.0,2015.0,112000.0,24.0,109.0,150.0,13.5,1.0,0.0,0.0,Ukjent,2026-03-03,2026-03-03,Aktiv,Nissan,Leaf
448284588,Nissan Leaf,https://www.finn.no/mobility/item/448284588,Kvål ∙ DAYTONA AUTO AS,Kvål,DAYTONA AUTO AS,1.0,Annet,109900.0,2018.0,112000.0,40.0,150.0,270.0,12.0,1.0,0.0,1.0,Ukjent,2026-03-03,2026-03-03,Aktiv,Nissan,Leaf
447416201,Nissan Leaf,https://www.finn.no/mobility/item/447416201,Levanger ∙ BILHJØRNET AS,Levanger,BILHJØRNET AS,1.0,Annet,109000.0,2019.0,151000.0,40.0,150.0,270.0,12.0,1.0,0.0,1.0,Ukjent,2026-03-03,2026-03-03,Aktiv,Nissan,Leaf
447369201,Nissan Leaf,https://www.finn.no/mobility/item/447369201,Skedsmokorset ∙ AUTOMOTIVE AS,Skedsmokorset,AUTOMOTIVE AS,1.0,Annet,39900.0,2014.0,108000.0,40.0,109.0,270.0,12.0,1.0,0.0,0.0,Ukjent,2026-03-03,2026-03-03,Aktiv,Nissan,Leaf
448232378,Nissan Leaf,https://www.finn.no/mobility/item/448232378,Steinkjer ∙ Steinkjer Bil AS,Steinkjer,Steinkjer Bil AS,1.0,Annet,139000.0,2019.0,79000.0,40.0,150.0,270.0,12.0,1.0,0.0,1.0,N-Connecta,2026-03-03,2026-03-03,Aktiv,Nissan,Leaf
448219165,Nissan Leaf,https://www.finn.no/mobility/item/448219165,Furnes ∙ BILPORTALEN AS,Furnes,BILPORTALEN AS,1.0,Annet,65000.0,2015.0,74500.0,40.0,109.0,270.0,12.0,1.0,0.0,0.0,Ukjent,2026-03-03,2026-03-03,Aktiv,Nissan,Leaf
448195567,Nissan Leaf,https://www.finn.no/mobility/item/448195567,Drammen ∙ RSA BIL Drammen,Drammen,RSA BIL Drammen,1.0,Oslo/Akershus,199000.0,2022.0,32541.0,39.0,150.0,270.0,12.0,1.0,0.0,1.0,Ukjent,2026-03-03,2026-03-03,Aktiv,Nissan,Leaf
447272810,Nissan Leaf,https://www.finn.no/mobility/item/447272810,Nesttun ∙ Bergen Bilsjef AS,Nesttun,Bergen Bilsjef AS,1.0,Vestland,34942.0,2014.0,149329.0,24.0,109.0,270.0,8.033333333333333,2.0,0.0,0.0,Tekna,2026-03-03,2026-03-03,Aktiv,Nissan,Leaf
448179976,Nissan Leaf,https://www.finn.no/mobility/item/448179976,Stjørdal ∙ Kristoffersen Bil AS,Stjørdal,Kristoffersen Bil AS,1.0,Trøndelag,159900.0,2019.0,25600.0,40.0,150.0,270.0,12.0,1.0,0.0,1.0,Ukjent,2026-03-03,2026-03-03,Aktiv,Nissan,Leaf
447255424,Nissan Leaf,https://www.finn.no/mobility/item/447255424,Elverum ∙ Mobile Elverum AS,Elverum,Mobile Elverum AS,1.0,Annet,179000.0,2020.0,87261.0,62.0,215.0,385.0,6.633333333333334,1.0,0.0,1.0,Ukjent,2026-03-03,2026-03-03,Aktiv,Nissan,Leaf
447252194,Nissan Leaf,https://www.finn.no/mobility/item/447252194,Kristiansand S ∙ RSA BIL Kristiansand,Kristiansand S,RSA BIL Kristiansand,1.0,Sørlandet,157000.0,2020.0,81500.0,40.0,150.0,270.0,12.0,1.0,0.0,1.0,Tekna,2026-03-03,2026-03-03,Aktiv,Nissan,Leaf
448062942,Nissan Leaf,https://www.finn.no/mobility/item/448062942,Roa ∙ Hadeland Bil AS,Roa,Hadeland Bil AS,1.0,Annet,41942.0,2014.0,79000.0,40.0,33.0,270.0,12.0,1.0,0.0,0.0,Ukjent,2026-03-03,2026-03-03,Aktiv,Nissan,Leaf
447250743,Nissan Leaf,https://www.finn.no/mobility/item/447250743,Eide ∙ Auto 8-8 Sildnes & Halaas AS Avd Salg Eide,Eide,Auto 8-8 Sildnes & Halaas AS Avd Salg Eide,1.0,Annet,169000.0,2021.0,65000.0,40.0,150.0,270.0,12.0,1.0,0.0,1.0,Ukjent,2026-03-03,2026-03-03,Aktiv,Nissan,Leaf
448047046,Nissan Leaf,https://www.finn.no/mobility/item/448047046,Vinterbro,Vinterbro,,0.0,Annet,129532.0,2019.0,143500.0,40.0,150.0,270.0,13.1,1.0,0.0,0.0,Ukjent,2026-03-03,2026-03-03,Aktiv,Nissan,Leaf
448050477,Nissan Leaf,https://www.finn.no/mobility/item/448050477,Eidsvåg i Åsane ∙ Åsane Bil AS,Eidsvåg i Åsane,Åsane Bil AS,1.0,Annet,51942.0,2016.0,102000.0,160.0,109.0,149.0,12.0,1.0,0.0,1.0,Ukjent,2026-03-03,2026-03-03,Aktiv,Nissan,Leaf
447217421,Nissan Leaf,https://www.finn.no/mobility/item/447217421,Kristiansand S ∙ Gumpens Auto Vest AS,Kristiansand S,Gumpens Auto Vest AS,1.0,Sørlandet,179000.0,2020.0,83775.0,62.0,215.0,385.0,23.5,1.0,0.0,1.0,Tekna,2026-03-03,2026-03-03,Aktiv,Nissan,Leaf
448036635,Nissan Leaf,https://www.finn.no/mobility/item/448036635,Trondheim ∙ Okkenhaug Krogstad AS,Trondheim,Okkenhaug Krogstad AS,1.0,Trøndelag,119900.0,2018.0,92700.0,40.0,150.0,270.0,12.0,1.0,0.0,1.0,Ukjent,2026-03-03,2026-03-03,Aktiv,Nissan,Leaf
447198450,Nissan Leaf,https://www.finn.no/mobility/item/447198450,Trondheim ∙ Trøndelag Bil AS,Trondheim,Trøndelag Bil AS,1.0,Trøndelag,159900.0,2021.0,46000.0,40.0,150.0,270.0,12.0,1.0,0.0,1.0,Acenta,2026-03-03,2026-03-03,Aktiv,Nissan,Leaf
447187811,Nissan Leaf,https://www.finn.no/mobility/item/447187811,Kristiansand S ∙ Gumpens Auto Vest AS,Kristiansand S,Gumpens Auto Vest AS,1.0,Sørlandet,199000.0,2022.0,52179.0,39.0,150.0,270.0,1.1333333333333333,1.0,0.0,1.0,Tekna,2026-03-03,2026-03-03,Aktiv,Nissan,Leaf
439700864,Nissan Leaf,https://www.finn.no/mobility/item/439700864,Arendal,Arendal,,0.0,Sørlandet,199000.0,2021.0,60237.0,62.0,215.0,385.0,5.666666666666667,1.0,0.0,1.0,Ukjent,2026-03-03,2026-03-03,Aktiv,Nissan,Leaf
440082120,Nissan Leaf,https://www.finn.no/mobility/item/440082120,"Gardermoen ∙ Birger N. Haug, Hovinmovegen 6, 2060 Gardermoen",Gardermoen,"Birger N. Haug, Hovinmovegen 6, 2060 Gardermoen",1.0,Annet,244990.0,2024.0,30333.0,39.0,150.0,278.0,25.6,1.0,0.0,1.0,N-Connecta,2026-03-03,2026-03-03,Aktiv,Nissan,Leaf
447144833,Nissan Leaf,https://www.finn.no/mobility/item/447144833,Nesttun ∙ Anto Bil AS,Nesttun,Anto Bil AS,1.0,Vestland,19000.0,2013.0,150000.0,24.0,109.0,270.0,-3.1333333333333333,4.0,0.0,0.0,Ukjent,2026-03-03,2026-03-03,Aktiv,Nissan,Leaf
447074704,Nissan Leaf,https://www.finn.no/mobility/item/447074704,Stjørdal ∙ Bertel O. Steen Stjørdal,Stjørdal,Bertel O. Steen Stjørdal,1.0,Trøndelag,119000.0,2018.0,60000.0,40.0,150.0,270.0,12.0,1.0,0.0,1.0,Ukjent,2026-03-03,2026-03-03,Aktiv,Nissan,Leaf
447045985,Nissan Leaf,https://www.finn.no/mobility/item/447045985,Harstad,Harstad,,0.0,Nord-Norge,149900.0,2020.0,82495.0,40.0,150.0,270.0,3.2666666666666666,1.0,0.0,0.0,Tekna,2026-03-03,2026-03-03,Aktiv,Nissan,Leaf
432720663,Nissan Leaf,https://www.finn.no/mobility/item/432720663,Brattholmen,Brattholmen,,0.0,Vestland,144434.0,2019.0,55000.0,40.0,150.0,270.0,19.066666666666663,3.0,0.0,0.0,Tekna,2026-03-03,2026-03-03,Aktiv,Nissan,Leaf
439760391,Nissan Leaf,https://www.finn.no/mobility/item/439760391,Averøy,Averøy,,0.0,Annet,154434.0,2021.0,68000.0,40.0,150.0,270.0,15.2,2.0,0.0,0.0,Tekna,2026-03-03,2026-03-03,Aktiv,Nissan,Leaf
446632458,Nissan Leaf,https://www.finn.no/mobility/item/446632458,Billingstad ∙ FIRST AUTO AS,Billingstad,FIRST AUTO AS,1.0,Annet,49000.0,2014.0,84000.0,40.0,109.0,270.0,12.0,1.0,0.0,0.0,Ukjent,2026-03-03,2026-03-03,Aktiv,Nissan,Leaf
446672979,Nissan Leaf,https://www.finn.no/mobility/item/446672979,Kjeller,Kjeller,,0.0,Annet,37942.0,2014.0,148700.0,24.0,109.0,110.0,22.53333333333333,4.0,0.0,0.0,Ukjent,2026-03-03,2026-03-03,Aktiv,Nissan,Leaf
446504974,Nissan Leaf,https://www.finn.no/mobility/item/446504974,Fyllingsdalen ∙ AutoSwap AS,Fyllingsdalen,AutoSwap AS,1.0,Vestland,199800.0,2021.0,43400.0,62.0,218.0,385.0,12.0,1.0,0.0,1.0,Tekna,2026-03-03,2026-03-03,Aktiv,Nissan,Leaf
440534587,Nissan Leaf,https://www.finn.no/mobility/item/440534587,Loddefjord,Loddefjord,,0.0,Annet,119900.0,2019.0,85000.0,40.0,150.0,270.0,12.933333333333334,1.0,0.0,1.0,Tekna,2026-03-03,2026-03-03,Aktiv,Nissan,Leaf
443173205,Nissan Leaf,https://www.finn.no/mobility/item/443173205,Nyborg,Nyborg,,0.0,Vestland,106434.0,2018.0,74000.0,40.0,150.0,270.0,12.533333333333331,1.0,0.0,0.0,Ukjent,2026-03-03,2026-03-03,Aktiv,Nissan,Leaf
446453084,Nissan Leaf,https://www.finn.no/mobility/item/446453084,Lørenskog,Lørenskog,,0.0,Oslo/Akershus,36942.0,2014.0,125000.0,24.0,109.0,270.0,6.466666666666667,2.0,0.0,0.0,Tekna,2026-03-03,2026-03-03,Aktiv,Nissan,Leaf
446453588,Nissan Leaf,https://www.finn.no/mobility/item/446453588,Lillestrøm ∙ Automotors AS,Lillestrøm,Automotors AS,1.0,Oslo/Akershus,44000.0,2015.0,178000.0,40.0,109.0,270.0,12.0,1.0,0.0,1.0,Tekna,2026-03-03,2026-03-03,Aktiv,Nissan,Leaf
446385531,Nissan Leaf,https://www.finn.no/mobility/item/446385531,Kokstad ∙ FANABILFORRETNING AS,Kokstad,FANABILFORRETNING AS,1.0,Vestland,69800.0,2016.0,68410.0,40.0,109.0,270.0,12.0,1.0,0.0,1.0,Ukjent,2026-03-03,2026-03-03,Aktiv,Nissan,Leaf
446240093,Nissan Leaf,https://www.finn.no/mobility/item/446240093,Tiller ∙ Nardo Bil Sandmoen,Tiller,Nardo Bil Sandmoen,1.0,Annet,219000.0,2022.0,34600.0,40.0,150.0,270.0,12.0,1.0,0.0,1.0,Ukjent,2026-03-03,2026-03-03,Aktiv,Nissan,Leaf
446113284,Nissan Leaf,https://www.finn.no/mobility/item/446113284,Langhus ∙ LANGHUS BIL OG KAROSSERI AS,Langhus,LANGHUS BIL OG KAROSSERI AS,1.0,Annet,79999.0,2017.0,90000.0,30.0,150.0,270.0,22.7,1.0,0.0,1.0,Ukjent,2026-03-03,2026-03-03,Aktiv,Nissan,Leaf
446154353,Nissan Leaf,https://www.finn.no/mobility/item/446154353,Førde ∙ Motorarena AS,Førde,Motorarena AS,1.0,Vestland,199000.0,2021.0,15500.0,40.0,150.0,270.0,12.0,1.0,0.0,0.0,Ukjent,2026-03-03,2026-03-03,Aktiv,Nissan,Leaf
446109672,Nissan Leaf,https://www.finn.no/mobility/item/446109672,Kløfta ∙ Rebil,Kløfta,Rebil,1.0,Annet,134000.0,2018.0,43800.0,40.0,150.0,270.0,12.0,1.0,0.0,1.0,Tekna,2026-03-03,2026-03-03,Aktiv,Nissan,Leaf
443806803,Nissan Leaf,https://www.finn.no/mobility/item/443806803,Slemmestad ∙ ASKER BRUKTBIL AS,Slemmestad,ASKER BRUKTBIL AS,1.0,Annet,64729.0,2016.0,58660.0,40.0,109.0,270.0,12.0,1.0,0.0,1.0,Ukjent,2026-03-03,2026-03-03,Aktiv,Nissan,Leaf
446090718,Nissan Leaf,https://www.finn.no/mobility/item/446090718,Malvik ∙ EC BIL OG FRITID AS,Malvik,EC BIL OG FRITID AS,1.0,Trøndelag,195000.0,2021.0,82400.0,62.0,218.0,385.0,12.833333333333334,1.0,0.0,1.0,N-Connecta,2026-03-03,2026-03-03,Aktiv,Nissan,Leaf
446066482,Nissan Leaf,https://www.finn.no/mobility/item/446066482,Vikersund ∙ Bakken Bil,Vikersund,Bakken Bil,1.0,Annet,159000.0,2021.0,70000.0,40.0,150.0,270.0,18.466666666666665,1.0,0.0,1.0,Ukjent,2026-03-03,2026-03-03,Aktiv,Nissan,Leaf
445824029,Nissan Leaf,https://www.finn.no/mobility/item/445824029,Kristiansund N,Kristiansund N,,0.0,Annet,39500.0,2013.0,93000.0,40.0,109.0,270.0,20.866666666666667,2.0,0.0,0.0,Ukjent,2026-03-03,2026-03-03,Aktiv,Nissan,Leaf
443204395,Nissan Leaf,https://www.finn.no/mobility/item/443204395,Trollåsen ∙ Polar Bil AS,Trollåsen,Polar Bil AS,1.0,Annet,169434.0,2021.0,12000.0,40.0,150.0,270.0,21.266666666666666,1.0,0.0,1.0,Ukjent,2026-03-03,2026-03-03,Aktiv,Nissan,Leaf
445978255,Nissan Leaf,https://www.finn.no/mobility/item/445978255,Fjellhamar ∙ Sentral Bil AS,Fjellhamar,Sentral Bil AS,1.0,Annet,179000.0,2019.0,76000.0,62.0,218.0,385.0,12.0,1.0,0.0,1.0,Tekna,2026-03-03,2026-03-03,Aktiv,Nissan,Leaf
442921417,Nissan Leaf,https://www.finn.no/mobility/item/442921417,Ringebu ∙ GUDBRANDSDALEN BIL AS,Ringebu,GUDBRANDSDALEN BIL AS,1.0,Annet,109000.0,2018.0,105000.0,40.0,150.0,270.0,12.0,1.0,0.0,1.0,Ukjent,2026-03-03,2026-03-03,Aktiv,Nissan,Leaf
442893296,Nissan Leaf,https://www.finn.no/mobility/item/442893296,Gol ∙ GOL AUTO AS,Gol,GOL AUTO AS,1.0,Annet,259000.0,2023.0,53750.0,62.0,218.0,385.0,12.0,1.0,0.0,1.0,Ukjent,2026-03-03,2026-03-03,Aktiv,Nissan,Leaf
442885292,Nissan Leaf,https://www.finn.no/mobility/item/442885292,Stjørdal ∙ Kristoffersen Bil AS,Stjørdal,Kristoffersen Bil AS,1.0,Trøndelag,199900.0,2021.0,79100.0,40.0,218.0,270.0,12.0,1.0,0.0,1.0,Ukjent,2026-03-03,2026-03-03,Aktiv,Nissan,Leaf
442802662,Nissan Leaf,https://www.finn.no/mobility/item/442802662,Urangsvåg ∙ 4 HJUL AUTO AS,Urangsvåg,4 HJUL AUTO AS,1.0,Annet,41900.0,2013.0,176000.0,40.0,109.0,270.0,12.0,1.0,0.0,0.0,Tekna,2026-03-03,2026-03-03,Aktiv,Nissan,Leaf
442852203,Nissan Leaf,https://www.finn.no/mobility/item/442852203,Ørsta ∙ Toyota Sunnmøre AS,Ørsta,Toyota Sunnmøre AS,1.0,Annet,185000.0,2020.0,27000.0,40.0,150.0,270.0,8.933333333333334,1.0,0.0,1.0,Tekna,2026-03-03,2026-03-03,Aktiv,Nissan,Leaf
442869536,Nissan Leaf,https://www.finn.no/mobility/item/442869536,Gol ∙ GOL AUTO AS,Gol,GOL AUTO AS,1.0,Annet,179000.0,2022.0,24400.0,40.0,150.0,295.0,12.0,1.0,0.0,1.0,Ukjent,2026-03-03,2026-03-03,Aktiv,Nissan,Leaf
442635913,Nissan Leaf,https://www.finn.no/mobility/item/442635913,Hønefoss ∙ Mobile Hønefoss AS,Hønefoss,Mobile Hønefoss AS,1.0,Vestland,109000.0,2019.0,155000.0,40.0,150.0,270.0,19.633333333333333,1.0,0.0,1.0,Ukjent,2026-03-03,2026-03-03,Aktiv,Nissan,Leaf
442500559,Nissan Leaf,https://www.finn.no/mobility/item/442500559,Arendal ∙ Sørlandet Bruktbil AS,Arendal,Sørlandet Bruktbil AS,1.0,Sørlandet,49900.0,2013.0,139900.0,24.0,33.0,140.0,12.0,1.0,0.0,0.0,Ukjent,2026-03-03,2026-03-03,Aktiv,Nissan,Leaf
442257622,Nissan Leaf,https://www.finn.no/mobility/item/442257622,Stjørdal ∙ Auto 8-8 Trio AS,Stjørdal,Auto 8-8 Trio AS,1.0,Trøndelag,289000.0,2023.0,19533.0,59.0,218.0,396.0,12.0,1.0,0.0,0.0,Ukjent,2026-03-03,2026-03-03,Aktiv,Nissan,Leaf
442440859,Nissan Leaf,https://www.finn.no/mobility/item/442440859,Kløfta ∙ Rebil Salgshjelp,Kløfta,Rebil Salgshjelp,1.0,Annet,164999.0,2021.0,93000.0,62.0,218.0,385.0,12.0,1.0,0.0,1.0,Ukjent,2026-03-03,2026-03-03,Aktiv,Nissan,Leaf
441988167,Nissan Leaf,https://www.finn.no/mobility/item/441988167,Nyborg ∙ Sande Auto AS Åsane (Sandegruppen),Nyborg,Sande Auto AS Åsane (Sandegruppen),1.0,Vestland,179000.0,2020.0,60000.0,62.0,215.0,385.0,8.366666666666667,1.0,0.0,1.0,N-Connecta,2026-03-03,2026-03-03,Aktiv,Nissan,Leaf
441894864,Nissan Leaf,https://www.finn.no/mobility/item/441894864,Trondheim ∙ Strada Holding AS,Trondheim,Strada Holding AS,1.0,Trøndelag,205000.0,2021.0,58000.0,40.0,218.0,385.0,12.0,1.0,0.0,1.0,e+,2026-03-03,2026-03-03,Aktiv,Nissan,Leaf
441430684,Nissan Leaf,https://www.finn.no/mobility/item/441430684,Trondheim ∙ RM BIL - Rune Malvik,Trondheim,RM BIL - Rune Malvik,1.0,Trøndelag,184900.0,2020.0,85000.0,62.0,215.0,385.0,20.766666666666666,1.0,0.0,1.0,e+,2026-03-03,2026-03-03,Aktiv,Nissan,Leaf
441315985,Nissan Leaf,https://www.finn.no/mobility/item/441315985,Kristiansund N ∙ AUTO 8-8 SILDNES & HALAAS AS,Kristiansund N,AUTO 8-8 SILDNES & HALAAS AS,1.0,Annet,149000.0,2019.0,41500.0,40.0,150.0,270.0,12.0,1.0,0.0,1.0,Acenta,2026-03-03,2026-03-03,Aktiv,Nissan,Leaf
441120616,Nissan Leaf,https://www.finn.no/mobility/item/441120616,Tromsø ∙ Sulland Tromsø,Tromsø,Sulland Tromsø,1.0,Nord-Norge,179000.0,2019.0,87000.0,40.0,150.0,270.0,-2.5,1.0,0.0,1.0,Tekna,2026-03-03,2026-03-03,Aktiv,Nissan,Leaf
440533579,Nissan Leaf,https://www.finn.no/mobility/item/440533579,Kokstad ∙ PM Motor AS,Kokstad,PM Motor AS,1.0,Vestland,49900.0,2015.0,91900.0,24.0,109.0,270.0,8.033333333333333,2.0,0.0,0.0,Ukjent,2026-03-03,2026-03-03,Aktiv,Nissan,Leaf
440656379,Nissan Leaf,https://www.finn.no/mobility/item/440656379,Trondheim ∙ RSR AS,Trondheim,RSR AS,1.0,Trøndelag,52000.0,2016.0,47300.0,30.0,109.0,250.0,23.73333333333333,2.0,0.0,0.0,Ukjent,2026-03-03,2026-03-03,Aktiv,Nissan,Leaf
440503641,Nissan Leaf,https://www.finn.no/mobility/item/440503641,Ulsteinvik ∙ BILHALLEN ULSTEINVIK AS,Ulsteinvik,BILHALLEN ULSTEINVIK AS,1.0,Annet,79000.0,2016.0,128000.0,40.0,109.0,270.0,12.0,1.0,0.0,1.0,Ukjent,2026-03-03,2026-03-03,Aktiv,Nissan,Leaf
440488609,Nissan Leaf,https://www.finn.no/mobility/item/440488609,Elverum ∙ Mobile Elverum AS,Elverum,Mobile Elverum AS,1.0,Annet,159000.0,2021.0,57829.0,40.0,150.0,270.0,13.333333333333334,1.0,0.0,1.0,Ukjent,2026-03-03,2026-03-03,Aktiv,Nissan,Leaf
440500768,Nissan Leaf,https://www.finn.no/mobility/item/440500768,Trondheim ∙ HOLLA AUTOSENTER AS,Trondheim,HOLLA AUTOSENTER AS,1.0,Trøndelag,37000.0,2012.0,162164.0,40.0,109.0,270.0,12.0,1.0,0.0,1.0,Ukjent,2026-03-03,2026-03-03,Aktiv,Nissan,Leaf
440425263,Nissan Leaf,https://www.finn.no/mobility/item/440425263,Trondheim ∙ Strada Holding AS,Trondheim,Strada Holding AS,1.0,Trøndelag,199000.0,2021.0,37700.0,40.0,218.0,385.0,12.0,1.0,0.0,1.0,Ukjent,2026-03-03,2026-03-03,Aktiv,Nissan,Leaf
440380095,Nissan Leaf,https://www.finn.no/mobility/item/440380095,Isdalstø ∙ Vest Motor AS,Isdalstø,Vest Motor AS,1.0,Vestland,199000.0,2020.0,43500.0,40.0,218.0,385.0,12.0,1.0,0.0,0.0,N-Connecta,2026-03-03,2026-03-03,Aktiv,Nissan,Leaf
440330202,Nissan Leaf,https://www.finn.no/mobility/item/440330202,Vågå ∙ Skogen Bil AS,Vågå,Skogen Bil AS,1.0,Annet,179000.0,2020.0,90000.0,62.0,215.0,385.0,8.2,1.0,0.0,1.0,Ukjent,2026-03-03,2026-03-03,Aktiv,Nissan,Leaf
440318799,Nissan Leaf,https://www.finn.no/mobility/item/440318799,Trondheim ∙ Strada Holding AS,Trondheim,Strada Holding AS,1.0,Trøndelag,189000.0,2021.0,10500.0,40.0,150.0,270.0,12.0,1.0,0.0,1.0,N-Connecta,2026-03-03,2026-03-03,Aktiv,Nissan,Leaf
440316997,Nissan Leaf,https://www.finn.no/mobility/item/440316997,Trondheim ∙ Strada Holding AS,Trondheim,Strada Holding AS,1.0,Trøndelag,229000.0,2022.0,37000.0,62.0,218.0,389.0,12.0,1.0,0.0,1.0,N-Connecta,2026-03-03,2026-03-03,Aktiv,Nissan,Leaf
440228435,Nissan Leaf,https://www.finn.no/mobility/item/440228435,Tromsø ∙ Traasdahl AS,Tromsø,Traasdahl AS,1.0,Nord-Norge,239900.0,2024.0,11300.0,39.0,150.0,278.0,24.633333333333333,1.0,0.0,1.0,N-Connecta,2026-03-03,2026-03-03,Aktiv,Nissan,Leaf
445766927,Nissan Leaf,https://www.finn.no/mobility/item/445766927,Trondheim ∙ Auto 8-8 Witro AS,Trondheim,Auto 8-8 Witro AS,1.0,Trøndelag,379400.0,2026.0,10.0,52.0,177.0,440.0,12.0,1.0,0.0,1.0,Ukjent,2026-03-03,2026-03-03,Aktiv,Nissan,Leaf
445723269,Nissan Leaf,https://www.finn.no/mobility/item/445723269,Reinsvoll ∙ STENSBERG BIL AS,Reinsvoll,STENSBERG BIL AS,1.0,Annet,19999.0,2012.0,149800.0,40.0,109.0,270.0,12.0,1.0,0.0,1.0,Ukjent,2026-03-03,2026-03-03,Aktiv,Nissan,Leaf
440088354,Nissan Leaf,https://www.finn.no/mobility/item/440088354,Ottestad ∙ AUTOLINKS AS,Ottestad,AUTOLINKS AS,1.0,Annet,196000.0,2021.0,52390.0,62.0,218.0,385.0,12.0,1.0,0.0,1.0,Ukjent,2026-03-03,2026-03-03,Aktiv,Nissan,Leaf
445521965,Nissan Leaf,https://www.finn.no/mobility/item/445521965,Kristiansand S ∙ EVOAUTO AS,Kristiansand S,EVOAUTO AS,1.0,Sørlandet,134900.0,2018.0,64000.0,40.0,150.0,270.0,12.0,1.0,0.0,0.0,Ukjent,2026-03-03,2026-03-03,Aktiv,Nissan,Leaf
439923697,Nissan Leaf,https://www.finn.no/mobility/item/439923697,Tiller ∙ Nardo Bil Sandmoen,Tiller,Nardo Bil Sandmoen,1.0,Annet,219900.0,2023.0,26700.0,39.0,150.0,270.0,12.0,1.0,0.0,1.0,N-Connecta,2026-03-03,2026-03-03,Aktiv,Nissan,Leaf
383368784,Nissan Leaf,https://www.finn.no/mobility/item/383368784,Mjøndalen ∙ AUTO RS AS,Mjøndalen,AUTO RS AS,1.0,Annet,114900.0,2018.0,111580.0,40.0,150.0,270.0,12.0,1.0,0.0,1.0,N-Connecta,2026-03-03,2026-03-03,Aktiv,Nissan,Leaf
442355678,Nissan Leaf,https://www.finn.no/mobility/item/442355678,Bodø,Bodø,,0.0,Nord-Norge,44532.0,2015.0,100600.0,24.0,150.0,270.0,14.066666666666666,1.0,0.0,0.0,Ukjent,2026-03-03,2026-03-03,Aktiv,Nissan,Leaf
439695345,Nissan Leaf,https://www.finn.no/mobility/item/439695345,Sørumsand ∙ Rebil Salgshjelp,Sørumsand,Rebil Salgshjelp,1.0,Annet,115566.0,2018.0,97000.0,40.0,150.0,270.0,-0.1333333333333333,1.0,0.0,0.0,Tekna,2026-03-03,2026-03-03,Aktiv,Nissan,Leaf
445328242,Nissan Leaf,https://www.finn.no/mobility/item/445328242,Blomsterdalen ∙ Flesland Bil AS,Blomsterdalen,Flesland Bil AS,1.0,Vestland,165900.0,2020.0,96000.0,40.0,218.0,385.0,12.0,1.0,0.0,1.0,Ukjent,2026-03-03,2026-03-03,Aktiv,Nissan,Leaf
444967699,Nissan Leaf,https://www.finn.no/mobility/item/444967699,Sofiemyr ∙ Hasa Bil AS,Sofiemyr,Hasa Bil AS,1.0,Annet,59000.0,2016.0,99000.0,30.0,109.0,180.0,22.666666666666668,1.0,0.0,0.0,Tekna,2026-03-03,2026-03-03,Aktiv,Nissan,Leaf
439536125,Nissan Leaf,https://www.finn.no/mobility/item/439536125,Kristiansand S ∙ Autoform Kristiansand AS,Kristiansand S,Autoform Kristiansand AS,1.0,Sørlandet,135000.0,2019.0,87000.0,40.0,150.0,270.0,12.0,1.0,0.0,1.0,N-Connecta,2026-03-03,2026-03-03,Aktiv,Nissan,Leaf
439451271,Nissan Leaf,https://www.finn.no/mobility/item/439451271,Bødalen ∙ Rebil Salgshjelp,Bødalen,Rebil Salgshjelp,1.0,Annet,169000.0,2020.0,55000.0,40.0,150.0,270.0,-2.4,1.0,0.0,0.0,Ukjent,2026-03-03,2026-03-03,Aktiv,Nissan,Leaf
445278384,Nissan Leaf,https://www.finn.no/mobility/item/445278384,Godvik ∙ Sande Auto Vest AS,Godvik,Sande Auto Vest AS,1.0,Vestland,29000.0,2014.0,140000.0,24.0,109.0,270.0,2.933333333333333,1.0,0.0,0.0,Tekna,2026-03-03,2026-03-03,Aktiv,Nissan,Leaf
439373597,Nissan Leaf,https://www.finn.no/mobility/item/439373597,Bønes ∙ Motor Forum Bergen,Bønes,Motor Forum Bergen,1.0,Vestland,179900.0,2022.0,53000.0,40.0,150.0,270.0,12.0,1.0,0.0,1.0,Tekna,2026-03-03,2026-03-03,Aktiv,Nissan,Leaf
439396933,Nissan Leaf,https://www.finn.no/mobility/item/439396933,Gol ∙ GOL AUTO AS,Gol,GOL AUTO AS,1.0,Annet,205000.0,2023.0,11500.0,40.0,150.0,270.0,12.0,1.0,0.0,1.0,Ukjent,2026-03-03,2026-03-03,Aktiv,Nissan,Leaf
439377387,Nissan Leaf,https://www.finn.no/mobility/item/439377387,Harstad ∙ Ford Harstad AS - Bilhuset Harstad AS,Harstad,Ford Harstad AS - Bilhuset Harstad AS,1.0,Nord-Norge,155000.0,2020.0,93000.0,40.0,150.0,270.0,12.0,1.0,0.0,0.0,Ukjent,2026-03-03,2026-03-03,Aktiv,Nissan,Leaf
439368737,Nissan Leaf,https://www.finn.no/mobility/item/439368737,Arendal ∙ AUTO COMPANY AS,Arendal,AUTO COMPANY AS,1.0,Sørlandet,99900.0,2018.0,140079.0,40.0,150.0,270.0,12.0,1.0,0.0,1.0,Acenta,2026-03-03,2026-03-03,Aktiv,Nissan,Leaf
439132534,Nissan Leaf,https://www.finn.no/mobility/item/439132534,Elverum ∙ Mobile Elverum AS,Elverum,Mobile Elverum AS,1.0,Annet,99000.0,2017.0,93655.0,30.0,109.0,270.0,16.1,1.0,0.0,0.0,Ukjent,2026-03-03,2026-03-03,Aktiv,Nissan,Leaf
445074316,Nissan Leaf,https://www.finn.no/mobility/item/445074316,Ålesund ∙ Auto 8-8 Ålesund AS,Ålesund,Auto 8-8 Ålesund AS,1.0,Annet,219000.0,2022.0,35000.0,40.0,150.0,270.0,12.0,1.0,0.0,1.0,Tekna,2026-03-03,2026-03-03,Aktiv,Nissan,Leaf
439363609,Nissan Leaf,https://www.finn.no/mobility/item/439363609,Drammen ∙ BILNETT AS,Drammen,BILNETT AS,1.0,Oslo/Akershus,99999.0,2019.0,147000.0,40.0,150.0,270.0,12.0,1.0,0.0,0.0,Ukjent,2026-03-03,2026-03-03,Aktiv,Nissan,Leaf
380169385,Nissan Leaf,https://www.finn.no/mobility/item/380169385,Trollåsen ∙ Polar Bil AS,Trollåsen,Polar Bil AS,1.0,Annet,162434.0,2020.0,19000.0,40.0,150.0,271.0,6.5,1.0,0.0,1.0,Ukjent,2026-03-03,2026-03-03,Aktiv,Nissan,Leaf
444946972,Nissan Leaf,https://www.finn.no/mobility/item/444946972,Lindesnes ∙ Vigeland Bil AS,Lindesnes,Vigeland Bil AS,1.0,Annet,60000.0,2014.0,94214.0,40.0,33.0,270.0,12.0,1.0,0.0,0.0,Ukjent,2026-03-03,2026-03-03,Aktiv,Nissan,Leaf
444942042,Nissan Leaf,https://www.finn.no/mobility/item/444942042,Rud ∙ Birger N Haug avd. Rud,Rud,Birger N Haug avd. Rud,1.0,Annet,369900.0,2026.0,5.0,52.0,177.0,445.0,12.0,1.0,0.0,1.0,Ukjent,2026-03-03,2026-03-03,Aktiv,Nissan,Leaf
439114297,Nissan Leaf,https://www.finn.no/mobility/item/439114297,Hønefoss ∙ Mobile Hønefoss AS,Hønefoss,Mobile Hønefoss AS,1.0,Vestland,169000.0,2022.0,50590.0,39.0,150.0,285.0,8.6,1.0,0.0,1.0,Visia,2026-03-03,2026-03-03,Aktiv,Nissan,Leaf
439101281,Nissan Leaf,https://www.finn.no/mobility/item/439101281,Trondheim ∙ LADE ARENA AUTO AS,Trondheim,LADE ARENA AUTO AS,1.0,Trøndelag,229000.0,2022.0,49525.0,62.0,218.0,395.0,12.0,1.0,0.0,1.0,N-Connecta,2026-03-03,2026-03-03,Aktiv,Nissan,Leaf
439067894,Nissan Leaf,https://www.finn.no/mobility/item/439067894,Hildre ∙ AUTOLÅVEN AS,Hildre,AUTOLÅVEN AS,1.0,Annet,65942.0,2014.0,49124.0,24.0,109.0,270.0,5.666666666666667,1.0,0.0,0.0,Ukjent,2026-03-03,2026-03-03,Aktiv,Nissan,Leaf
444911442,Nissan Leaf,https://www.finn.no/mobility/item/444911442,Rud ∙ Birger N Haug avd. Rud,Rud,Birger N Haug avd. Rud,1.0,Annet,479900.0,2026.0,5.0,75.0,217.0,622.0,12.0,1.0,0.0,1.0,Ukjent,2026-03-03,2026-03-03,Aktiv,Nissan,Leaf
438768542,Nissan Leaf,https://www.finn.no/mobility/item/438768542,Kristiansand S ∙ Hedin Automotive Kristiansand,Kristiansand S,Hedin Automotive Kristiansand,1.0,Sørlandet,169000.0,2021.0,45000.0,40.0,150.0,270.0,12.0,1.0,0.0,1.0,Ukjent,2026-03-03,2026-03-03,Aktiv,Nissan,Leaf
444931017,Nissan Leaf,https://www.finn.no/mobility/item/444931017,Lørenskog ∙ Ensjø Car Center AS,Lørenskog,Ensjø Car Center AS,1.0,Oslo/Akershus,169000.0,2021.0,56000.0,40.0,150.0,270.0,13.7,1.0,0.0,1.0,Tekna,2026-03-03,2026-03-03,Aktiv,Nissan,Leaf
444927023,Nissan Leaf,https://www.finn.no/mobility/item/444927023,Fyllingsdalen ∙ AutoSwap AS,Fyllingsdalen,AutoSwap AS,1.0,Vestland,179800.0,2020.0,86900.0,40.0,218.0,385.0,12.0,1.0,0.0,1.0,N-Connecta,2026-03-03,2026-03-03,Aktiv,Nissan,Leaf
438767361,Nissan Leaf,https://www.finn.no/mobility/item/438767361,Kristiansand S ∙ Hedin Automotive Kristiansand,Kristiansand S,Hedin Automotive Kristiansand,1.0,Sørlandet,239000.0,2022.0,30832.0,59.0,218.0,270.0,12.0,1.0,0.0,1.0,Ukjent,2026-03-03,2026-03-03,Aktiv,Nissan,Leaf
438302035,Nissan Leaf,https://www.finn.no/mobility/item/438302035,Narvik ∙ Teknisk Bureau Narvik,Narvik,Teknisk Bureau Narvik,1.0,Nord-Norge,229000.0,2020.0,55124.0,62.0,217.0,385.0,12.0,1.0,0.0,1.0,N-Connecta,2026-03-03,2026-03-03,Aktiv,Nissan,Leaf
444859580,Nissan Leaf,https://www.finn.no/mobility/item/444859580,Vennesla ∙ Dream Car,Vennesla,Dream Car,1.0,Annet,189999.0,2022.0,24000.0,40.0,150.0,270.0,12.0,1.0,0.0,1.0,Tekna,2026-03-03,2026-03-03,Aktiv,Nissan,Leaf
438108074,Nissan Leaf,https://www.finn.no/mobility/item/438108074,Ankenes ∙ Sommerseth AS,Ankenes,Sommerseth AS,1.0,Annet,209000.0,2022.0,38000.0,39.0,150.0,270.0,12.0,1.0,0.0,0.0,Ukjent,2026-03-03,2026-03-03,Aktiv,Nissan,Leaf
437987781,Nissan Leaf,https://www.finn.no/mobility/item/437987781,Kristiansand S ∙ Rigetjønn Bil AS,Kristiansand S,Rigetjønn Bil AS,1.0,Sørlandet,239000.0,2020.0,13400.0,62.0,218.0,385.0,12.0,1.0,0.0,1.0,Tekna,2026-03-03,2026-03-03,Aktiv,Nissan,Leaf
437852856,Nissan Leaf,https://www.finn.no/mobility/item/437852856,"Gol ∙ Hovli Auto AS, Gol",Gol,"Hovli Auto AS, Gol",1.0,Annet,269900.0,2023.0,40166.0,59.0,218.0,395.0,21.566666666666663,1.0,0.0,1.0,Ukjent,2026-03-03,2026-03-03,Aktiv,Nissan,Leaf
437098834,Nissan Leaf,https://www.finn.no/mobility/item/437098834,Hildre ∙ AUTOLÅVEN AS,Hildre,AUTOLÅVEN AS,1.0,Annet,33900.0,2013.0,116364.0,24.0,109.0,270.0,9.333333333333334,2.0,0.0,0.0,Ukjent,2026-03-03,2026-03-03,Aktiv,Nissan,Leaf
436868043,Nissan Leaf,https://www.finn.no/mobility/item/436868043,Rykkinn ∙ ØKERN BILAUKSJON AS,Rykkinn,ØKERN BILAUKSJON AS,1.0,Annet,212500.0,2023.0,14500.0,40.0,150.0,278.0,12.0,1.0,0.0,0.0,Ukjent,2026-03-03,2026-03-03,Aktiv,Nissan,Leaf
437132808,Nissan Leaf,https://www.finn.no/mobility/item/437132808,Kristiansand S ∙ Auto Teknikk Bilforretning AS,Kristiansand S,Auto Teknikk Bilforretning AS,1.0,Sørlandet,49000.0,2015.0,91000.0,40.0,109.0,270.0,12.0,1.0,0.0,0.0,Ukjent,2026-03-03,2026-03-03,Aktiv,Nissan,Leaf
436807420,Nissan Leaf,https://www.finn.no/mobility/item/436807420,Elverum ∙ AUTO SELECT AS,Elverum,AUTO SELECT AS,1.0,Annet,69990.0,2015.0,115152.0,80.0,109.0,270.0,12.0,1.0,0.0,0.0,Tekna,2026-03-03,2026-03-03,Aktiv,Nissan,Leaf
436803997,Nissan Leaf,https://www.finn.no/mobility/item/436803997,Stjørdal ∙ Strandveien Auto Stjørdal AS,Stjørdal,Strandveien Auto Stjørdal AS,1.0,Trøndelag,109000.0,2019.0,179000.0,40.0,122.0,270.0,12.0,1.0,0.0,1.0,Ukjent,2026-03-03,2026-03-03,Aktiv,Nissan,Leaf
436610916,Nissan Leaf,https://www.finn.no/mobility/item/436610916,Sør-Fron ∙ Renshus Bil AS,Sør-Fron,Renshus Bil AS,1.0,Annet,134000.0,2018.0,87739.0,40.0,150.0,270.0,12.0,1.0,0.0,1.0,Ukjent,2026-03-03,2026-03-03,Aktiv,Nissan,Leaf
436414408,Nissan Leaf,https://www.finn.no/mobility/item/436414408,Ålesund ∙ Per Aaland AS,Ålesund,Per Aaland AS,1.0,Annet,179000.0,2020.0,52000.0,40.0,150.0,270.0,12.0,1.0,0.0,1.0,Tekna,2026-03-03,2026-03-03,Aktiv,Nissan,Leaf
435751291,Nissan Leaf,https://www.finn.no/mobility/item/435751291,Grinder ∙ Kongsvinger Bobil AS,Grinder,Kongsvinger Bobil AS,1.0,Annet,29900.0,2012.0,146000.0,40.0,109.0,270.0,2.933333333333333,1.0,0.0,0.0,Ukjent,2026-03-03,2026-03-03,Aktiv,Nissan,Leaf
435579458,Nissan Leaf,https://www.finn.no/mobility/item/435579458,Kristiansund N ∙ Slatlem Kristiansund,Kristiansund N,Slatlem Kristiansund,1.0,Annet,129000.0,2018.0,102700.0,40.0,150.0,270.0,12.0,1.0,0.0,0.0,Ukjent,2026-03-03,2026-03-03,Aktiv,Nissan,Leaf
435425871,Nissan Leaf,https://www.finn.no/mobility/item/435425871,Ytre Enebakk ∙ HS AUTO AS,Ytre Enebakk,HS AUTO AS,1.0,Annet,99900.0,2019.0,167000.0,40.0,150.0,270.0,12.0,1.0,0.0,1.0,Ukjent,2026-03-03,2026-03-03,Aktiv,Nissan,Leaf
435056799,Nissan Leaf,https://www.finn.no/mobility/item/435056799,Trondheim ∙ tm bil,Trondheim,tm bil,1.0,Trøndelag,174532.0,2021.0,77600.0,62.0,215.0,385.0,13.466666666666669,1.0,0.0,1.0,N-Connecta,2026-03-03,2026-03-03,Aktiv,Nissan,Leaf
434386338,Nissan Leaf,https://www.finn.no/mobility/item/434386338,Kristiansand S ∙ Car4Sale AS,Kristiansand S,Car4Sale AS,1.0,Sørlandet,110000.0,2018.0,109000.0,40.0,150.0,270.0,12.0,1.0,0.0,1.0,Ukjent,2026-03-03,2026-03-03,Aktiv,Nissan,Leaf
433524395,Nissan Leaf,https://www.finn.no/mobility/item/433524395,Kristiansand S ∙ Mobile Auto Sør AS,Kristiansand S,Mobile Auto Sør AS,1.0,Sørlandet,259000.0,2024.0,29737.0,59.0,218.0,395.0,22.6,1.0,0.0,1.0,N-Connecta,2026-03-03,2026-03-03,Aktiv,Nissan,Leaf
432035665,Nissan Leaf,https://www.finn.no/mobility/item/432035665,Jessheim ∙ Active Auto AS,Jessheim,Active Auto AS,1.0,Oslo/Akershus,19000.0,2011.0,134825.0,24.0,109.0,270.0,12.0,1.0,0.0,0.0,Ukjent,2026-03-03,2026-03-03,Aktiv,Nissan,Leaf
432148773,Nissan Leaf,https://www.finn.no/mobility/item/432148773,Gardermoen ∙ NOR BIL AS,Gardermoen,NOR BIL AS,1.0,Annet,119434.0,2018.0,96000.0,40.0,150.0,270.0,1.1666666666666667,3.0,0.0,0.0,Ukjent,2026-03-03,2026-03-03,Aktiv,Nissan,Leaf
432029753,Nissan Leaf,https://www.finn.no/mobility/item/432029753,Lørenskog ∙ FHM AUTOSPORT AS,Lørenskog,FHM AUTOSPORT AS,1.0,Oslo/Akershus,146000.0,2018.0,67000.0,40.0,150.0,270.0,12.0,1.0,0.0,0.0,Tekna,2026-03-03,2026-03-03,Aktiv,Nissan,Leaf
429892656,Nissan Leaf,https://www.finn.no/mobility/item/429892656,Trondheim ∙ tm bil,Trondheim,tm bil,1.0,Trøndelag,94334.0,2016.0,112114.0,30.0,109.0,300.0,19.5,2.0,0.0,1.0,Tekna,2026-03-03,2026-03-03,Aktiv,Nissan,Leaf
428988988,Nissan Leaf,https://www.finn.no/mobility/item/428988988,Fornebu ∙ Beret AS,Fornebu,Beret AS,1.0,Annet,179434.0,2021.0,63000.0,62.0,215.0,385.0,17.166666666666668,1.0,0.0,1.0,Ukjent,2026-03-03,2026-03-03,Aktiv,Nissan,Leaf
427215269,Nissan Leaf,https://www.finn.no/mobility/item/427215269,Fetsund ∙ Automobil 1 AS,Fetsund,Automobil 1 AS,1.0,Annet,39990.0,2012.0,81000.0,24.0,109.0,130.0,12.0,1.0,0.0,1.0,Acenta,2026-03-03,2026-03-03,Aktiv,Nissan,Leaf
428769990,Nissan Leaf,https://www.finn.no/mobility/item/428769990,Trondheim ∙ tm bil,Trondheim,tm bil,1.0,Trøndelag,139900.0,2020.0,166952.0,40.0,150.0,270.0,19.23333333333333,1.0,0.0,1.0,Acenta,2026-03-03,2026-03-03,Aktiv,Nissan,Leaf
429514538,Nissan Leaf,https://www.finn.no/mobility/item/429514538,Trondheim ∙ tm bil,Trondheim,tm bil,1.0,Trøndelag,189899.0,2021.0,65711.0,62.0,215.0,385.0,7.5,1.0,0.0,1.0,Tekna,2026-03-03,2026-03-03,Aktiv,Nissan,Leaf
426522742,Nissan Leaf,https://www.finn.no/mobility/item/426522742,Trondheim ∙ tm bil,Trondheim,tm bil,1.0,Trøndelag,169900.0,2020.0,64511.0,40.0,150.0,270.0,2.2666666666666666,1.0,0.0,1.0,N-Connecta,2026-03-03,2026-03-03,Aktiv,Nissan,Leaf
424302880,Nissan Leaf,https://www.finn.no/mobility/item/424302880,Kokstad ∙ Mobile Kokstad AS,Kokstad,Mobile Kokstad AS,1.0,Vestland,199900.0,2023.0,26000.0,39.0,150.0,285.0,17.933333333333334,1.0,0.0,1.0,Visia,2026-03-03,2026-03-03,Aktiv,Nissan,Leaf
424016041,Nissan Leaf,https://www.finn.no/mobility/item/424016041,Trondheim ∙ tm bil,Trondheim,tm bil,1.0,Trøndelag,169800.0,2020.0,69593.0,40.0,150.0,270.0,6.7,1.0,0.0,1.0,Tekna,2026-03-03,2026-03-03,Aktiv,Nissan,Leaf
423670193,Nissan Leaf,https://www.finn.no/mobility/item/423670193,Trondheim ∙ tm bil,Trondheim,tm bil,1.0,Trøndelag,184900.0,2022.0,51111.0,39.0,150.0,275.0,3.3666666666666667,1.0,0.0,1.0,Visia,2026-03-03,2026-03-03,Aktiv,Nissan,Leaf
423602340,Nissan Leaf,https://www.finn.no/mobility/item/423602340,Trondheim ∙ tm bil,Trondheim,tm bil,1.0,Trøndelag,99434.0,2016.0,94511.0,30.0,109.0,270.0,17.966666666666665,1.0,0.0,1.0,Tekna,2026-03-03,2026-03-03,Aktiv,Nissan,Leaf
423123402,Nissan Leaf,https://www.finn.no/mobility/item/423123402,Ytre Enebakk ∙ Bruktbil Oslo og Akershus,Ytre Enebakk,Bruktbil Oslo og Akershus,1.0,Annet,59999.0,2013.0,59000.0,40.0,109.0,270.0,12.0,1.0,0.0,1.0,Tekna,2026-03-03,2026-03-03,Aktiv,Nissan,Leaf
422048707,Nissan Leaf,https://www.finn.no/mobility/item/422048707,Strømmen ∙ AUTOGLIMT AS,Strømmen,AUTOGLIMT AS,1.0,Annet,119000.0,2018.0,129000.0,40.0,150.0,270.0,12.0,1.0,0.0,0.0,Tekna,2026-03-03,2026-03-03,Aktiv,Nissan,Leaf
422978192,Nissan Leaf,https://www.finn.no/mobility/item/422978192,Trondheim ∙ tm bil,Trondheim,tm bil,1.0,Trøndelag,229434.0,2021.0,34850.0,62.0,215.0,385.0,12.866666666666667,2.0,0.0,1.0,N-Connecta,2026-03-03,2026-03-03,Aktiv,Nissan,Leaf
420829363,Nissan Leaf,https://www.finn.no/mobility/item/420829363,Trondheim ∙ tm bil,Trondheim,tm bil,1.0,Trøndelag,159434.0,2020.0,87000.0,40.0,150.0,270.0,9.133333333333333,1.0,0.0,0.0,Acenta,2026-03-03,2026-03-03,Aktiv,Nissan,Leaf
420214445,Nissan Leaf,https://www.finn.no/mobility/item/420214445,Trondheim ∙ tm bil,Trondheim,tm bil,1.0,Trøndelag,177900.0,2021.0,53828.0,40.0,150.0,270.0,15.1,1.0,0.0,1.0,Acenta,2026-03-03,2026-03-03,Aktiv,Nissan,Leaf
415352083,Nissan Leaf,https://www.finn.no/mobility/item/415352083,Arendal ∙ Sigmund Aasen AS,Arendal,Sigmund Aasen AS,1.0,Sørlandet,199000.0,2022.0,47000.0,40.0,150.0,270.0,12.0,1.0,0.0,0.0,Ukjent,2026-03-03,2026-03-03,Aktiv,Nissan,Leaf
402154884,Nissan Leaf,https://www.finn.no/mobility/item/402154884,Førde ∙ Motorarena AS,Førde,Motorarena AS,1.0,Vestland,179000.0,2020.0,24000.0,40.0,150.0,270.0,12.0,1.0,0.0,0.0,Ukjent,2026-03-03,2026-03-03,Aktiv,Nissan,Leaf
396348545,Nissan Leaf,https://www.finn.no/mobility/item/396348545,Jessheim ∙ Pitstop Bilsalg Ny AS,Jessheim,Pitstop Bilsalg Ny AS,1.0,Oslo/Akershus,138982.0,2019.0,83000.0,40.0,150.0,270.0,12.0,1.0,0.0,1.0,Ukjent,2026-03-03,2026-03-03,Aktiv,Nissan,Leaf
397523328,Nissan Leaf,https://www.finn.no/mobility/item/397523328,Stabekk ∙ FHM AUTOSPORT AS,Stabekk,FHM AUTOSPORT AS,1.0,Annet,199000.0,2021.0,92500.0,62.0,218.0,385.0,12.0,1.0,0.0,1.0,N-Connecta,2026-03-03,2026-03-03,Aktiv,Nissan,Leaf
360470900,Nissan Leaf,https://www.finn.no/mobility/item/360470900,Lillehammer ∙ Lilleberg Bilmegling,Lillehammer,Lilleberg Bilmegling,1.0,Annet,151500.0,2019.0,68000.0,40.0,150.0,280.0,12.0,1.0,0.0,1.0,Ukjent,2026-03-03,2026-03-03,Aktiv,Nissan,Leaf
453024165,Tesla Model 3,https://www.finn.no/mobility/item/453024165,Nesttun,Nesttun,,0.0,Vestland,219532.0,2021.0,65290.0,65.0,325.0,448.0,18.266666666666666,1.0,0.0,1.0,Standard Range,2026-03-03,2026-03-03,Aktiv,Tesla,Model 3
309346493,Tesla Model 3,https://www.finn.no/mobility/item/309346493,Årdalstangen,Årdalstangen,,0.0,Annet,315000.0,2021.0,43000.0,76.0,513.0,567.0,15.466666666666669,1.0,0.0,1.0,Performance,2026-03-03,2026-03-03,Aktiv,Tesla,Model 3
453607645,Tesla Model 3,https://www.finn.no/mobility/item/453607645,Sandnes ∙ SANDESTEEN BIL AS,Sandnes,SANDESTEEN BIL AS,1.0,Rogaland,197000.0,2020.0,74000.0,70.0,325.0,409.0,12.0,1.0,0.0,1.0,Ukjent,2026-03-03,2026-03-03,Aktiv,Tesla,Model 3
453603489,Tesla Model 3,https://www.finn.no/mobility/item/453603489,Stange ∙ Torgersen Bil AS,Stange,Torgersen Bil AS,1.0,Annet,139532.0,2019.0,141000.0,65.0,306.0,415.0,17.8,3.0,0.0,1.0,Ukjent,2026-03-03,2026-03-03,Aktiv,Tesla,Model 3
453541884,Tesla Model 3,https://www.finn.no/mobility/item/453541884,Billingstad ∙ FIRST AUTO AS,Billingstad,FIRST AUTO AS,1.0,Annet,233000.0,2020.0,39000.0,65.0,306.0,409.0,24.9,1.0,0.0,0.0,Standard Range,2026-03-03,2026-03-03,Aktiv,Tesla,Model 3
280386195,Tesla Model 3,https://www.finn.no/mobility/item/280386195,Langhus,Langhus,,0.0,Annet,309670.0,2022.0,59990.0,75.0,498.0,622.0,3.7,1.0,0.0,1.0,Ukjent,2026-03-03,2026-03-03,Aktiv,Tesla,Model 3
453582880,Tesla Model 3,https://www.finn.no/mobility/item/453582880,Åkrehamn ∙ Karmøy Auto AS,Åkrehamn,Karmøy Auto AS,1.0,Rogaland,184900.0,2019.0,113453.0,70.0,462.0,560.0,12.0,1.0,0.0,1.0,Long Range,2026-03-03,2026-03-03,Aktiv,Tesla,Model 3
453587135,Tesla Model 3,https://www.finn.no/mobility/item/453587135,Godvik ∙ Mobile Drotningsvik,Godvik,Mobile Drotningsvik,1.0,Vestland,318900.0,2024.0,30000.0,58.0,283.0,513.0,21.566666666666663,1.0,0.0,1.0,Ukjent,2026-03-03,2026-03-03,Aktiv,Tesla,Model 3
451537751,Tesla Model 3,https://www.finn.no/mobility/item/451537751,Gjerdrum,Gjerdrum,,0.0,Annet,229000.0,2020.0,104800.0,70.0,513.0,530.0,20.633333333333333,1.0,0.0,0.0,Performance,2026-03-03,2026-03-03,Aktiv,Tesla,Model 3
453583699,Tesla Model 3,https://www.finn.no/mobility/item/453583699,Åkrehamn ∙ Karmøy Auto AS,Åkrehamn,Karmøy Auto AS,1.0,Rogaland,195000.0,2019.0,104228.0,70.0,476.0,560.0,12.0,1.0,0.0,1.0,Long Range,2026-03-03,2026-03-03,Aktiv,Tesla,Model 3
435355956,Tesla Model 3,https://www.finn.no/mobility/item/435355956,Arendal,Arendal,,0.0,Sørlandet,229434.0,2021.0,47000.0,65.0,325.0,448.0,20.73333333333333,1.0,0.0,1.0,Ukjent,2026-03-03,2026-03-03,Aktiv,Tesla,Model 3
453581668,Tesla Model 3,https://www.finn.no/mobility/item/453581668,Stavanger ∙ AutoPoint AS,Stavanger,AutoPoint AS,1.0,Rogaland,209000.0,2019.0,117100.0,70.0,462.0,560.0,12.0,1.0,0.0,0.0,Long Range,2026-03-03,2026-03-03,Aktiv,Tesla,Model 3
453575513,Tesla Model 3,https://www.finn.no/mobility/item/453575513,Billingstad ∙ FIRST AUTO AS,Billingstad,FIRST AUTO AS,1.0,Annet,476000.0,2024.0,17000.0,70.0,627.0,528.0,12.0,1.0,0.0,1.0,Performance,2026-03-03,2026-03-03,Aktiv,Tesla,Model 3
453419877,Tesla Model 3,https://www.finn.no/mobility/item/453419877,Trondheim,Trondheim,,0.0,Trøndelag,289532.0,2021.0,67165.0,76.0,513.0,567.0,13.033333333333331,5.0,0.0,0.0,Performance,2026-03-03,2026-03-03,Aktiv,Tesla,Model 3
453553884,Tesla Model 3,https://www.finn.no/mobility/item/453553884,Kokstad ∙ Sandven AS,Kokstad,Sandven AS,1.0,Vestland,394900.0,2024.0,40300.0,70.0,498.0,629.0,12.0,1.0,0.0,1.0,Long Range,2026-03-03,2026-03-03,Aktiv,Tesla,Model 3
453565149,Tesla Model 3,https://www.finn.no/mobility/item/453565149,Kløfta ∙ Rebil,Kløfta,Rebil,1.0,Annet,428900.0,2024.0,19800.0,75.0,491.0,629.0,12.0,1.0,0.0,1.0,Long Range,2026-03-03,2026-03-03,Aktiv,Tesla,Model 3
413538279,Tesla Model 3,https://www.finn.no/mobility/item/413538279,Kløfta,Kløfta,,0.0,Annet,184434.0,2019.0,137450.0,65.0,476.0,560.0,15.533333333333331,1.0,0.0,0.0,Long Range,2026-03-03,2026-03-03,Aktiv,Tesla,Model 3
446774382,Tesla Model 3,https://www.finn.no/mobility/item/446774382,Oslo,Oslo,,0.0,Oslo/Akershus,239532.0,2021.0,66000.0,65.0,325.0,448.0,19.133333333333333,2.0,0.0,1.0,Standard Range,2026-03-03,2026-03-03,Aktiv,Tesla,Model 3
453536459,Tesla Model 3,https://www.finn.no/mobility/item/453536459,Kløfta ∙ Romerike Autohus AS,Kløfta,Romerike Autohus AS,1.0,Annet,218000.0,2019.0,94000.0,70.0,483.0,530.0,12.0,1.0,0.0,0.0,Performance,2026-03-03,2026-03-03,Aktiv,Tesla,Model 3
453528909,Tesla Model 3,https://www.finn.no/mobility/item/453528909,Rud ∙ SMERUD AUTO AS,Rud,SMERUD AUTO AS,1.0,Annet,407505.0,2024.0,29700.0,75.0,498.0,629.0,26.466666666666665,1.0,0.0,1.0,Long Range,2026-03-03,2026-03-03,Aktiv,Tesla,Model 3
453520177,Tesla Model 3,https://www.finn.no/mobility/item/453520177,Flateby,Flateby,,0.0,Annet,336942.0,2024.0,27000.0,58.0,283.0,534.0,27.866666666666667,1.0,0.0,1.0,Ukjent,2026-03-03,2026-03-03,Aktiv,Tesla,Model 3
453517377,Tesla Model 3,https://www.finn.no/mobility/item/453517377,Furnes ∙ AUTO LINK AS,Furnes,AUTO LINK AS,1.0,Annet,469990.0,2025.0,5300.0,70.0,498.0,660.0,12.0,1.0,0.0,1.0,Long Range,2026-03-03,2026-03-03,Aktiv,Tesla,Model 3
453433756,Tesla Model 3,https://www.finn.no/mobility/item/453433756,Egersund ∙ DALANE AUTO AS,Egersund,DALANE AUTO AS,1.0,Rogaland,279000.0,2021.0,125751.0,76.0,513.0,567.0,15.866666666666667,1.0,0.0,0.0,Performance,2026-03-03,2026-03-03,Aktiv,Tesla,Model 3
453201068,Tesla Model 3,https://www.finn.no/mobility/item/453201068,Asker,Asker,,0.0,Oslo/Akershus,299999.0,2022.0,81000.0,70.0,498.0,602.0,25.066666666666663,2.0,0.0,1.0,Ukjent,2026-03-03,2026-03-03,Aktiv,Tesla,Model 3
453492164,Tesla Model 3,https://www.finn.no/mobility/item/453492164,Stjørdal ∙ Støre Bil,Stjørdal,Støre Bil,1.0,Trøndelag,279000.0,2022.0,61000.0,65.0,283.0,491.0,-0.0333333333333333,1.0,0.0,1.0,Standard Range,2026-03-03,2026-03-03,Aktiv,Tesla,Model 3
453482805,Tesla Model 3,https://www.finn.no/mobility/item/453482805,Sarpsborg ∙ Grandahl Bil AS avd. Sarpsborg,Sarpsborg,Grandahl Bil AS avd. Sarpsborg,1.0,Østfold,419000.0,2025.0,30167.0,70.0,320.0,702.0,12.0,1.0,0.0,0.0,Ukjent,2026-03-03,2026-03-03,Aktiv,Tesla,Model 3
453481184,Tesla Model 3,https://www.finn.no/mobility/item/453481184,Drammen ∙ KM Auto AS,Drammen,KM Auto AS,1.0,Oslo/Akershus,199900.0,2019.0,91500.0,70.0,462.0,560.0,12.0,1.0,0.0,1.0,Long Range,2026-03-03,2026-03-03,Aktiv,Tesla,Model 3
453481284,Tesla Model 3,https://www.finn.no/mobility/item/453481284,Drammen ∙ KM Auto AS,Drammen,KM Auto AS,1.0,Oslo/Akershus,229900.0,2020.0,76800.0,70.0,491.0,560.0,12.0,1.0,0.0,1.0,Long Range,2026-03-03,2026-03-03,Aktiv,Tesla,Model 3
453456141,Tesla Model 3,https://www.finn.no/mobility/item/453456141,Sandnes,Sandnes,,0.0,Rogaland,284532.0,2021.0,50391.0,70.0,498.0,614.0,20.566666666666663,1.0,0.0,1.0,Long Range,2026-03-03,2026-03-03,Aktiv,Tesla,Model 3
453463074,Tesla Model 3,https://www.finn.no/mobility/item/453463074,Kokstad ∙ AutoSale AS,Kokstad,AutoSale AS,1.0,Vestland,259900.0,2022.0,48800.0,70.0,283.0,491.0,12.0,1.0,0.0,1.0,Standard Range,2026-03-03,2026-03-03,Aktiv,Tesla,Model 3
453433486,Tesla Model 3,https://www.finn.no/mobility/item/453433486,Bergen,Bergen,,0.0,Vestland,244532.0,2019.0,107000.0,75.0,490.0,530.0,12.933333333333334,2.0,0.0,0.0,Performance,2026-03-03,2026-03-03,Aktiv,Tesla,Model 3
453466963,Tesla Model 3,https://www.finn.no/mobility/item/453466963,Kløfta ∙ Rebil,Kløfta,Rebil,1.0,Annet,309000.0,2022.0,55250.0,75.0,462.0,602.0,12.0,1.0,0.0,1.0,Long Range,2026-03-03,2026-03-03,Aktiv,Tesla,Model 3
453461032,Tesla Model 3,https://www.finn.no/mobility/item/453461032,Lørenskog ∙ FURUSET CAR SENTER & PREMIUM BIL,Lørenskog,FURUSET CAR SENTER & PREMIUM BIL,1.0,Oslo/Akershus,399000.0,2024.0,27800.0,70.0,498.0,629.0,27.9,1.0,0.0,1.0,Long Range,2026-03-03,2026-03-03,Aktiv,Tesla,Model 3
452332563,Tesla Model 3,https://www.finn.no/mobility/item/452332563,Oslo,Oslo,,0.0,Oslo/Akershus,160000.0,2020.0,193500.0,65.0,346.0,560.0,6.833333333333333,3.0,0.0,0.0,Long Range,2026-03-03,2026-03-03,Aktiv,Tesla,Model 3
453455373,Tesla Model 3,https://www.finn.no/mobility/item/453455373,Sofiemyr ∙ Bilzentrum AS,Sofiemyr,Bilzentrum AS,1.0,Annet,198000.0,2019.0,101000.0,65.0,462.0,560.0,12.0,1.0,0.0,1.0,Long Range,2026-03-03,2026-03-03,Aktiv,Tesla,Model 3
453447964,Tesla Model 3,https://www.finn.no/mobility/item/453447964,Gressvik ∙ Fredrikstad Bil AS,Gressvik,Fredrikstad Bil AS,1.0,Østfold,219900.0,2019.0,99000.0,70.0,489.0,560.0,12.0,1.0,0.0,1.0,Performance,2026-03-03,2026-03-03,Aktiv,Tesla,Model 3
448169507,Tesla Model 3,https://www.finn.no/mobility/item/448169507,Sandnes,Sandnes,,0.0,Rogaland,238999.0,2020.0,66400.0,75.0,441.0,560.0,12.0,1.0,0.0,0.0,Ukjent,2026-03-03,2026-03-03,Aktiv,Tesla,Model 3
453423147,Tesla Model 3,https://www.finn.no/mobility/item/453423147,Kattem,Kattem,,0.0,Annet,214532.0,2019.0,100200.0,65.0,476.0,560.0,22.73333333333333,1.0,0.0,0.0,Ukjent,2026-03-03,2026-03-03,Aktiv,Tesla,Model 3
452775361,Tesla Model 3,https://www.finn.no/mobility/item/452775361,Randaberg,Randaberg,,0.0,Rogaland,349999.0,2024.0,22800.0,58.0,283.0,513.0,30.433333333333334,1.0,0.0,1.0,Ukjent,2026-03-03,2026-03-03,Aktiv,Tesla,Model 3
453424580,Tesla Model 3,https://www.finn.no/mobility/item/453424580,Lillesand ∙ Autosenter Lillesand AS,Lillesand,Autosenter Lillesand AS,1.0,Annet,189000.0,2019.0,124700.0,70.0,462.0,560.0,12.0,1.0,0.0,0.0,Long Range,2026-03-03,2026-03-03,Aktiv,Tesla,Model 3
453418982,Tesla Model 3,https://www.finn.no/mobility/item/453418982,Drammen ∙ Saxegaard Auto AS,Drammen,Saxegaard Auto AS,1.0,Oslo/Akershus,339900.0,2024.0,28000.0,58.0,283.0,513.0,12.0,1.0,0.0,1.0,Ukjent,2026-03-03,2026-03-03,Aktiv,Tesla,Model 3
453410967,Tesla Model 3,https://www.finn.no/mobility/item/453410967,Trondheim,Trondheim,,0.0,Trøndelag,339990.0,2024.0,24000.0,58.0,283.0,554.0,30.53333333333333,1.0,0.0,1.0,Ukjent,2026-03-03,2026-03-03,Aktiv,Tesla,Model 3
451752780,Tesla Model 3,https://www.finn.no/mobility/item/451752780,Oslo,Oslo,,0.0,Oslo/Akershus,264532.0,2021.0,98200.0,75.0,426.0,600.0,9.766666666666667,3.0,0.0,0.0,Ukjent,2026-03-03,2026-03-03,Aktiv,Tesla,Model 3
446876402,Tesla Model 3,https://www.finn.no/mobility/item/446876402,Oslo,Oslo,,0.0,Oslo/Akershus,224532.0,2019.0,86500.0,72.0,483.0,530.0,7.6,1.0,0.0,1.0,Performance,2026-03-03,2026-03-03,Aktiv,Tesla,Model 3
433403098,Tesla Model 3,https://www.finn.no/mobility/item/433403098,Hitra,Hitra,,0.0,Annet,332343.0,2025.0,19036.0,58.0,283.0,513.0,33.833333333333336,1.0,0.0,1.0,Standard Range,2026-03-03,2026-03-03,Aktiv,Tesla,Model 3
400014404,Tesla Model 3,https://www.finn.no/mobility/item/400014404,Oslo,Oslo,,0.0,Oslo/Akershus,330000.0,2022.0,51925.0,75.0,498.0,602.0,12.0,1.0,0.0,1.0,Long Range,2026-03-03,2026-03-03,Aktiv,Tesla,Model 3
453396968,Tesla Model 3,https://www.finn.no/mobility/item/453396968,Kristiansand S ∙ CARSTORE KRISTIANSAND,Kristiansand S,CARSTORE KRISTIANSAND,1.0,Sørlandet,277900.0,2021.0,66600.0,65.0,346.0,580.0,10.033333333333331,1.0,0.0,1.0,Long Range,2026-03-03,2026-03-03,Aktiv,Tesla,Model 3
453379072,Tesla Model 3,https://www.finn.no/mobility/item/453379072,Husnes,Husnes,,0.0,Annet,299999.0,2021.0,48500.0,82.0,498.0,580.0,13.033333333333331,1.0,0.0,0.0,Long Range,2026-03-03,2026-03-03,Aktiv,Tesla,Model 3
452660280,Tesla Model 3,https://www.finn.no/mobility/item/452660280,Sandnes ∙ T.A Auto AS,Sandnes,T.A Auto AS,1.0,Rogaland,259000.0,2019.0,62000.0,70.0,489.0,560.0,12.0,1.0,0.0,1.0,Performance,2026-03-03,2026-03-03,Aktiv,Tesla,Model 3
452477088,Tesla Model 3,https://www.finn.no/mobility/item/452477088,Årdalstangen,Årdalstangen,,0.0,Annet,497505.0,2024.0,17824.0,70.0,627.0,528.0,33.333333333333336,1.0,0.0,1.0,Performance,2026-03-03,2026-03-03,Aktiv,Tesla,Model 3
448142174,Tesla Model 3,https://www.finn.no/mobility/item/448142174,Lysekloster,Lysekloster,,0.0,Vestland,224532.0,2021.0,63279.0,65.0,325.0,448.0,20.966666666666665,1.0,0.0,1.0,Ukjent,2026-03-03,2026-03-03,Aktiv,Tesla,Model 3
453362134,Tesla Model 3,https://www.finn.no/mobility/item/453362134,Nesbyen,Nesbyen,,0.0,Annet,279532.0,2021.0,63000.0,82.0,498.0,614.0,19.066666666666663,2.0,0.0,1.0,Long Range,2026-03-03,2026-03-03,Aktiv,Tesla,Model 3
440226113,Tesla Model 3,https://www.finn.no/mobility/item/440226113,Hommelvik,Hommelvik,,0.0,Annet,505000.0,2024.0,29850.0,70.0,627.0,528.0,30.566666666666663,1.0,0.0,1.0,Performance,2026-03-03,2026-03-03,Aktiv,Tesla,Model 3
247301579,Tesla Model 3,https://www.finn.no/mobility/item/247301579,Moss,Moss,,0.0,Østfold,214500.0,2021.0,79800.0,65.0,325.0,448.0,15.7,1.0,0.0,1.0,Performance,2026-03-03,2026-03-03,Aktiv,Tesla,Model 3
354647341,Tesla Model 3,https://www.finn.no/mobility/item/354647341,Oslo,Oslo,,0.0,Oslo/Akershus,237129.0,2021.0,43034.0,65.0,325.0,448.0,12.0,1.0,0.0,1.0,Ukjent,2026-03-03,2026-03-03,Aktiv,Tesla,Model 3
452905693,Tesla Model 3,https://www.finn.no/mobility/item/452905693,Edland,Edland,,0.0,Annet,417505.0,2024.0,47000.0,75.0,498.0,629.0,32.833333333333336,3.0,0.0,1.0,Long Range,2026-03-03,2026-03-03,Aktiv,Tesla,Model 3
453056882,Tesla Model 3,https://www.finn.no/mobility/item/453056882,Stavanger,Stavanger,,0.0,Rogaland,189000.0,2019.0,121000.0,65.0,476.0,560.0,9.533333333333331,2.0,0.0,0.0,Ukjent,2026-03-03,2026-03-03,Aktiv,Tesla,Model 3
453321570,Tesla Model 3,https://www.finn.no/mobility/item/453321570,Sandsli,Sandsli,,0.0,Annet,214531.0,2019.0,134000.0,75.0,476.0,560.0,13.766666666666667,2.0,0.0,0.0,Long Range,2026-03-03,2026-03-03,Aktiv,Tesla,Model 3
451225414,Tesla Model 3,https://www.finn.no/mobility/item/451225414,Oslo,Oslo,,0.0,Oslo/Akershus,294532.0,2021.0,66000.0,70.0,498.0,614.0,16.2,1.0,0.0,1.0,Ukjent,2026-03-03,2026-03-03,Aktiv,Tesla,Model 3
453279955,Tesla Model 3,https://www.finn.no/mobility/item/453279955,Bardu,Bardu,,0.0,Annet,299999.0,2021.0,72230.0,70.0,498.0,614.0,21.73333333333333,1.0,0.0,0.0,Long Range,2026-03-03,2026-03-03,Aktiv,Tesla,Model 3
451801696,Tesla Model 3,https://www.finn.no/mobility/item/451801696,Fjell,Fjell,,0.0,Annet,229532.0,2019.0,105000.0,65.0,476.0,560.0,12.666666666666666,2.0,0.0,1.0,Ukjent,2026-03-03,2026-03-03,Aktiv,Tesla,Model 3
453262523,Tesla Model 3,https://www.finn.no/mobility/item/453262523,Hønefoss,Hønefoss,,0.0,Vestland,264532.0,2021.0,82831.0,70.0,498.0,580.0,12.733333333333333,3.0,0.0,1.0,Long Range,2026-03-03,2026-03-03,Aktiv,Tesla,Model 3
453310537,Tesla Model 3,https://www.finn.no/mobility/item/453310537,Oslo ∙ Møller Bil Outlet Alnabru,Oslo,Møller Bil Outlet Alnabru,1.0,Oslo/Akershus,204000.0,2020.0,104600.0,65.0,346.0,560.0,6.1,1.0,0.0,1.0,Ukjent,2026-03-03,2026-03-03,Aktiv,Tesla,Model 3
453251472,Tesla Model 3,https://www.finn.no/mobility/item/453251472,Vinstra,Vinstra,,0.0,Annet,189532.0,2019.0,144500.0,65.0,476.0,560.0,14.333333333333334,2.0,0.0,0.0,Ukjent,2026-03-03,2026-03-03,Aktiv,Tesla,Model 3
453263808,Tesla Model 3,https://www.finn.no/mobility/item/453263808,Lillestrøm,Lillestrøm,,0.0,Oslo/Akershus,397505.0,2025.0,12117.0,75.0,283.0,750.0,39.63333333333333,1.0,0.0,1.0,Long Range,2026-03-03,2026-03-03,Aktiv,Tesla,Model 3
453253757,Tesla Model 3,https://www.finn.no/mobility/item/453253757,Gjerdrum ∙ Optimal Auto AS,Gjerdrum,Optimal Auto AS,1.0,Annet,245000.0,2021.0,127700.0,76.0,513.0,567.0,12.0,1.0,0.0,1.0,Performance,2026-03-03,2026-03-03,Aktiv,Tesla,Model 3
453233539,Tesla Model 3,https://www.finn.no/mobility/item/453233539,Porsgrunn,Porsgrunn,,0.0,Vestfold/Telemark,219532.0,2020.0,101000.0,65.0,346.0,560.0,9.6,4.0,0.0,0.0,Ukjent,2026-03-03,2026-03-03,Aktiv,Tesla,Model 3
453028922,Tesla Model 3,https://www.finn.no/mobility/item/453028922,Oslo ∙ Selg AS,Oslo,Selg AS,1.0,Oslo/Akershus,184000.0,2019.0,135000.0,75.0,476.0,560.0,12.3,2.0,0.0,0.0,Long Range,2026-03-03,2026-03-03,Aktiv,Tesla,Model 3
448428140,Tesla Model 3,https://www.finn.no/mobility/item/448428140,Åkrehamn,Åkrehamn,,0.0,Rogaland,317505.0,2024.0,27500.0,58.0,283.0,513.0,26.6,2.0,0.0,1.0,Ukjent,2026-03-03,2026-03-03,Aktiv,Tesla,Model 3
453191301,Tesla Model 3,https://www.finn.no/mobility/item/453191301,Lillesand,Lillesand,,0.0,Annet,154532.0,2019.0,236500.0,65.0,490.0,530.0,12.733333333333333,1.0,0.0,0.0,Performance,2026-03-03,2026-03-03,Aktiv,Tesla,Model 3
453187033,Tesla Model 3,https://www.finn.no/mobility/item/453187033,Espeland,Espeland,,0.0,Vestland,204532.0,2019.0,108000.0,65.0,476.0,560.0,13.3,5.0,0.0,0.0,Long Range,2026-03-03,2026-03-03,Aktiv,Tesla,Model 3
453154080,Tesla Model 3,https://www.finn.no/mobility/item/453154080,Blommenholm,Blommenholm,,0.0,Annet,324532.0,2021.0,74608.0,74.0,535.0,547.0,15.633333333333333,1.0,0.0,1.0,Ukjent,2026-03-03,2026-03-03,Aktiv,Tesla,Model 3
450751185,Tesla Model 3,https://www.finn.no/mobility/item/450751185,Aksdal,Aksdal,,0.0,Annet,239600.0,2021.0,81500.0,70.0,498.0,580.0,12.8,1.0,0.0,1.0,Long Range,2026-03-03,2026-03-03,Aktiv,Tesla,Model 3
444684269,Tesla Model 3,https://www.finn.no/mobility/item/444684269,Notodden,Notodden,,0.0,Vestfold/Telemark,324000.0,2022.0,53500.0,70.0,498.0,602.0,0.4333333333333333,3.0,0.0,1.0,Long Range,2026-03-03,2026-03-03,Aktiv,Tesla,Model 3
447204543,Tesla Model 3,https://www.finn.no/mobility/item/447204543,Kristiansand S,Kristiansand S,,0.0,Sørlandet,254532.0,2019.0,39000.0,65.0,476.0,560.0,12.0,1.0,0.0,0.0,Ukjent,2026-03-03,2026-03-03,Aktiv,Tesla,Model 3
451694496,Tesla Model 3,https://www.finn.no/mobility/item/451694496,Langevåg,Langevåg,,0.0,Annet,402505.0,2024.0,25000.0,75.0,498.0,629.0,30.8,1.0,0.0,1.0,Long Range,2026-03-03,2026-03-03,Aktiv,Tesla,Model 3
453155018,Tesla Model 3,https://www.finn.no/mobility/item/453155018,Sarpsborg ∙ Bilgarasjen Sarpsborg,Sarpsborg,Bilgarasjen Sarpsborg,1.0,Østfold,259900.0,2020.0,69000.0,70.0,498.0,560.0,12.0,1.0,0.0,1.0,Long Range,2026-03-03,2026-03-03,Aktiv,Tesla,Model 3
453137043,Tesla Model 3,https://www.finn.no/mobility/item/453137043,Horten,Horten,,0.0,Annet,249900.0,2020.0,52300.0,70.0,346.0,560.0,24.8,1.0,0.0,0.0,Ukjent,2026-03-03,2026-03-03,Aktiv,Tesla,Model 3
453126239,Tesla Model 3,https://www.finn.no/mobility/item/453126239,Slattum,Slattum,,0.0,Annet,184532.0,2021.0,92500.0,65.0,325.0,448.0,18.0,1.0,0.0,1.0,Standard Range,2026-03-03,2026-03-03,Aktiv,Tesla,Model 3
453133681,Tesla Model 3,https://www.finn.no/mobility/item/453133681,Sola,Sola,,0.0,Rogaland,233532.0,2021.0,45069.0,65.0,325.0,448.0,21.266666666666666,1.0,0.0,0.0,Ukjent,2026-03-03,2026-03-03,Aktiv,Tesla,Model 3
453115288,Tesla Model 3,https://www.finn.no/mobility/item/453115288,Børsa,Børsa,,0.0,Annet,239999.0,2021.0,68477.0,65.0,325.0,448.0,18.5,4.0,0.0,1.0,Standard Range,2026-03-03,2026-03-03,Aktiv,Tesla,Model 3
453112812,Tesla Model 3,https://www.finn.no/mobility/item/453112812,Borre ∙ Motor Bureau AS,Borre,Motor Bureau AS,1.0,Rogaland,214900.0,2019.0,116402.0,70.0,462.0,560.0,12.0,1.0,0.0,0.0,Ukjent,2026-03-03,2026-03-03,Aktiv,Tesla,Model 3
453112925,Tesla Model 3,https://www.finn.no/mobility/item/453112925,Borre ∙ Motor Bureau AS,Borre,Motor Bureau AS,1.0,Rogaland,344900.0,2022.0,56765.0,70.0,498.0,602.0,12.0,1.0,0.0,1.0,Long Range,2026-03-03,2026-03-03,Aktiv,Tesla,Model 3
453110563,Tesla Model 3,https://www.finn.no/mobility/item/453110563,Krokstadelva ∙ DAYTONA BILSENTER AS,Krokstadelva,DAYTONA BILSENTER AS,1.0,Annet,319900.0,2023.0,93000.0,70.0,534.0,547.0,12.0,1.0,0.0,1.0,Performance,2026-03-03,2026-03-03,Aktiv,Tesla,Model 3
453093793,Tesla Model 3,https://www.finn.no/mobility/item/453093793,Askim,Askim,,0.0,Østfold,428505.0,2025.0,27400.0,70.0,498.0,660.0,40.16666666666666,1.0,0.0,1.0,Long Range,2026-03-03,2026-03-03,Aktiv,Tesla,Model 3
453096298,Tesla Model 3,https://www.finn.no/mobility/item/453096298,Trondheim ∙ BILGALLERIET AS,Trondheim,BILGALLERIET AS,1.0,Trøndelag,259990.0,2020.0,70000.0,70.0,498.0,560.0,12.0,1.0,0.0,1.0,Long Range,2026-03-03,2026-03-03,Aktiv,Tesla,Model 3
453091451,Tesla Model 3,https://www.finn.no/mobility/item/453091451,Oslo ∙ Karisma Auto AS,Oslo,Karisma Auto AS,1.0,Oslo/Akershus,248900.0,2021.0,96000.0,70.0,498.0,640.0,12.0,1.0,0.0,1.0,Ukjent,2026-03-03,2026-03-03,Aktiv,Tesla,Model 3
453071784,Tesla Model 3,https://www.finn.no/mobility/item/453071784,Sem ∙ Mobile Auto Vestfold AS,Sem,Mobile Auto Vestfold AS,1.0,Vestfold/Telemark,319900.0,2021.0,42500.0,76.0,513.0,567.0,1.0333333333333334,1.0,0.0,1.0,Performance,2026-03-03,2026-03-03,Aktiv,Tesla,Model 3
453009300,Tesla Model 3,https://www.finn.no/mobility/item/453009300,Miland,Miland,,0.0,Annet,188532.0,2021.0,95000.0,65.0,325.0,448.0,15.466666666666669,1.0,0.0,0.0,Standard Range,2026-03-03,2026-03-03,Aktiv,Tesla,Model 3
453040942,Tesla Model 3,https://www.finn.no/mobility/item/453040942,Råholt,Råholt,,0.0,Annet,215000.0,2021.0,145000.0,70.0,498.0,580.0,12.666666666666666,2.0,0.0,0.0,Long Range,2026-03-03,2026-03-03,Aktiv,Tesla,Model 3
453006315,Tesla Model 3,https://www.finn.no/mobility/item/453006315,Kløfta,Kløfta,,0.0,Annet,179532.0,2019.0,164858.0,70.0,306.0,600.0,15.833333333333334,1.0,0.0,0.0,Long Range,2026-03-03,2026-03-03,Aktiv,Tesla,Model 3
453002698,Tesla Model 3,https://www.finn.no/mobility/item/453002698,Ranheim,Ranheim,,0.0,Annet,189532.0,2019.0,128000.0,65.0,476.0,560.0,15.733333333333333,2.0,0.0,0.0,Long Range,2026-03-03,2026-03-03,Aktiv,Tesla,Model 3
452996173,Tesla Model 3,https://www.finn.no/mobility/item/452996173,Hamar ∙ Hernes & Co,Hamar,Hernes & Co,1.0,Annet,419900.0,2024.0,37000.0,82.0,498.0,629.0,12.0,1.0,0.0,1.0,Long Range,2026-03-03,2026-03-03,Aktiv,Tesla,Model 3
452358981,Tesla Model 3,https://www.finn.no/mobility/item/452358981,Lillehammer,Lillehammer,,0.0,Annet,329900.0,2024.0,14990.0,58.0,283.0,513.0,28.0,1.0,0.0,1.0,Standard Range,2026-03-03,2026-03-03,Aktiv,Tesla,Model 3
452985733,Tesla Model 3,https://www.finn.no/mobility/item/452985733,Kokstad ∙ BILN AS,Kokstad,BILN AS,1.0,Vestland,319900.0,2022.0,68490.0,70.0,535.0,547.0,12.0,1.0,0.0,0.0,Performance,2026-03-03,2026-03-03,Aktiv,Tesla,Model 3
452985750,Tesla Model 3,https://www.finn.no/mobility/item/452985750,Stavanger ∙ UNIBIL AS avd. Stavanger,Stavanger,UNIBIL AS avd. Stavanger,1.0,Rogaland,269000.0,2022.0,76600.0,70.0,283.0,491.0,12.0,1.0,0.0,1.0,Standard Range,2026-03-03,2026-03-03,Aktiv,Tesla,Model 3
452972376,Tesla Model 3,https://www.finn.no/mobility/item/452972376,Sofiemyr ∙ Bilzentrum AS,Sofiemyr,Bilzentrum AS,1.0,Annet,209532.0,2019.0,98000.0,65.0,462.0,560.0,12.0,1.0,0.0,1.0,Long Range,2026-03-03,2026-03-03,Aktiv,Tesla,Model 3
452962124,Tesla Model 3,https://www.finn.no/mobility/item/452962124,Mysen,Mysen,,0.0,Østfold,244532.0,2021.0,79889.0,77.0,498.0,580.0,19.03333333333333,1.0,0.0,0.0,Ukjent,2026-03-03,2026-03-03,Aktiv,Tesla,Model 3
452969467,Tesla Model 3,https://www.finn.no/mobility/item/452969467,Stavanger ∙ UNIBIL AS avd. Stavanger,Stavanger,UNIBIL AS avd. Stavanger,1.0,Rogaland,349000.0,2022.0,38600.0,70.0,498.0,602.0,12.0,2.0,0.0,1.0,Long Range,2026-03-03,2026-03-03,Aktiv,Tesla,Model 3
452961919,Tesla Model 3,https://www.finn.no/mobility/item/452961919,Stjørdal ∙ Gangås Auto AS,Stjørdal,Gangås Auto AS,1.0,Trøndelag,449000.0,2024.0,17752.0,70.0,498.0,629.0,12.0,1.0,0.0,0.0,Long Range,2026-03-03,2026-03-03,Aktiv,Tesla,Model 3
452951157,Tesla Model 3,https://www.finn.no/mobility/item/452951157,Ski ∙ RS Bilsalg AS,Ski,RS Bilsalg AS,1.0,Oslo/Akershus,169000.0,2019.0,167700.0,70.0,476.0,560.0,12.0,1.0,0.0,1.0,Long Range,2026-03-03,2026-03-03,Aktiv,Tesla,Model 3
452946512,Tesla Model 3,https://www.finn.no/mobility/item/452946512,Vennesla ∙ AUTOFORM AS,Vennesla,AUTOFORM AS,1.0,Annet,399000.0,2024.0,20000.0,70.0,498.0,629.0,12.0,1.0,0.0,1.0,Long Range,2026-03-03,2026-03-03,Aktiv,Tesla,Model 3
452939061,Tesla Model 3,https://www.finn.no/mobility/item/452939061,Haugesund ∙ BIL-KOMPANIET HAUGESUND AS,Haugesund,BIL-KOMPANIET HAUGESUND AS,1.0,Rogaland,229900.0,2021.0,73500.0,70.0,325.0,448.0,12.0,1.0,0.0,1.0,Standard Range,2026-03-03,2026-03-03,Aktiv,Tesla,Model 3
444341307,Tesla Model 3,https://www.finn.no/mobility/item/444341307,Drammen,Drammen,,0.0,Oslo/Akershus,164434.0,2019.0,146592.0,65.0,476.0,560.0,15.966666666666669,1.0,0.0,0.0,Long Range,2026-03-03,2026-03-03,Aktiv,Tesla,Model 3
452916939,Tesla Model 3,https://www.finn.no/mobility/item/452916939,Kløfta ∙ Rebil,Kløfta,Rebil,1.0,Annet,259900.0,2021.0,99990.0,75.0,490.0,567.0,12.0,1.0,0.0,1.0,Performance,2026-03-03,2026-03-03,Aktiv,Tesla,Model 3
452906498,Tesla Model 3,https://www.finn.no/mobility/item/452906498,Slemmestad,Slemmestad,,0.0,Annet,241434.0,2021.0,93500.0,65.0,498.0,580.0,9.166666666666666,3.0,0.0,0.0,Long Range,2026-03-03,2026-03-03,Aktiv,Tesla,Model 3
452899817,Tesla Model 3,https://www.finn.no/mobility/item/452899817,Billingstad ∙ FIRST AUTO AS,Billingstad,FIRST AUTO AS,1.0,Annet,489000.0,2024.0,34000.0,75.0,627.0,528.0,32.56666666666667,1.0,0.0,1.0,Performance,2026-03-03,2026-03-03,Aktiv,Tesla,Model 3
452894419,Tesla Model 3,https://www.finn.no/mobility/item/452894419,Kvål ∙ DAYTONA AUTO AS,Kvål,DAYTONA AUTO AS,1.0,Annet,254900.0,2021.0,115000.0,70.0,498.0,580.0,12.0,1.0,0.0,1.0,Long Range,2026-03-03,2026-03-03,Aktiv,Tesla,Model 3
452891342,Tesla Model 3,https://www.finn.no/mobility/item/452891342,Førde,Førde,,0.0,Vestland,213532.0,2021.0,69900.0,65.0,325.0,448.0,13.533333333333331,1.0,0.0,1.0,Ukjent,2026-03-03,2026-03-03,Aktiv,Tesla,Model 3
452864933,Tesla Model 3,https://www.finn.no/mobility/item/452864933,Brennåsen ∙ AGDER BIL OG KAROSSERI AS,Brennåsen,AGDER BIL OG KAROSSERI AS,1.0,Annet,219900.0,2020.0,92235.0,70.0,498.0,560.0,12.0,1.0,0.0,0.0,Long Range,2026-03-03,2026-03-03,Aktiv,Tesla,Model 3
452873492,Tesla Model 3,https://www.finn.no/mobility/item/452873492,Skien ∙ KARS Nenset,Skien,KARS Nenset,1.0,Vestfold/Telemark,199000.0,2019.0,58750.0,50.0,306.0,400.0,12.0,4.0,0.0,1.0,Ukjent,2026-03-03,2026-03-03,Aktiv,Tesla,Model 3
452854097,Tesla Model 3,https://www.finn.no/mobility/item/452854097,Langhus,Langhus,,0.0,Annet,249532.0,2022.0,61400.0,65.0,283.0,491.0,25.2,1.0,0.0,1.0,Standard Range,2026-03-03,2026-03-03,Aktiv,Tesla,Model 3
452847066,Tesla Model 3,https://www.finn.no/mobility/item/452847066,Trondheim ∙ Trøndelag Bil AS,Trondheim,Trøndelag Bil AS,1.0,Trøndelag,349900.0,2023.0,60200.0,70.0,498.0,602.0,12.0,1.0,0.0,1.0,Long Range,2026-03-03,2026-03-03,Aktiv,Tesla,Model 3
452858490,Tesla Model 3,https://www.finn.no/mobility/item/452858490,Hamar ∙ SWITCH BIL AS,Hamar,SWITCH BIL AS,1.0,Annet,349990.0,2024.0,37900.0,70.0,283.0,513.0,12.0,1.0,0.0,1.0,Ukjent,2026-03-03,2026-03-03,Aktiv,Tesla,Model 3
452844103,Tesla Model 3,https://www.finn.no/mobility/item/452844103,Ridabu,Ridabu,,0.0,Annet,254532.0,2021.0,85000.0,70.0,498.0,614.0,18.966666666666665,4.0,0.0,1.0,Long Range,2026-03-03,2026-03-03,Aktiv,Tesla,Model 3
452843372,Tesla Model 3,https://www.finn.no/mobility/item/452843372,Kongsberg ∙ Autoshop AS,Kongsberg,Autoshop AS,1.0,Annet,324000.0,2023.0,82779.0,79.0,498.0,602.0,12.0,1.0,0.0,1.0,Long Range,2026-03-03,2026-03-03,Aktiv,Tesla,Model 3
452843042,Tesla Model 3,https://www.finn.no/mobility/item/452843042,Stjørdal ∙ Stjørdal Autosalg AS,Stjørdal,Stjørdal Autosalg AS,1.0,Trøndelag,269999.0,2021.0,84000.0,70.0,498.0,614.0,12.0,2.0,0.0,1.0,Performance,2026-03-03,2026-03-03,Aktiv,Tesla,Model 3
452839277,Tesla Model 3,https://www.finn.no/mobility/item/452839277,Kløfta ∙ Rebil,Kløfta,Rebil,1.0,Annet,324900.0,2023.0,56500.0,75.0,462.0,602.0,12.0,1.0,0.0,1.0,Long Range,2026-03-03,2026-03-03,Aktiv,Tesla,Model 3
452844579,Tesla Model 3,https://www.finn.no/mobility/item/452844579,Skien ∙ RS Autosport AS,Skien,RS Autosport AS,1.0,Vestfold/Telemark,309900.0,2022.0,61300.0,70.0,498.0,614.0,12.0,2.0,0.0,1.0,Long Range,2026-03-03,2026-03-03,Aktiv,Tesla,Model 3
452834809,Tesla Model 3,https://www.finn.no/mobility/item/452834809,Oslo ∙ Car4Sale AS,Oslo,Car4Sale AS,1.0,Oslo/Akershus,249900.0,2021.0,96000.0,75.0,498.0,614.0,12.0,1.0,0.0,1.0,Long Range,2026-03-03,2026-03-03,Aktiv,Tesla,Model 3
448249118,Tesla Model 3,https://www.finn.no/mobility/item/448249118,Hobøl,Hobøl,,0.0,Annet,377505.0,2024.0,43000.0,75.0,498.0,629.0,31.0,1.0,0.0,1.0,Ukjent,2026-03-03,2026-03-03,Aktiv,Tesla,Model 3
452829108,Tesla Model 3,https://www.finn.no/mobility/item/452829108,Alta,Alta,,0.0,Nord-Norge,204532.0,2019.0,86000.0,65.0,476.0,560.0,3.966666666666667,4.0,0.0,0.0,Ukjent,2026-03-03,2026-03-03,Aktiv,Tesla,Model 3
452827417,Tesla Model 3,https://www.finn.no/mobility/item/452827417,Billingstad ∙ FIRST AUTO AS,Billingstad,FIRST AUTO AS,1.0,Annet,329000.0,2024.0,25000.0,70.0,283.0,513.0,12.0,1.0,0.0,1.0,Standard Range,2026-03-03,2026-03-03,Aktiv,Tesla,Model 3
452532784,Tesla Model 3,https://www.finn.no/mobility/item/452532784,Kløfta ∙ Rebil,Kløfta,Rebil,1.0,Annet,198900.0,2020.0,107600.0,74.0,491.0,560.0,12.0,1.0,0.0,1.0,Long Range,2026-03-03,2026-03-03,Aktiv,Tesla,Model 3
452530773,Tesla Model 3,https://www.finn.no/mobility/item/452530773,Heimdal ∙ Myauto AS,Heimdal,Myauto AS,1.0,Annet,209900.0,2019.0,137335.0,70.0,462.0,500.0,12.0,2.0,0.0,1.0,Long Range,2026-03-03,2026-03-03,Aktiv,Tesla,Model 3
452551082,Tesla Model 3,https://www.finn.no/mobility/item/452551082,Oslo ∙ Birger N. Haug AS avd. Oslo,Oslo,Birger N. Haug AS avd. Oslo,1.0,Oslo/Akershus,399900.0,2023.0,29676.0,70.0,498.0,602.0,17.633333333333333,1.0,0.0,1.0,Long Range,2026-03-03,2026-03-03,Aktiv,Tesla,Model 3
452530620,Tesla Model 3,https://www.finn.no/mobility/item/452530620,Kløfta ∙ Rebil,Kløfta,Rebil,1.0,Annet,288900.0,2021.0,45000.0,75.0,498.0,580.0,12.0,1.0,0.0,1.0,Long Range,2026-03-03,2026-03-03,Aktiv,Tesla,Model 3
452680269,Tesla Model 3,https://www.finn.no/mobility/item/452680269,Oslo ∙ Rebil,Oslo,Rebil,1.0,Oslo/Akershus,245000.0,2021.0,102000.0,75.0,498.0,580.0,12.0,1.0,0.0,1.0,Ukjent,2026-03-03,2026-03-03,Aktiv,Tesla,Model 3
452807612,Tesla Model 3,https://www.finn.no/mobility/item/452807612,Lørenskog ∙ Auto Solution AS,Lørenskog,Auto Solution AS,1.0,Oslo/Akershus,218800.0,2021.0,77200.0,70.0,325.0,448.0,12.0,1.0,0.0,1.0,Standard Range,2026-03-03,2026-03-03,Aktiv,Tesla,Model 3
452527337,Tesla Model 3,https://www.finn.no/mobility/item/452527337,Heimdal ∙ Auksjonen.No AS,Heimdal,Auksjonen.No AS,1.0,Annet,237505.0,2023.0,153750.0,70.0,498.0,560.0,12.0,1.0,0.0,0.0,Long Range,2026-03-03,2026-03-03,Aktiv,Tesla,Model 3
452546789,Tesla Model 3,https://www.finn.no/mobility/item/452546789,Molde,Molde,,0.0,Annet,444999.0,2025.0,28600.0,75.0,498.0,660.0,35.36666666666667,1.0,0.0,1.0,Long Range,2026-03-03,2026-03-03,Aktiv,Tesla,Model 3
452679957,Tesla Model 3,https://www.finn.no/mobility/item/452679957,Kløfta ∙ Autolease Bilsalg,Kløfta,Autolease Bilsalg,1.0,Annet,349000.0,2023.0,42153.0,70.0,366.0,560.0,12.0,1.0,0.0,1.0,Long Range,2026-03-03,2026-03-03,Aktiv,Tesla,Model 3
452517912,Tesla Model 3,https://www.finn.no/mobility/item/452517912,Kløfta ∙ Rebil,Kløfta,Rebil,1.0,Annet,218900.0,2020.0,88600.0,75.0,498.0,560.0,12.0,2.0,0.0,1.0,Long Range,2026-03-03,2026-03-03,Aktiv,Tesla,Model 3
416277915,Tesla Model 3,https://www.finn.no/mobility/item/416277915,Drammen,Drammen,,0.0,Oslo/Akershus,154434.0,2020.0,163200.0,65.0,346.0,560.0,1.0333333333333334,2.0,0.0,0.0,Ukjent,2026-03-03,2026-03-03,Aktiv,Tesla,Model 3
452665347,Tesla Model 3,https://www.finn.no/mobility/item/452665347,Drammen ∙ AUTO B AS,Drammen,AUTO B AS,1.0,Oslo/Akershus,265000.0,2020.0,52000.0,70.0,513.0,530.0,12.0,1.0,0.0,1.0,Performance,2026-03-03,2026-03-03,Aktiv,Tesla,Model 3
452802481,Tesla Model 3,https://www.finn.no/mobility/item/452802481,Vestby ∙ AUTO VIKEN AS,Vestby,AUTO VIKEN AS,1.0,Annet,229999.0,2020.0,103000.0,70.0,490.0,530.0,12.0,1.0,0.0,1.0,Long Range,2026-03-03,2026-03-03,Aktiv,Tesla,Model 3
452512243,Tesla Model 3,https://www.finn.no/mobility/item/452512243,Kløfta ∙ Rebil,Kløfta,Rebil,1.0,Annet,319900.0,2023.0,64200.0,75.0,462.0,602.0,12.0,1.0,0.0,1.0,Long Range,2026-03-03,2026-03-03,Aktiv,Tesla,Model 3
452582971,Tesla Model 3,https://www.finn.no/mobility/item/452582971,Støren,Støren,,0.0,Annet,335000.0,2024.0,23000.0,58.0,283.0,513.0,32.166666666666664,1.0,0.0,0.0,Ukjent,2026-03-03,2026-03-03,Aktiv,Tesla,Model 3
452511558,Tesla Model 3,https://www.finn.no/mobility/item/452511558,Kløfta ∙ Rebil,Kløfta,Rebil,1.0,Annet,374900.0,2023.0,28000.0,75.0,535.0,547.0,12.0,1.0,0.0,1.0,Performance,2026-03-03,2026-03-03,Aktiv,Tesla,Model 3
452796482,Tesla Model 3,https://www.finn.no/mobility/item/452796482,Hokksund ∙ Hokksund Auto AS,Hokksund,Hokksund Auto AS,1.0,Annet,529000.0,2025.0,16140.0,70.0,627.0,528.0,12.0,1.0,0.0,1.0,Performance,2026-03-03,2026-03-03,Aktiv,Tesla,Model 3
452659241,Tesla Model 3,https://www.finn.no/mobility/item/452659241,Notodden ∙ Rebil,Notodden,Rebil,1.0,Vestfold/Telemark,224900.0,2021.0,58000.0,50.0,321.0,448.0,12.0,1.0,0.0,1.0,Standard Range,2026-03-03,2026-03-03,Aktiv,Tesla,Model 3
452511330,Tesla Model 3,https://www.finn.no/mobility/item/452511330,Kløfta ∙ Rebil,Kløfta,Rebil,1.0,Annet,328900.0,2024.0,23000.0,75.0,231.0,510.0,12.0,1.0,0.0,1.0,Standard Range,2026-03-03,2026-03-03,Aktiv,Tesla,Model 3
452794080,Tesla Model 3,https://www.finn.no/mobility/item/452794080,Hamar ∙ SWITCH BIL AS,Hamar,SWITCH BIL AS,1.0,Annet,319990.0,2022.0,57500.0,70.0,498.0,602.0,12.0,1.0,0.0,1.0,Long Range,2026-03-03,2026-03-03,Aktiv,Tesla,Model 3
452648162,Tesla Model 3,https://www.finn.no/mobility/item/452648162,Lillestrøm ∙ Autotal Akershus AS,Lillestrøm,Autotal Akershus AS,1.0,Oslo/Akershus,229900.0,2019.0,74729.0,70.0,491.0,560.0,12.0,1.0,0.0,1.0,Long Range,2026-03-03,2026-03-03,Aktiv,Tesla,Model 3
452508367,Tesla Model 3,https://www.finn.no/mobility/item/452508367,Hunndalen ∙ Panther Auto AS,Hunndalen,Panther Auto AS,1.0,Annet,219990.0,2021.0,86000.0,70.0,321.0,448.0,19.133333333333333,1.0,0.0,0.0,Ukjent,2026-03-03,2026-03-03,Aktiv,Tesla,Model 3
452788273,Tesla Model 3,https://www.finn.no/mobility/item/452788273,Sandnes,Sandnes,,0.0,Rogaland,449000.0,2025.0,19000.0,75.0,498.0,660.0,37.8,1.0,0.0,1.0,Long Range,2026-03-03,2026-03-03,Aktiv,Tesla,Model 3
445107380,Tesla Model 3,https://www.finn.no/mobility/item/445107380,Trondheim,Trondheim,,0.0,Trøndelag,199932.0,2019.0,115266.0,65.0,476.0,560.0,12.933333333333334,2.0,0.0,0.0,Long Range,2026-03-03,2026-03-03,Aktiv,Tesla,Model 3
452638170,Tesla Model 3,https://www.finn.no/mobility/item/452638170,Egersund ∙ Holmane Bil AS,Egersund,Holmane Bil AS,1.0,Rogaland,199000.0,2019.0,103000.0,70.0,476.0,560.0,12.0,1.0,0.0,1.0,Long Range,2026-03-03,2026-03-03,Aktiv,Tesla,Model 3
452638468,Tesla Model 3,https://www.finn.no/mobility/item/452638468,Kokstad ∙ Digicarsale AS,Kokstad,Digicarsale AS,1.0,Vestland,259000.0,2020.0,72000.0,70.0,498.0,580.0,12.0,1.0,0.0,0.0,Long Range,2026-03-03,2026-03-03,Aktiv,Tesla,Model 3
452506948,Tesla Model 3,https://www.finn.no/mobility/item/452506948,Hamar ∙ SWITCH BIL AS,Hamar,SWITCH BIL AS,1.0,Annet,429990.0,2024.0,16000.0,70.0,498.0,629.0,12.0,1.0,0.0,1.0,Long Range,2026-03-03,2026-03-03,Aktiv,Tesla,Model 3
452791742,Tesla Model 3,https://www.finn.no/mobility/item/452791742,Haugesund ∙ BIL-KOMPANIET HAUGESUND AS,Haugesund,BIL-KOMPANIET HAUGESUND AS,1.0,Rogaland,229900.0,2021.0,70660.0,70.0,325.0,448.0,12.0,2.0,0.0,1.0,Standard Range,2026-03-03,2026-03-03,Aktiv,Tesla,Model 3
452623033,Tesla Model 3,https://www.finn.no/mobility/item/452623033,Høvik ∙ Carzone AS,Høvik,Carzone AS,1.0,Annet,429000.0,2025.0,34000.0,70.0,498.0,629.0,12.0,1.0,0.0,1.0,Long Range,2026-03-03,2026-03-03,Aktiv,Tesla,Model 3
452778469,Tesla Model 3,https://www.finn.no/mobility/item/452778469,Lørenskog ∙ MAX AUTO AS,Lørenskog,MAX AUTO AS,1.0,Oslo/Akershus,159900.0,2019.0,114900.0,70.0,306.0,409.0,12.0,1.0,0.0,0.0,Standard Range,2026-03-03,2026-03-03,Aktiv,Tesla,Model 3
452623030,Tesla Model 3,https://www.finn.no/mobility/item/452623030,Høvik ∙ Carzone AS,Høvik,Carzone AS,1.0,Annet,489000.0,2024.0,15000.0,70.0,627.0,528.0,12.0,1.0,0.0,1.0,Performance,2026-03-03,2026-03-03,Aktiv,Tesla,Model 3
452505370,Tesla Model 3,https://www.finn.no/mobility/item/452505370,Lillestrøm ∙ Birger N. Haug AS Lillestrøm,Lillestrøm,Birger N. Haug AS Lillestrøm,1.0,Oslo/Akershus,314900.0,2022.0,70841.0,70.0,498.0,602.0,0.7333333333333333,1.0,0.0,1.0,Ukjent,2026-03-03,2026-03-03,Aktiv,Tesla,Model 3
452773357,Tesla Model 3,https://www.finn.no/mobility/item/452773357,Oslo ∙ Car4Sale AS,Oslo,Car4Sale AS,1.0,Oslo/Akershus,214990.0,2021.0,78000.0,65.0,325.0,448.0,12.0,1.0,0.0,1.0,Standard Range,2026-03-03,2026-03-03,Aktiv,Tesla,Model 3
452772780,Tesla Model 3,https://www.finn.no/mobility/item/452772780,Kløfta ∙ Rebil,Kløfta,Rebil,1.0,Annet,218900.0,2021.0,77800.0,54.0,261.0,448.0,12.0,1.0,0.0,1.0,Standard Range,2026-03-03,2026-03-03,Aktiv,Tesla,Model 3
452499432,Tesla Model 3,https://www.finn.no/mobility/item/452499432,Arendal ∙ TG BIL & BÅT AS,Arendal,TG BIL & BÅT AS,1.0,Sørlandet,419000.0,2025.0,17200.0,70.0,498.0,629.0,12.0,2.0,0.0,1.0,Long Range,2026-03-03,2026-03-03,Aktiv,Tesla,Model 3
452602277,Tesla Model 3,https://www.finn.no/mobility/item/452602277,Oslo ∙ AUTOLUX BILSENTER AS,Oslo,AUTOLUX BILSENTER AS,1.0,Oslo/Akershus,215000.0,2020.0,80000.0,65.0,476.0,560.0,22.2,1.0,0.0,0.0,Long Range,2026-03-03,2026-03-03,Aktiv,Tesla,Model 3
452498597,Tesla Model 3,https://www.finn.no/mobility/item/452498597,Rådal ∙ Car4Sale AS,Rådal,Car4Sale AS,1.0,Vestland,189900.0,2019.0,111000.0,80.0,462.0,560.0,12.0,2.0,0.0,1.0,Long Range,2026-03-03,2026-03-03,Aktiv,Tesla,Model 3
439687827,Tesla Model 3,https://www.finn.no/mobility/item/439687827,Råholt,Råholt,,0.0,Annet,499990.0,2025.0,22000.0,79.0,627.0,528.0,35.333333333333336,1.0,0.0,1.0,Performance,2026-03-03,2026-03-03,Aktiv,Tesla,Model 3
409958537,Tesla Model 3,https://www.finn.no/mobility/item/409958537,Porsgrunn,Porsgrunn,,0.0,Vestfold/Telemark,359000.0,2023.0,65555.0,76.0,535.0,547.0,14.833333333333334,1.0,0.0,1.0,Performance,2026-03-03,2026-03-03,Aktiv,Tesla,Model 3
448145514,Tesla Model 3,https://www.finn.no/mobility/item/448145514,Elnesvågen,Elnesvågen,,0.0,Annet,400000.0,2024.0,41000.0,75.0,498.0,629.0,29.3,1.0,0.0,1.0,Long Range,2026-03-03,2026-03-03,Aktiv,Tesla,Model 3
452469099,Tesla Model 3,https://www.finn.no/mobility/item/452469099,Sandnes ∙ Motorama AS,Sandnes,Motorama AS,1.0,Rogaland,195000.0,2019.0,83000.0,70.0,462.0,560.0,12.0,1.0,0.0,1.0,Long Range,2026-03-03,2026-03-03,Aktiv,Tesla,Model 3
452471716,Tesla Model 3,https://www.finn.no/mobility/item/452471716,Vormedal,Vormedal,,0.0,Annet,280000.0,2021.0,56700.0,70.0,498.0,614.0,21.066666666666663,1.0,0.0,1.0,Long Range,2026-03-03,2026-03-03,Aktiv,Tesla,Model 3
452727270,Tesla Model 3,https://www.finn.no/mobility/item/452727270,Drøbak ∙ CARS INVEST AS,Drøbak,CARS INVEST AS,1.0,Annet,257900.0,2020.0,78000.0,70.0,513.0,530.0,12.0,1.0,0.0,1.0,Performance,2026-03-03,2026-03-03,Aktiv,Tesla,Model 3
452599569,Tesla Model 3,https://www.finn.no/mobility/item/452599569,Sandefjord,Sandefjord,,0.0,Vestfold/Telemark,294532.0,2021.0,75400.0,76.0,513.0,567.0,15.833333333333334,1.0,0.0,1.0,Performance,2026-03-03,2026-03-03,Aktiv,Tesla,Model 3
452458078,Tesla Model 3,https://www.finn.no/mobility/item/452458078,Oslo,Oslo,,0.0,Oslo/Akershus,214532.0,2021.0,89150.0,65.0,325.0,448.0,20.23333333333333,1.0,0.0,1.0,Standard Range,2026-03-03,2026-03-03,Aktiv,Tesla,Model 3
452595077,Tesla Model 3,https://www.finn.no/mobility/item/452595077,Hagan ∙ Maxdrive Automotive AS,Hagan,Maxdrive Automotive AS,1.0,Annet,159999.0,2019.0,189999.0,65.0,306.0,409.0,19.03333333333333,1.0,0.0,0.0,Ukjent,2026-03-03,2026-03-03,Aktiv,Tesla,Model 3
452450227,Tesla Model 3,https://www.finn.no/mobility/item/452450227,Hammerfest,Hammerfest,,0.0,Annet,222532.0,2021.0,40706.0,65.0,325.0,448.0,18.4,2.0,0.0,0.0,Ukjent,2026-03-03,2026-03-03,Aktiv,Tesla,Model 3
452442652,Tesla Model 3,https://www.finn.no/mobility/item/452442652,Myre,Myre,,0.0,Annet,289532.0,2021.0,82800.0,70.0,498.0,614.0,15.933333333333334,5.0,0.0,1.0,Long Range,2026-03-03,2026-03-03,Aktiv,Tesla,Model 3
452574069,Tesla Model 3,https://www.finn.no/mobility/item/452574069,Sogndal,Sogndal,,0.0,Annet,263532.0,2022.0,52679.0,65.0,283.0,491.0,5.966666666666667,2.0,0.0,0.0,Standard Range,2026-03-03,2026-03-03,Aktiv,Tesla,Model 3
452439976,Tesla Model 3,https://www.finn.no/mobility/item/452439976,Ræge ∙ Bil-Kompaniet AS,Ræge,Bil-Kompaniet AS,1.0,Annet,199900.0,2019.0,129500.0,70.0,483.0,560.0,12.0,1.0,0.0,0.0,Performance,2026-03-03,2026-03-03,Aktiv,Tesla,Model 3
452708254,Tesla Model 3,https://www.finn.no/mobility/item/452708254,Fredrikstad ∙ Grandahl Bil AS avd. Fredrikstad,Fredrikstad,Grandahl Bil AS avd. Fredrikstad,1.0,Østfold,578000.0,2026.0,1020.0,70.0,320.0,702.0,12.0,1.0,0.0,1.0,Long Range,2026-03-03,2026-03-03,Aktiv,Tesla,Model 3
421506487,Tesla Model 3,https://www.finn.no/mobility/item/421506487,Halsa,Halsa,,0.0,Annet,399000.0,2024.0,18500.0,75.0,498.0,629.0,29.766666666666666,1.0,0.0,1.0,Ukjent,2026-03-03,2026-03-03,Aktiv,Tesla,Model 3
452578845,Tesla Model 3,https://www.finn.no/mobility/item/452578845,Kristiansand S ∙ Car4Sale AS,Kristiansand S,Car4Sale AS,1.0,Sørlandet,219000.0,2021.0,157000.0,70.0,498.0,580.0,12.0,1.0,0.0,1.0,Long Range,2026-03-03,2026-03-03,Aktiv,Tesla,Model 3
452690813,Tesla Model 3,https://www.finn.no/mobility/item/452690813,Porsgrunn ∙ Dahl / Finne Auto AS,Porsgrunn,Dahl / Finne Auto AS,1.0,Vestfold/Telemark,219900.0,2019.0,92000.0,70.0,483.0,530.0,12.0,1.0,0.0,1.0,Performance,2026-03-03,2026-03-03,Aktiv,Tesla,Model 3
452422828,Tesla Model 3,https://www.finn.no/mobility/item/452422828,Saupstad,Saupstad,,0.0,Annet,234532.0,2019.0,92814.0,65.0,490.0,530.0,19.066666666666663,1.0,0.0,0.0,Long Range,2026-03-03,2026-03-03,Aktiv,Tesla,Model 3
452576223,Tesla Model 3,https://www.finn.no/mobility/item/452576223,Sandnes ∙ AVIBIL AS,Sandnes,AVIBIL AS,1.0,Rogaland,329000.0,2023.0,48746.0,70.0,498.0,602.0,12.0,1.0,0.0,1.0,Long Range,2026-03-03,2026-03-03,Aktiv,Tesla,Model 3
452428107,Tesla Model 3,https://www.finn.no/mobility/item/452428107,Drammen ∙ AUTO BILSTRADA AS,Drammen,AUTO BILSTRADA AS,1.0,Oslo/Akershus,139000.0,2019.0,242000.0,70.0,476.0,560.0,12.0,1.0,0.0,1.0,Ukjent,2026-03-03,2026-03-03,Aktiv,Tesla,Model 3
452680986,Tesla Model 3,https://www.finn.no/mobility/item/452680986,Hell ∙ STJØRDAL AUTO,Hell,STJØRDAL AUTO,1.0,Annet,359990.0,2022.0,23192.0,70.0,534.0,547.0,12.0,1.0,0.0,1.0,Performance,2026-03-03,2026-03-03,Aktiv,Tesla,Model 3
452572842,Tesla Model 3,https://www.finn.no/mobility/item/452572842,Bødalen,Bødalen,,0.0,Annet,264532.0,2021.0,77552.0,70.0,498.0,614.0,12.433333333333334,1.0,0.0,0.0,Long Range,2026-03-03,2026-03-03,Aktiv,Tesla,Model 3
452413065,Tesla Model 3,https://www.finn.no/mobility/item/452413065,Hokksund ∙ Hokksund Auto AS,Hokksund,Hokksund Auto AS,1.0,Annet,279000.0,2021.0,98115.0,70.0,513.0,567.0,12.0,1.0,0.0,1.0,Performance,2026-03-03,2026-03-03,Aktiv,Tesla,Model 3
442613001,Tesla Model 3,https://www.finn.no/mobility/item/442613001,Sirevåg,Sirevåg,,0.0,Rogaland,204434.0,2019.0,122000.0,70.0,476.0,450.0,12.666666666666666,2.0,0.0,0.0,Ukjent,2026-03-03,2026-03-03,Aktiv,Tesla,Model 3
452567064,Tesla Model 3,https://www.finn.no/mobility/item/452567064,Os,Os,,0.0,Vestland,399000.0,2023.0,15378.0,70.0,498.0,602.0,12.433333333333334,1.0,0.0,1.0,Performance,2026-03-03,2026-03-03,Aktiv,Tesla,Model 3
452543097,Tesla Model 3,https://www.finn.no/mobility/item/452543097,Ridabu ∙ AUTO BRAVIA AS,Ridabu,AUTO BRAVIA AS,1.0,Annet,419990.0,2025.0,19900.0,70.0,498.0,629.0,12.0,1.0,0.0,1.0,Long Range,2026-03-03,2026-03-03,Aktiv,Tesla,Model 3
452551404,Tesla Model 3,https://www.finn.no/mobility/item/452551404,Sogndal ∙ AUTOHUSET SOGN AS,Sogndal,AUTOHUSET SOGN AS,1.0,Annet,215000.0,2019.0,112300.0,70.0,476.0,560.0,12.0,1.0,0.0,0.0,Long Range,2026-03-03,2026-03-03,Aktiv,Tesla,Model 3
424923387,Tesla Model 3,https://www.finn.no/mobility/item/424923387,Slependen,Slependen,,0.0,Annet,352343.0,2024.0,19000.0,58.0,283.0,513.0,22.766666666666666,1.0,0.0,1.0,Ukjent,2026-03-03,2026-03-03,Aktiv,Tesla,Model 3
452281121,Tesla Model 3,https://www.finn.no/mobility/item/452281121,Kristiansand S,Kristiansand S,,0.0,Sørlandet,199532.0,2019.0,112000.0,65.0,476.0,560.0,12.4,3.0,0.0,0.0,Long Range,2026-03-03,2026-03-03,Aktiv,Tesla,Model 3
452404449,Tesla Model 3,https://www.finn.no/mobility/item/452404449,Billingstad ∙ Mycar Billingstad,Billingstad,Mycar Billingstad,1.0,Annet,238900.0,2019.0,62821.0,70.0,489.0,560.0,12.0,1.0,0.0,1.0,Performance,2026-03-03,2026-03-03,Aktiv,Tesla,Model 3
452292067,Tesla Model 3,https://www.finn.no/mobility/item/452292067,Sarpsborg ∙ Grandahl Bil AS avd. Sarpsborg,Sarpsborg,Grandahl Bil AS avd. Sarpsborg,1.0,Østfold,228000.0,2019.0,118000.0,70.0,489.0,560.0,12.0,1.0,0.0,1.0,Performance,2026-03-03,2026-03-03,Aktiv,Tesla,Model 3
452398642,Tesla Model 3,https://www.finn.no/mobility/item/452398642,Drammen ∙ Tesla Motors Norway AS,Drammen,Tesla Motors Norway AS,1.0,Oslo/Akershus,260400.0,2020.0,62493.0,74.0,346.0,560.0,24.83333333333333,1.0,0.0,0.0,Ukjent,2026-03-03,2026-03-03,Aktiv,Tesla,Model 3
452275525,Tesla Model 3,https://www.finn.no/mobility/item/452275525,Tønsberg,Tønsberg,,0.0,Vestfold/Telemark,249999.0,2021.0,96400.0,70.0,479.5,580.0,13.433333333333334,1.0,0.0,1.0,Long Range,2026-03-03,2026-03-03,Aktiv,Tesla,Model 3
452399074,Tesla Model 3,https://www.finn.no/mobility/item/452399074,Stjørdal ∙ Autolinq AS,Stjørdal,Autolinq AS,1.0,Trøndelag,419900.0,2024.0,25000.0,70.0,498.0,629.0,12.0,1.0,0.0,1.0,Long Range,2026-03-03,2026-03-03,Aktiv,Tesla,Model 3
452394640,Tesla Model 3,https://www.finn.no/mobility/item/452394640,Flatåsen ∙ LYSHOLM BIL TRONDHEIM,Flatåsen,LYSHOLM BIL TRONDHEIM,1.0,Annet,409900.0,2024.0,39300.0,70.0,498.0,629.0,12.0,1.0,0.0,1.0,Long Range,2026-03-03,2026-03-03,Aktiv,Tesla,Model 3
451568556,Tesla Model 3,https://www.finn.no/mobility/item/451568556,Blystadlia,Blystadlia,,0.0,Annet,419505.0,2024.0,10500.0,75.0,498.0,629.0,32.13333333333333,1.0,0.0,1.0,Long Range,2026-03-03,2026-03-03,Aktiv,Tesla,Model 3
446134415,Tesla Model 3,https://www.finn.no/mobility/item/446134415,Mosjøen,Mosjøen,,0.0,Vestland,319532.0,2022.0,72623.0,76.0,535.0,547.0,5.966666666666667,2.0,0.0,1.0,Ukjent,2026-03-03,2026-03-03,Aktiv,Tesla,Model 3
446977680,Tesla Model 3,https://www.finn.no/mobility/item/446977680,Hamarvik,Hamarvik,,0.0,Annet,427505.0,2025.0,7500.0,75.0,498.0,660.0,43.06666666666667,1.0,0.0,1.0,Long Range,2026-03-03,2026-03-03,Aktiv,Tesla,Model 3
452391684,Tesla Model 3,https://www.finn.no/mobility/item/452391684,Oslo ∙ Oslo Bilsenter AS,Oslo,Oslo Bilsenter AS,1.0,Oslo/Akershus,219000.0,2019.0,65000.0,70.0,476.0,560.0,12.0,1.0,0.0,1.0,Long Range,2026-03-03,2026-03-03,Aktiv,Tesla,Model 3
343650039,Tesla Model 3,https://www.finn.no/mobility/item/343650039,Porsgrunn,Porsgrunn,,0.0,Vestfold/Telemark,227129.0,2021.0,93850.0,70.0,325.0,448.0,12.0,1.0,0.0,0.0,Ukjent,2026-03-03,2026-03-03,Aktiv,Tesla,Model 3
452388277,Tesla Model 3,https://www.finn.no/mobility/item/452388277,Kløfta ∙ Rebil,Kløfta,Rebil,1.0,Annet,289000.0,2021.0,74950.0,75.0,490.0,567.0,12.0,1.0,0.0,1.0,Performance,2026-03-03,2026-03-03,Aktiv,Tesla,Model 3
451765124,Tesla Model 3,https://www.finn.no/mobility/item/451765124,Tjodalyng,Tjodalyng,,0.0,Annet,482505.0,2025.0,99.0,75.0,498.0,660.0,45.03333333333333,1.0,0.0,1.0,Ukjent,2026-03-03,2026-03-03,Aktiv,Tesla,Model 3
452237140,Tesla Model 3,https://www.finn.no/mobility/item/452237140,Furnes,Furnes,,0.0,Annet,372900.0,2023.0,63500.0,82.0,535.0,547.0,17.5,5.0,0.0,1.0,Performance,2026-03-03,2026-03-03,Aktiv,Tesla,Model 3
451764200,Tesla Model 3,https://www.finn.no/mobility/item/451764200,Gjerdrum ∙ NEXTDRIVE AS,Gjerdrum,NEXTDRIVE AS,1.0,Annet,369000.0,2025.0,17500.0,70.0,283.0,513.0,12.0,1.0,0.0,0.0,Ukjent,2026-03-03,2026-03-03,Aktiv,Tesla,Model 3
451956869,Tesla Model 3,https://www.finn.no/mobility/item/451956869,Ytre Enebakk,Ytre Enebakk,,0.0,Annet,199900.0,2020.0,138675.0,65.0,346.0,560.0,6.233333333333333,1.0,0.0,0.0,Long Range,2026-03-03,2026-03-03,Aktiv,Tesla,Model 3
452387470,Tesla Model 3,https://www.finn.no/mobility/item/452387470,Kongsberg ∙ Kommisjonsbil AS,Kongsberg,Kommisjonsbil AS,1.0,Annet,254990.0,2021.0,142000.0,70.0,513.0,567.0,12.0,1.0,0.0,0.0,Performance,2026-03-03,2026-03-03,Aktiv,Tesla,Model 3
451537669,Tesla Model 3,https://www.finn.no/mobility/item/451537669,Oslo,Oslo,,0.0,Oslo/Akershus,214532.0,2019.0,149651.0,65.0,476.0,560.0,13.366666666666667,5.0,0.0,0.0,Ukjent,2026-03-03,2026-03-03,Aktiv,Tesla,Model 3
451762012,Tesla Model 3,https://www.finn.no/mobility/item/451762012,Drøbak ∙ BROM CONSULTING AS,Drøbak,BROM CONSULTING AS,1.0,Annet,249900.0,2019.0,63000.0,70.0,476.0,560.0,12.0,1.0,0.0,1.0,Long Range,2026-03-03,2026-03-03,Aktiv,Tesla,Model 3
452385207,Tesla Model 3,https://www.finn.no/mobility/item/452385207,Arendal ∙ Z-AUTO AS,Arendal,Z-AUTO AS,1.0,Sørlandet,289900.0,2021.0,55753.0,70.0,513.0,567.0,12.0,1.0,0.0,1.0,Performance,2026-03-03,2026-03-03,Aktiv,Tesla,Model 3
306872984,Tesla Model 3,https://www.finn.no/mobility/item/306872984,Mosjøen,Mosjøen,,0.0,Vestland,164999.0,2019.0,150000.0,75.0,490.0,530.0,12.666666666666666,4.0,0.0,0.0,Performance,2026-03-03,2026-03-03,Aktiv,Tesla,Model 3
451726505,Tesla Model 3,https://www.finn.no/mobility/item/451726505,Sande i Vestfold,Sande i Vestfold,,0.0,Annet,194532.0,2019.0,144008.0,77.0,476.0,560.0,19.066666666666663,1.0,0.0,0.0,Long Range,2026-03-03,2026-03-03,Aktiv,Tesla,Model 3
452183045,Tesla Model 3,https://www.finn.no/mobility/item/452183045,Lørenskog,Lørenskog,,0.0,Oslo/Akershus,224532.0,2020.0,85800.0,65.0,346.0,560.0,3.8,1.0,0.0,0.0,Ukjent,2026-03-03,2026-03-03,Aktiv,Tesla,Model 3
451536654,Tesla Model 3,https://www.finn.no/mobility/item/451536654,Hønefoss ∙ Importservice Bil AS,Hønefoss,Importservice Bil AS,1.0,Vestland,499000.0,2024.0,22000.0,79.0,627.0,528.0,12.0,1.0,0.0,1.0,Performance,2026-03-03,2026-03-03,Aktiv,Tesla,Model 3
452381514,Tesla Model 3,https://www.finn.no/mobility/item/452381514,Kristiansund N,Kristiansund N,,0.0,Annet,299532.0,2022.0,78891.0,76.0,513.0,547.0,6.0,2.0,0.0,1.0,Performance,2026-03-03,2026-03-03,Aktiv,Tesla,Model 3
452167827,Tesla Model 3,https://www.finn.no/mobility/item/452167827,Skibotn,Skibotn,,0.0,Oslo/Akershus,449000.0,2026.0,7950.0,75.0,498.0,660.0,45.46666666666667,1.0,0.0,1.0,Long Range,2026-03-03,2026-03-03,Aktiv,Tesla,Model 3
452384880,Tesla Model 3,https://www.finn.no/mobility/item/452384880,Oslo ∙ Mobile Alnabru AS,Oslo,Mobile Alnabru AS,1.0,Oslo/Akershus,329000.0,2024.0,24500.0,58.0,283.0,513.0,29.366666666666667,1.0,0.0,1.0,Standard Range,2026-03-03,2026-03-03,Aktiv,Tesla,Model 3
451722933,Tesla Model 3,https://www.finn.no/mobility/item/451722933,Strømmen ∙ Trygg Bilhus AS,Strømmen,Trygg Bilhus AS,1.0,Annet,198900.0,2019.0,106900.0,65.0,476.0,560.0,12.666666666666666,1.0,0.0,0.0,Long Range,2026-03-03,2026-03-03,Aktiv,Tesla,Model 3
451531734,Tesla Model 3,https://www.finn.no/mobility/item/451531734,Stavanger,Stavanger,,0.0,Rogaland,243532.0,2021.0,52262.0,65.0,325.0,448.0,30.83333333333333,1.0,0.0,1.0,Ukjent,2026-03-03,2026-03-03,Aktiv,Tesla,Model 3
451961062,Tesla Model 3,https://www.finn.no/mobility/item/451961062,"Grong ∙ Otto Moe, Grong",Grong,"Otto Moe, Grong",1.0,Annet,229900.0,2020.0,108500.0,70.0,440.0,560.0,12.0,1.0,0.0,0.0,Long Range,2026-03-03,2026-03-03,Aktiv,Tesla,Model 3
451529862,Tesla Model 3,https://www.finn.no/mobility/item/451529862,Straume ∙ Tesla Motors Norway AS,Straume,Tesla Motors Norway AS,1.0,Vestland,256100.0,2020.0,52913.0,74.0,346.0,560.0,6.1,1.0,0.0,0.0,Ukjent,2026-03-03,2026-03-03,Aktiv,Tesla,Model 3
451709785,Tesla Model 3,https://www.finn.no/mobility/item/451709785,Haugesund ∙ Åkra Bil AS,Haugesund,Åkra Bil AS,1.0,Rogaland,199000.0,2019.0,96990.0,70.0,325.0,410.0,12.0,1.0,0.0,1.0,Ukjent,2026-03-03,2026-03-03,Aktiv,Tesla,Model 3
452163773,Tesla Model 3,https://www.finn.no/mobility/item/452163773,Vestnes,Vestnes,,0.0,Annet,274532.0,2021.0,47000.0,70.0,498.0,614.0,14.8,1.0,0.0,1.0,Ukjent,2026-03-03,2026-03-03,Aktiv,Tesla,Model 3
451690685,Tesla Model 3,https://www.finn.no/mobility/item/451690685,Trondheim,Trondheim,,0.0,Trøndelag,447505.0,2026.0,9300.0,75.0,498.0,660.0,45.16666666666666,1.0,0.0,0.0,Ukjent,2026-03-03,2026-03-03,Aktiv,Tesla,Model 3
350316756,Tesla Model 3,https://www.finn.no/mobility/item/350316756,Lillestrøm,Lillestrøm,,0.0,Oslo/Akershus,339000.0,2022.0,57000.0,76.0,535.0,547.0,12.0,1.0,0.0,1.0,Ukjent,2026-03-03,2026-03-03,Aktiv,Tesla,Model 3
451497390,Tesla Model 3,https://www.finn.no/mobility/item/451497390,Avaldsnes ∙ UTVIK AUTOSALG AS,Avaldsnes,UTVIK AUTOSALG AS,1.0,Rogaland,209900.0,2019.0,100396.0,75.0,462.0,560.0,12.0,1.0,0.0,1.0,Long Range,2026-03-03,2026-03-03,Aktiv,Tesla,Model 3
452365398,Tesla Model 3,https://www.finn.no/mobility/item/452365398,Rud ∙ Berg Auto AS,Rud,Berg Auto AS,1.0,Annet,289900.0,2021.0,67000.0,82.0,513.0,567.0,12.0,1.0,0.0,1.0,Performance,2026-03-03,2026-03-03,Aktiv,Tesla,Model 3
452113039,Tesla Model 3,https://www.finn.no/mobility/item/452113039,Etne,Etne,,0.0,Annet,233532.0,2022.0,121000.0,65.0,283.0,491.0,0.2333333333333333,1.0,0.0,1.0,Ukjent,2026-03-03,2026-03-03,Aktiv,Tesla,Model 3
451495632,Tesla Model 3,https://www.finn.no/mobility/item/451495632,Vennesla ∙ Dream Car,Vennesla,Dream Car,1.0,Annet,359999.0,2022.0,17800.0,70.0,498.0,602.0,12.0,1.0,0.0,1.0,Ukjent,2026-03-03,2026-03-03,Aktiv,Tesla,Model 3
451691795,Tesla Model 3,https://www.finn.no/mobility/item/451691795,Elverum ∙ AUTO SELECT AS,Elverum,AUTO SELECT AS,1.0,Annet,279990.0,2021.0,69915.0,70.0,498.0,580.0,12.0,1.0,0.0,1.0,Long Range,2026-03-03,2026-03-03,Aktiv,Tesla,Model 3
451866005,Tesla Model 3,https://www.finn.no/mobility/item/451866005,Sarpsborg,Sarpsborg,,0.0,Østfold,370000.0,2025.0,6000.0,58.0,283.0,513.0,33.233333333333334,1.0,0.0,1.0,Ukjent,2026-03-03,2026-03-03,Aktiv,Tesla,Model 3
452364602,Tesla Model 3,https://www.finn.no/mobility/item/452364602,Kristiansand S ∙ BILSELGEREN AS,Kristiansand S,BILSELGEREN AS,1.0,Sørlandet,289000.0,2021.0,69500.0,70.0,498.0,614.0,12.0,1.0,0.0,1.0,Long Range,2026-03-03,2026-03-03,Aktiv,Tesla,Model 3
451509773,Tesla Model 3,https://www.finn.no/mobility/item/451509773,Mjøndalen,Mjøndalen,,0.0,Annet,199800.0,2021.0,71000.0,65.0,325.0,448.0,15.733333333333333,1.0,0.0,1.0,Ukjent,2026-03-03,2026-03-03,Aktiv,Tesla,Model 3
451490136,Tesla Model 3,https://www.finn.no/mobility/item/451490136,Kløfta ∙ Rebil,Kløfta,Rebil,1.0,Annet,208900.0,2019.0,78400.0,75.0,462.0,560.0,12.0,1.0,0.0,1.0,Long Range,2026-03-03,2026-03-03,Aktiv,Tesla,Model 3
451933584,Tesla Model 3,https://www.finn.no/mobility/item/451933584,Kristiansand S ∙ Autoform Kristiansand AS,Kristiansand S,Autoform Kristiansand AS,1.0,Sørlandet,269000.0,2021.0,91500.0,82.0,498.0,614.0,12.0,1.0,0.0,1.0,Ukjent,2026-03-03,2026-03-03,Aktiv,Tesla,Model 3
452097025,Tesla Model 3,https://www.finn.no/mobility/item/452097025,Stavanger,Stavanger,,0.0,Rogaland,329505.0,2024.0,28233.0,58.0,283.0,513.0,28.1,1.0,0.0,1.0,Ukjent,2026-03-03,2026-03-03,Aktiv,Tesla,Model 3
451674477,Tesla Model 3,https://www.finn.no/mobility/item/451674477,Kristiansand S ∙ BP Bil AS,Kristiansand S,BP Bil AS,1.0,Sørlandet,199999.0,2019.0,139100.0,70.0,489.0,530.0,12.0,1.0,0.0,1.0,Performance,2026-03-03,2026-03-03,Aktiv,Tesla,Model 3
451930698,Tesla Model 3,https://www.finn.no/mobility/item/451930698,Krokstadelva ∙ DAYTONA BILSENTER AS,Krokstadelva,DAYTONA BILSENTER AS,1.0,Annet,219900.0,2021.0,84000.0,70.0,325.0,448.0,12.0,1.0,0.0,1.0,Standard Range,2026-03-03,2026-03-03,Aktiv,Tesla,Model 3
452356075,Tesla Model 3,https://www.finn.no/mobility/item/452356075,Skien,Skien,,0.0,Vestfold/Telemark,189532.0,2019.0,130500.0,65.0,476.0,560.0,12.6,2.0,0.0,0.0,Ukjent,2026-03-03,2026-03-03,Aktiv,Tesla,Model 3
437769119,Tesla Model 3,https://www.finn.no/mobility/item/437769119,Vikersund,Vikersund,,0.0,Annet,208434.0,2019.0,123376.0,70.0,490.0,560.0,17.6,4.0,0.0,0.0,Performance,2026-03-03,2026-03-03,Aktiv,Tesla,Model 3
451487974,Tesla Model 3,https://www.finn.no/mobility/item/451487974,Trondheim,Trondheim,,0.0,Trøndelag,293532.0,2021.0,46500.0,70.0,498.0,614.0,21.7,1.0,0.0,0.0,Long Range,2026-03-03,2026-03-03,Aktiv,Tesla,Model 3
408858993,Tesla Model 3,https://www.finn.no/mobility/item/408858993,Rådal,Rådal,,0.0,Vestland,144434.0,2019.0,145000.0,65.0,306.0,409.0,17.733333333333334,2.0,0.0,0.0,Ukjent,2026-03-03,2026-03-03,Aktiv,Tesla,Model 3
451668581,Tesla Model 3,https://www.finn.no/mobility/item/451668581,Oslo ∙ Oslo Bilsenter AS,Oslo,Oslo Bilsenter AS,1.0,Oslo/Akershus,448000.0,2025.0,11000.0,70.0,498.0,629.0,12.0,1.0,0.0,1.0,Long Range,2026-03-03,2026-03-03,Aktiv,Tesla,Model 3
451733628,Tesla Model 3,https://www.finn.no/mobility/item/451733628,Bodø,Bodø,,0.0,Nord-Norge,224532.0,2019.0,123000.0,65.0,476.0,560.0,12.4,7.0,0.0,0.0,Long Range,2026-03-03,2026-03-03,Aktiv,Tesla,Model 3
451924396,Tesla Model 3,https://www.finn.no/mobility/item/451924396,Krokelvdalen,Krokelvdalen,,0.0,Annet,224532.0,2021.0,68000.0,65.0,325.0,448.0,17.766666666666666,3.0,0.0,1.0,Ukjent,2026-03-03,2026-03-03,Aktiv,Tesla,Model 3
451466522,Tesla Model 3,https://www.finn.no/mobility/item/451466522,Rådal ∙ Car4Sale AS,Rådal,Car4Sale AS,1.0,Vestland,215000.0,2021.0,72000.0,70.0,325.0,448.0,12.0,1.0,0.0,1.0,Standard Range,2026-03-03,2026-03-03,Aktiv,Tesla,Model 3
452355094,Tesla Model 3,https://www.finn.no/mobility/item/452355094,Sandnes ∙ SANDNES BRUKTBIL AS,Sandnes,SANDNES BRUKTBIL AS,1.0,Rogaland,219000.0,2021.0,92000.0,65.0,325.0,448.0,12.0,1.0,0.0,1.0,Standard Range,2026-03-03,2026-03-03,Aktiv,Tesla,Model 3
451652735,Tesla Model 3,https://www.finn.no/mobility/item/451652735,Bønes,Bønes,,0.0,Vestland,224532.0,2019.0,75000.0,70.0,476.0,560.0,15.733333333333333,1.0,0.0,0.0,Long Range,2026-03-03,2026-03-03,Aktiv,Tesla,Model 3
452052124,Tesla Model 3,https://www.finn.no/mobility/item/452052124,Hamar ∙ Storhamar Bil AS,Hamar,Storhamar Bil AS,1.0,Annet,215000.0,2019.0,116000.0,70.0,462.0,560.0,12.0,1.0,0.0,1.0,Long Range,2026-03-03,2026-03-03,Aktiv,Tesla,Model 3
451911281,Tesla Model 3,https://www.finn.no/mobility/item/451911281,Drøbak ∙ BROM CONSULTING AS,Drøbak,BROM CONSULTING AS,1.0,Annet,239900.0,2019.0,93000.0,70.0,476.0,560.0,12.0,1.0,0.0,1.0,Long Range,2026-03-03,2026-03-03,Aktiv,Tesla,Model 3
409310668,Tesla Model 3,https://www.finn.no/mobility/item/409310668,Eide,Eide,,0.0,Annet,239532.0,2021.0,87858.0,65.0,325.0,448.0,17.766666666666666,2.0,0.0,1.0,Ukjent,2026-03-03,2026-03-03,Aktiv,Tesla,Model 3
451242987,Tesla Model 3,https://www.finn.no/mobility/item/451242987,Stavanger ∙ AASTRAND AUTO AS,Stavanger,AASTRAND AUTO AS,1.0,Rogaland,189000.0,2019.0,152800.0,75.0,476.0,560.0,18.3,2.0,0.0,1.0,Long Range,2026-03-03,2026-03-03,Aktiv,Tesla,Model 3
451662483,Tesla Model 3,https://www.finn.no/mobility/item/451662483,Billingstad ∙ FIRST AUTO AS,Billingstad,FIRST AUTO AS,1.0,Annet,477000.0,2024.0,27000.0,70.0,627.0,528.0,12.0,1.0,0.0,1.0,Performance,2026-03-03,2026-03-03,Aktiv,Tesla,Model 3
452351824,Tesla Model 3,https://www.finn.no/mobility/item/452351824,Trondheim,Trondheim,,0.0,Trøndelag,229000.0,2021.0,132000.0,70.0,498.0,580.0,11.933333333333334,2.0,0.0,0.0,Ukjent,2026-03-03,2026-03-03,Aktiv,Tesla,Model 3
452030590,Tesla Model 3,https://www.finn.no/mobility/item/452030590,Billingstad ∙ FIRST AUTO AS,Billingstad,FIRST AUTO AS,1.0,Annet,499000.0,2025.0,9000.0,70.0,627.0,528.0,12.0,1.0,0.0,1.0,Performance,2026-03-03,2026-03-03,Aktiv,Tesla,Model 3
450668768,Tesla Model 3,https://www.finn.no/mobility/item/450668768,Kristiansand S,Kristiansand S,,0.0,Sørlandet,214532.0,2020.0,107300.0,65.0,476.0,560.0,1.1666666666666667,4.0,0.0,0.0,Long Range,2026-03-03,2026-03-03,Aktiv,Tesla,Model 3
451420632,Tesla Model 3,https://www.finn.no/mobility/item/451420632,Moss ∙ Exotic Motors,Moss,Exotic Motors,1.0,Østfold,315000.0,2022.0,76500.0,70.0,498.0,602.0,12.0,1.0,0.0,1.0,Long Range,2026-03-03,2026-03-03,Aktiv,Tesla,Model 3
447265778,Tesla Model 3,https://www.finn.no/mobility/item/447265778,Sørreisa,Sørreisa,,0.0,Annet,294523.0,2021.0,77900.0,70.0,498.0,614.0,15.466666666666669,2.0,0.0,1.0,Ukjent,2026-03-03,2026-03-03,Aktiv,Tesla,Model 3
452345942,Tesla Model 3,https://www.finn.no/mobility/item/452345942,Notodden ∙ Motor Forum Notodden,Notodden,Motor Forum Notodden,1.0,Vestfold/Telemark,219000.0,2019.0,78000.0,75.0,440.0,560.0,12.0,1.0,0.0,1.0,Ukjent,2026-03-03,2026-03-03,Aktiv,Tesla,Model 3
451387103,Tesla Model 3,https://www.finn.no/mobility/item/451387103,Aukra,Aukra,,0.0,Annet,254532.0,2021.0,74000.0,65.0,325.0,448.0,17.733333333333334,2.0,0.0,0.0,Ukjent,2026-03-03,2026-03-03,Aktiv,Tesla,Model 3
435960445,Tesla Model 3,https://www.finn.no/mobility/item/435960445,Flatåsen,Flatåsen,,0.0,Annet,269000.0,2021.0,77600.0,75.0,479.5,580.0,10.0,1.0,0.0,0.0,Long Range,2026-03-03,2026-03-03,Aktiv,Tesla,Model 3
451772474,Tesla Model 3,https://www.finn.no/mobility/item/451772474,Tjørvåg,Tjørvåg,,0.0,Annet,339532.0,2021.0,41000.0,76.0,498.0,580.0,9.766666666666667,1.0,0.0,1.0,Performance,2026-03-03,2026-03-03,Aktiv,Tesla,Model 3
451899879,Tesla Model 3,https://www.finn.no/mobility/item/451899879,Hvam ∙ Rebil Salgshjelp,Hvam,Rebil Salgshjelp,1.0,Annet,319000.0,2024.0,35000.0,70.0,231.0,510.0,12.0,1.0,0.0,1.0,Ukjent,2026-03-03,2026-03-03,Aktiv,Tesla,Model 3
452343877,Tesla Model 3,https://www.finn.no/mobility/item/452343877,"Grong ∙ Otto Moe, Grong",Grong,"Otto Moe, Grong",1.0,Annet,409900.0,2024.0,26500.0,78.0,479.5,629.0,12.0,1.0,0.0,1.0,Long Range,2026-03-03,2026-03-03,Aktiv,Tesla,Model 3
451655559,Tesla Model 3,https://www.finn.no/mobility/item/451655559,Sarpsborg ∙ Gretland Bil AS,Sarpsborg,Gretland Bil AS,1.0,Østfold,198000.0,2021.0,109900.0,70.0,325.0,448.0,12.0,1.0,0.0,1.0,Standard Range,2026-03-03,2026-03-03,Aktiv,Tesla,Model 3
451381713,Tesla Model 3,https://www.finn.no/mobility/item/451381713,Fredrikstad ∙ Bare Bil AS,Fredrikstad,Bare Bil AS,1.0,Østfold,199900.0,2019.0,100000.0,70.0,462.0,560.0,12.0,1.0,0.0,1.0,Long Range,2026-03-03,2026-03-03,Aktiv,Tesla,Model 3
452328489,Tesla Model 3,https://www.finn.no/mobility/item/452328489,Billingstad ∙ FIRST AUTO AS,Billingstad,FIRST AUTO AS,1.0,Annet,399000.0,2024.0,38000.0,70.0,498.0,629.0,12.0,1.0,0.0,1.0,Long Range,2026-03-03,2026-03-03,Aktiv,Tesla,Model 3
451899604,Tesla Model 3,https://www.finn.no/mobility/item/451899604,Kokstad ∙ AutoSale AS,Kokstad,AutoSale AS,1.0,Vestland,419900.0,2024.0,18000.0,70.0,498.0,629.0,12.0,1.0,0.0,1.0,Long Range,2026-03-03,2026-03-03,Aktiv,Tesla,Model 3
449888704,Tesla Model 3,https://www.finn.no/mobility/item/449888704,Nyborg,Nyborg,,0.0,Vestland,327505.0,2024.0,39276.0,58.0,283.0,513.0,31.3,1.0,0.0,1.0,Ukjent,2026-03-03,2026-03-03,Aktiv,Tesla,Model 3
451108259,Tesla Model 3,https://www.finn.no/mobility/item/451108259,Drammen,Drammen,,0.0,Oslo/Akershus,204532.0,2019.0,106000.0,65.0,495.0,560.0,16.033333333333335,2.0,0.0,0.0,Long Range,2026-03-03,2026-03-03,Aktiv,Tesla,Model 3
451520560,Tesla Model 3,https://www.finn.no/mobility/item/451520560,Brårud,Brårud,,0.0,Annet,462505.0,2026.0,3500.0,75.0,498.0,660.0,45.833333333333336,1.0,0.0,1.0,Ukjent,2026-03-03,2026-03-03,Aktiv,Tesla,Model 3
451652359,Tesla Model 3,https://www.finn.no/mobility/item/451652359,Oslo ∙ Rebil Salgshjelp,Oslo,Rebil Salgshjelp,1.0,Oslo/Akershus,479000.0,2024.0,16800.0,79.0,627.0,528.0,12.0,1.0,0.0,1.0,Performance,2026-03-03,2026-03-03,Aktiv,Tesla,Model 3
384157276,Tesla Model 3,https://www.finn.no/mobility/item/384157276,Skogsvåg,Skogsvåg,,0.0,Annet,244305.0,2021.0,89000.0,75.0,450.0,580.0,12.0,2.0,0.0,0.0,Ukjent,2026-03-03,2026-03-03,Aktiv,Tesla,Model 3
451895648,Tesla Model 3,https://www.finn.no/mobility/item/451895648,Halden ∙ Biltrio AS,Halden,Biltrio AS,1.0,Østfold,359000.0,2023.0,47000.0,70.0,534.0,547.0,12.0,1.0,0.0,1.0,Performance,2026-03-03,2026-03-03,Aktiv,Tesla,Model 3
451894747,Tesla Model 3,https://www.finn.no/mobility/item/451894747,Straume ∙ Lieco Auto AS,Straume,Lieco Auto AS,1.0,Vestland,459900.0,2025.0,8350.0,70.0,498.0,629.0,12.0,1.0,0.0,1.0,Ukjent,2026-03-03,2026-03-03,Aktiv,Tesla,Model 3
451376885,Tesla Model 3,https://www.finn.no/mobility/item/451376885,Kløfta ∙ Autolease Bilsalg,Kløfta,Autolease Bilsalg,1.0,Annet,339000.0,2023.0,61127.0,70.0,366.0,560.0,12.0,1.0,0.0,1.0,Long Range,2026-03-03,2026-03-03,Aktiv,Tesla,Model 3
451973671,Tesla Model 3,https://www.finn.no/mobility/item/451973671,Råde ∙ GOLDEN CARS AS,Råde,GOLDEN CARS AS,1.0,Østfold,529505.0,2025.0,12000.0,75.0,627.0,571.0,41.63333333333333,1.0,0.0,1.0,Ukjent,2026-03-03,2026-03-03,Aktiv,Tesla,Model 3
451647281,Tesla Model 3,https://www.finn.no/mobility/item/451647281,Kløfta ∙ Rebil,Kløfta,Rebil,1.0,Annet,199900.0,2019.0,92800.0,75.0,462.0,560.0,12.0,1.0,0.0,1.0,Long Range,2026-03-03,2026-03-03,Aktiv,Tesla,Model 3
447870646,Tesla Model 3,https://www.finn.no/mobility/item/447870646,Hjellestad,Hjellestad,,0.0,Annet,289532.0,2022.0,44000.0,65.0,283.0,491.0,9.766666666666667,1.0,0.0,1.0,Ukjent,2026-03-03,2026-03-03,Aktiv,Tesla,Model 3
451893247,Tesla Model 3,https://www.finn.no/mobility/item/451893247,Asker,Asker,,0.0,Oslo/Akershus,323532.0,2022.0,37840.0,70.0,498.0,602.0,25.0,1.0,0.0,0.0,Long Range,2026-03-03,2026-03-03,Aktiv,Tesla,Model 3
451962764,Tesla Model 3,https://www.finn.no/mobility/item/451962764,Stjørdal ∙ Stjørdal Autosalg AS,Stjørdal,Stjørdal Autosalg AS,1.0,Trøndelag,310000.0,2021.0,52000.0,70.0,513.0,567.0,12.0,1.0,0.0,1.0,Performance,2026-03-03,2026-03-03,Aktiv,Tesla,Model 3
451357552,Tesla Model 3,https://www.finn.no/mobility/item/451357552,Indre Arna ∙ Oddvar Bjelde & Co AS,Indre Arna,Oddvar Bjelde & Co AS,1.0,Vestland,238800.0,2019.0,65700.0,65.0,490.0,560.0,12.7,1.0,0.0,1.0,Performance,2026-03-03,2026-03-03,Aktiv,Tesla,Model 3
451621956,Tesla Model 3,https://www.finn.no/mobility/item/451621956,Drøbak ∙ BROM CONSULTING AS,Drøbak,BROM CONSULTING AS,1.0,Annet,219900.0,2019.0,89000.0,70.0,462.0,560.0,12.0,1.0,0.0,1.0,Long Range,2026-03-03,2026-03-03,Aktiv,Tesla,Model 3
451855109,Tesla Model 3,https://www.finn.no/mobility/item/451855109,Skjeberg,Skjeberg,,0.0,Annet,337505.0,2024.0,29500.0,60.0,283.0,513.0,30.9,2.0,0.0,1.0,Ukjent,2026-03-03,2026-03-03,Aktiv,Tesla,Model 3
350823641,Tesla Model 3,https://www.finn.no/mobility/item/350823641,Bodø,Bodø,,0.0,Nord-Norge,187305.0,2019.0,113000.0,65.0,476.0,560.0,-9.966666666666669,4.0,0.0,0.0,Long Range,2026-03-03,2026-03-03,Aktiv,Tesla,Model 3
451345677,Tesla Model 3,https://www.finn.no/mobility/item/451345677,Porsgrunn ∙ Antonsen Auto,Porsgrunn,Antonsen Auto,1.0,Vestfold/Telemark,264532.0,2019.0,34000.0,70.0,476.0,560.0,12.0,1.0,0.0,1.0,Long Range,2026-03-03,2026-03-03,Aktiv,Tesla,Model 3
403509606,Tesla Model 3,https://www.finn.no/mobility/item/403509606,Fjell,Fjell,,0.0,Annet,224532.0,2022.0,83000.0,65.0,325.0,491.0,24.666666666666668,1.0,0.0,1.0,Standard Range,2026-03-03,2026-03-03,Aktiv,Tesla,Model 3
451602109,Tesla Model 3,https://www.finn.no/mobility/item/451602109,Kleppe ∙ AVETTI MOTOR AS,Kleppe,AVETTI MOTOR AS,1.0,Rogaland,188000.0,2019.0,134000.0,70.0,476.0,560.0,12.0,1.0,0.0,1.0,Long Range,2026-03-03,2026-03-03,Aktiv,Tesla,Model 3
451333176,Tesla Model 3,https://www.finn.no/mobility/item/451333176,Sogndal ∙ AUTOHUSET SOGN AS,Sogndal,AUTOHUSET SOGN AS,1.0,Annet,249000.0,2019.0,62000.0,70.0,462.0,560.0,12.0,1.0,0.0,0.0,Long Range,2026-03-03,2026-03-03,Aktiv,Tesla,Model 3
451336513,Tesla Model 3,https://www.finn.no/mobility/item/451336513,Sandnes ∙ Forus Bil AS,Sandnes,Forus Bil AS,1.0,Rogaland,179000.0,2019.0,137700.0,70.0,306.0,409.0,12.0,1.0,0.0,1.0,Ukjent,2026-03-03,2026-03-03,Aktiv,Tesla,Model 3
451856111,Tesla Model 3,https://www.finn.no/mobility/item/451856111,Askim ∙ KSL AUTO AS,Askim,KSL AUTO AS,1.0,Østfold,399000.0,2024.0,26000.0,70.0,498.0,629.0,12.0,1.0,0.0,1.0,Long Range,2026-03-03,2026-03-03,Aktiv,Tesla,Model 3
451572020,Tesla Model 3,https://www.finn.no/mobility/item/451572020,Glomfjord,Glomfjord,,0.0,Annet,214532.0,2021.0,94382.0,65.0,325.0,448.0,19.2,1.0,0.0,0.0,Ukjent,2026-03-03,2026-03-03,Aktiv,Tesla,Model 3
451566902,Tesla Model 3,https://www.finn.no/mobility/item/451566902,Kleppestø ∙ Devo Bil AS,Kleppestø,Devo Bil AS,1.0,Vestland,229900.0,2021.0,134962.0,75.0,498.0,580.0,21.666666666666668,1.0,0.0,0.0,Performance,2026-03-03,2026-03-03,Aktiv,Tesla,Model 3
450309088,Tesla Model 3,https://www.finn.no/mobility/item/450309088,Hønefoss ∙ RøhneSelmer AS avd. Hønefoss,Hønefoss,RøhneSelmer AS avd. Hønefoss,1.0,Vestland,309900.0,2023.0,28983.0,60.0,282.0,491.0,12.0,1.0,0.0,1.0,Ukjent,2026-03-03,2026-03-03,Aktiv,Tesla,Model 3
450763498,Tesla Model 3,https://www.finn.no/mobility/item/450763498,Lysaker,Lysaker,,0.0,Annet,190000.0,2019.0,124000.0,65.0,476.0,560.0,18.33333333333333,1.0,0.0,1.0,Long Range,2026-03-03,2026-03-03,Aktiv,Tesla,Model 3
451814948,Tesla Model 3,https://www.finn.no/mobility/item/451814948,Lillehammer ∙ Sulland Bilsenter Lillehammer,Lillehammer,Sulland Bilsenter Lillehammer,1.0,Annet,369500.0,2023.0,64050.0,76.0,497.0,602.0,12.0,1.0,0.0,1.0,Long Range,2026-03-03,2026-03-03,Aktiv,Tesla,Model 3
451813992,Tesla Model 3,https://www.finn.no/mobility/item/451813992,Storsteinnes,Storsteinnes,,0.0,Annet,219532.0,2020.0,119000.0,65.0,346.0,560.0,25.066666666666663,2.0,0.0,0.0,Ukjent,2026-03-03,2026-03-03,Aktiv,Tesla,Model 3
451321045,Tesla Model 3,https://www.finn.no/mobility/item/451321045,Oslo,Oslo,,0.0,Oslo/Akershus,432505.0,2024.0,20520.0,75.0,498.0,629.0,30.7,1.0,0.0,1.0,Long Range,2026-03-03,2026-03-03,Aktiv,Tesla,Model 3
451802402,Tesla Model 3,https://www.finn.no/mobility/item/451802402,Trondheim,Trondheim,,0.0,Trøndelag,244532.0,2022.0,66000.0,65.0,283.0,491.0,3.8333333333333335,1.0,0.0,0.0,Standard Range,2026-03-03,2026-03-03,Aktiv,Tesla,Model 3
451801925,Tesla Model 3,https://www.finn.no/mobility/item/451801925,Kokstad ∙ PM Motor AS,Kokstad,PM Motor AS,1.0,Vestland,235000.0,2021.0,55300.0,65.0,325.0,448.0,16.066666666666666,5.0,0.0,1.0,Standard Range,2026-03-03,2026-03-03,Aktiv,Tesla,Model 3
451795416,Tesla Model 3,https://www.finn.no/mobility/item/451795416,Åkrehamn ∙ Motorhead Auto AS,Åkrehamn,Motorhead Auto AS,1.0,Rogaland,249000.0,2019.0,74600.0,75.0,490.0,530.0,12.0,1.0,0.0,1.0,Performance,2026-03-03,2026-03-03,Aktiv,Tesla,Model 3
380120538,Tesla Model 3,https://www.finn.no/mobility/item/380120538,Ski,Ski,,0.0,Oslo/Akershus,203305.0,2019.0,130500.0,75.0,513.0,530.0,-1.2333333333333334,3.0,0.0,0.0,Ukjent,2026-03-03,2026-03-03,Aktiv,Tesla,Model 3
451313205,Tesla Model 3,https://www.finn.no/mobility/item/451313205,Lørenskog ∙ Car4Sale AS,Lørenskog,Car4Sale AS,1.0,Oslo/Akershus,245000.0,2019.0,63000.0,70.0,489.0,530.0,12.0,1.0,0.0,0.0,Performance,2026-03-03,2026-03-03,Aktiv,Tesla,Model 3
450861452,Tesla Model 3,https://www.finn.no/mobility/item/450861452,Gressvik ∙ Fredrikstad Bil AS,Gressvik,Fredrikstad Bil AS,1.0,Østfold,369900.0,2022.0,23800.0,70.0,498.0,602.0,12.0,1.0,0.0,1.0,Long Range,2026-03-03,2026-03-03,Aktiv,Tesla,Model 3
425245484,Tesla Model 3,https://www.finn.no/mobility/item/425245484,Stavanger,Stavanger,,0.0,Rogaland,229434.0,2021.0,112000.0,65.0,346.0,580.0,9.433333333333334,2.0,0.0,0.0,Long Range,2026-03-03,2026-03-03,Aktiv,Tesla,Model 3
418328028,Tesla Model 3,https://www.finn.no/mobility/item/418328028,Vikeså,Vikeså,,0.0,Annet,235000.0,2021.0,97751.0,65.0,325.0,448.0,18.266666666666666,1.0,0.0,0.0,Ukjent,2026-03-03,2026-03-03,Aktiv,Tesla,Model 3
309545334,Tesla Model 3,https://www.finn.no/mobility/item/309545334,Voss,Voss,,0.0,Vestland,224147.0,2019.0,103000.0,79.0,476.0,567.0,12.633333333333333,4.0,0.0,0.0,Performance,2026-03-03,2026-03-03,Aktiv,Tesla,Model 3
451269530,Tesla Model 3,https://www.finn.no/mobility/item/451269530,Bønes,Bønes,,0.0,Vestland,194532.0,2020.0,67187.0,65.0,306.0,409.0,6.5,1.0,0.0,0.0,Standard Range,2026-03-03,2026-03-03,Aktiv,Tesla,Model 3
450806351,Tesla Model 3,https://www.finn.no/mobility/item/450806351,Algarheim ∙ Pitstop Bilsalg Ny AS,Algarheim,Pitstop Bilsalg Ny AS,1.0,Annet,198982.0,2019.0,89000.0,70.0,462.0,560.0,12.0,1.0,0.0,1.0,Long Range,2026-03-03,2026-03-03,Aktiv,Tesla,Model 3
435807334,Tesla Model 3,https://www.finn.no/mobility/item/435807334,Sjetnemarka,Sjetnemarka,,0.0,Annet,206434.0,2021.0,91086.0,65.0,325.0,448.0,15.666666666666666,1.0,0.0,0.0,Ukjent,2026-03-03,2026-03-03,Aktiv,Tesla,Model 3
450833836,Tesla Model 3,https://www.finn.no/mobility/item/450833836,Fredrikstad ∙ Grandahl Bil AS avd. Fredrikstad,Fredrikstad,Grandahl Bil AS avd. Fredrikstad,1.0,Østfold,225000.0,2020.0,99900.0,70.0,283.0,409.0,12.0,1.0,0.0,0.0,Standard Range,2026-03-03,2026-03-03,Aktiv,Tesla,Model 3
451153242,Tesla Model 3,https://www.finn.no/mobility/item/451153242,Oslo,Oslo,,0.0,Oslo/Akershus,219999.0,2019.0,85126.0,65.0,476.0,560.0,21.633333333333333,2.0,0.0,0.0,Long Range,2026-03-03,2026-03-03,Aktiv,Tesla,Model 3
450804589,Tesla Model 3,https://www.finn.no/mobility/item/450804589,Algarheim ∙ Pitstop Bilsalg Ny AS,Algarheim,Pitstop Bilsalg Ny AS,1.0,Annet,198982.0,2019.0,89000.0,70.0,462.0,560.0,12.0,1.0,0.0,1.0,Long Range,2026-03-03,2026-03-03,Aktiv,Tesla,Model 3
451133928,Tesla Model 3,https://www.finn.no/mobility/item/451133928,Gjerdrum ∙ AUTOVIVA AS,Gjerdrum,AUTOVIVA AS,1.0,Annet,379900.0,2023.0,23800.0,70.0,498.0,602.0,12.0,1.0,0.0,1.0,Long Range,2026-03-03,2026-03-03,Aktiv,Tesla,Model 3
451128817,Tesla Model 3,https://www.finn.no/mobility/item/451128817,Hamar,Hamar,,0.0,Annet,269532.0,2021.0,95000.0,65.0,450.0,530.0,9.666666666666666,3.0,0.0,0.0,Performance,2026-03-03,2026-03-03,Aktiv,Tesla,Model 3
451073432,Tesla Model 3,https://www.finn.no/mobility/item/451073432,Fornebu ∙ Future Cars AS,Fornebu,Future Cars AS,1.0,Annet,299900.0,2022.0,76808.0,75.0,498.0,602.0,12.0,1.0,0.0,1.0,Long Range,2026-03-03,2026-03-03,Aktiv,Tesla,Model 3
450795566,Tesla Model 3,https://www.finn.no/mobility/item/450795566,Algarheim ∙ Pitstop Bilsalg Ny AS,Algarheim,Pitstop Bilsalg Ny AS,1.0,Annet,198982.0,2019.0,91000.0,70.0,476.0,560.0,12.0,1.0,0.0,1.0,Long Range,2026-03-03,2026-03-03,Aktiv,Tesla,Model 3
445512812,Tesla Model 3,https://www.finn.no/mobility/item/445512812,Oslo,Oslo,,0.0,Oslo/Akershus,456505.0,2026.0,2700.0,75.0,498.0,660.0,45.5,1.0,0.0,1.0,Ukjent,2026-03-03,2026-03-03,Aktiv,Tesla,Model 3
450770320,Tesla Model 3,https://www.finn.no/mobility/item/450770320,Tynset ∙ A L Auto AS,Tynset,A L Auto AS,1.0,Annet,199900.0,2019.0,88200.0,70.0,462.0,530.0,12.0,1.0,0.0,0.0,Long Range,2026-03-03,2026-03-03,Aktiv,Tesla,Model 3
451064916,Tesla Model 3,https://www.finn.no/mobility/item/451064916,Tolvsrød,Tolvsrød,,0.0,Vestfold/Telemark,274532.0,2021.0,57000.0,70.0,498.0,614.0,19.03333333333333,1.0,0.0,1.0,Ukjent,2026-03-03,2026-03-03,Aktiv,Tesla,Model 3
451053233,Tesla Model 3,https://www.finn.no/mobility/item/451053233,Oslo ∙ M.K AUTO AS,Oslo,M.K AUTO AS,1.0,Oslo/Akershus,239532.0,2021.0,100000.0,70.0,498.0,614.0,12.0,1.0,0.0,1.0,Long Range,2026-03-03,2026-03-03,Aktiv,Tesla,Model 3
450755116,Tesla Model 3,https://www.finn.no/mobility/item/450755116,Oslo,Oslo,,0.0,Oslo/Akershus,259000.0,2021.0,80000.0,65.0,346.0,560.0,10.366666666666667,2.0,0.0,0.0,Long Range,2026-03-03,2026-03-03,Aktiv,Tesla,Model 3
446202653,Tesla Model 3,https://www.finn.no/mobility/item/446202653,Oslo,Oslo,,0.0,Oslo/Akershus,417505.0,2024.0,16500.0,75.0,498.0,629.0,27.766666666666666,1.0,0.0,0.0,Long Range,2026-03-03,2026-03-03,Aktiv,Tesla,Model 3
450756875,Tesla Model 3,https://www.finn.no/mobility/item/450756875,Hønefoss ∙ Strømmen Bilformidling AS,Hønefoss,Strømmen Bilformidling AS,1.0,Vestland,359000.0,2022.0,49000.0,70.0,479.5,547.0,12.0,1.0,0.0,1.0,Performance,2026-03-03,2026-03-03,Aktiv,Tesla,Model 3
450750445,Tesla Model 3,https://www.finn.no/mobility/item/450750445,Arendal ∙ BILAGENT AS,Arendal,BILAGENT AS,1.0,Sørlandet,259900.0,2020.0,112000.0,70.0,513.0,530.0,12.0,1.0,0.0,0.0,Performance,2026-03-03,2026-03-03,Aktiv,Tesla,Model 3
450994627,Tesla Model 3,https://www.finn.no/mobility/item/450994627,Trondheim,Trondheim,,0.0,Trøndelag,144532.0,2020.0,224800.0,70.0,491.0,560.0,18.73333333333333,1.0,0.0,0.0,Long Range,2026-03-03,2026-03-03,Aktiv,Tesla,Model 3
450743931,Tesla Model 3,https://www.finn.no/mobility/item/450743931,Stavanger ∙ Auksjonen.No AS,Stavanger,Auksjonen.No AS,1.0,Rogaland,181434.0,2019.0,88100.0,70.0,306.0,560.0,12.0,1.0,0.0,0.0,Long Range,2026-03-03,2026-03-03,Aktiv,Tesla,Model 3
264206183,Tesla Model 3,https://www.finn.no/mobility/item/264206183,Haslum,Haslum,,0.0,Annet,259532.0,2021.0,41500.0,65.0,325.0,448.0,12.0,1.0,0.0,1.0,Ukjent,2026-03-03,2026-03-03,Aktiv,Tesla,Model 3
450734642,Tesla Model 3,https://www.finn.no/mobility/item/450734642,Trondheim ∙ BILGALLERIET AS,Trondheim,BILGALLERIET AS,1.0,Trøndelag,269990.0,2023.0,53500.0,70.0,283.0,491.0,12.0,1.0,0.0,1.0,Ukjent,2026-03-03,2026-03-03,Aktiv,Tesla,Model 3
450935096,Tesla Model 3,https://www.finn.no/mobility/item/450935096,Sortland ∙ Rebil Salgshjelp,Sortland,Rebil Salgshjelp,1.0,Annet,406505.0,2024.0,21000.0,70.0,498.0,629.0,12.0,1.0,0.0,1.0,Long Range,2026-03-03,2026-03-03,Aktiv,Tesla,Model 3
450944923,Tesla Model 3,https://www.finn.no/mobility/item/450944923,Moss ∙ Exotic Motors,Moss,Exotic Motors,1.0,Østfold,355000.0,2023.0,66000.0,75.0,498.0,602.0,12.0,1.0,0.0,1.0,Long Range,2026-03-03,2026-03-03,Aktiv,Tesla,Model 3
450926514,Tesla Model 3,https://www.finn.no/mobility/item/450926514,Råholt ∙ OSLO BIL AUTO AVD RÅHOLT,Råholt,OSLO BIL AUTO AVD RÅHOLT,1.0,Annet,199800.0,2019.0,108332.0,70.0,491.0,560.0,12.0,1.0,0.0,0.0,Long Range,2026-03-03,2026-03-03,Aktiv,Tesla,Model 3
450734587,Tesla Model 3,https://www.finn.no/mobility/item/450734587,Avaldsnes ∙ UTVIK AUTOSALG AS,Avaldsnes,UTVIK AUTOSALG AS,1.0,Rogaland,255000.0,2019.0,86508.0,75.0,513.0,530.0,12.0,2.0,0.0,1.0,Performance,2026-03-03,2026-03-03,Aktiv,Tesla,Model 3
450733305,Tesla Model 3,https://www.finn.no/mobility/item/450733305,Straume ∙ Tesla Motors Norway AS,Straume,Tesla Motors Norway AS,1.0,Vestland,205500.0,2020.0,52320.0,50.0,362.0,333.0,24.33333333333333,1.0,0.0,0.0,Ukjent,2026-03-03,2026-03-03,Aktiv,Tesla,Model 3
450939061,Tesla Model 3,https://www.finn.no/mobility/item/450939061,Tiller ∙ BimmerSalg,Tiller,BimmerSalg,1.0,Annet,259000.0,2021.0,87000.0,70.0,498.0,580.0,12.0,1.0,0.0,1.0,Ukjent,2026-03-03,2026-03-03,Aktiv,Tesla,Model 3
450718935,Tesla Model 3,https://www.finn.no/mobility/item/450718935,Trollåsen ∙ Follo Bil & Deler AS,Trollåsen,Follo Bil & Deler AS,1.0,Annet,335000.0,2023.0,48600.0,70.0,498.0,602.0,10.033333333333331,1.0,0.0,0.0,Long Range,2026-03-03,2026-03-03,Aktiv,Tesla,Model 3
450918934,Tesla Model 3,https://www.finn.no/mobility/item/450918934,Skien,Skien,,0.0,Vestfold/Telemark,264531.0,2022.0,65000.0,65.0,283.0,491.0,6.3,2.0,0.0,1.0,Standard Range,2026-03-03,2026-03-03,Aktiv,Tesla,Model 3
450721561,Tesla Model 3,https://www.finn.no/mobility/item/450721561,Straume ∙ Tesla Motors Norway AS,Straume,Tesla Motors Norway AS,1.0,Vestland,272300.0,2020.0,42037.0,65.0,346.0,560.0,6.266666666666667,1.0,0.0,0.0,Ukjent,2026-03-03,2026-03-03,Aktiv,Tesla,Model 3
450715986,Tesla Model 3,https://www.finn.no/mobility/item/450715986,Straume ∙ Tesla Motors Norway AS,Straume,Tesla Motors Norway AS,1.0,Vestland,263500.0,2020.0,72818.0,74.0,450.0,530.0,23.133333333333333,2.0,0.0,0.0,Ukjent,2026-03-03,2026-03-03,Aktiv,Tesla,Model 3
449618867,Tesla Model 3,https://www.finn.no/mobility/item/449618867,Kristiansand S,Kristiansand S,,0.0,Sørlandet,194532.0,2019.0,121500.0,65.0,476.0,560.0,15.8,3.0,0.0,0.0,Ukjent,2026-03-03,2026-03-03,Aktiv,Tesla,Model 3
450914328,Tesla Model 3,https://www.finn.no/mobility/item/450914328,Sarpsborg ∙ Gretland Bil AS,Sarpsborg,Gretland Bil AS,1.0,Østfold,205000.0,2020.0,68500.0,70.0,283.0,409.0,12.0,1.0,0.0,1.0,Standard Range,2026-03-03,2026-03-03,Aktiv,Tesla,Model 3
450690665,Tesla Model 3,https://www.finn.no/mobility/item/450690665,Kløfta ∙ Romerike Autohus AS,Kløfta,Romerike Autohus AS,1.0,Annet,238000.0,2020.0,76000.0,70.0,498.0,560.0,12.0,1.0,0.0,0.0,Long Range,2026-03-03,2026-03-03,Aktiv,Tesla,Model 3
444786335,Tesla Model 3,https://www.finn.no/mobility/item/444786335,Oslo,Oslo,,0.0,Oslo/Akershus,179532.0,2019.0,138000.0,65.0,476.0,560.0,16.166666666666668,4.0,0.0,0.0,Long Range,2026-03-03,2026-03-03,Aktiv,Tesla,Model 3
450648850,Tesla Model 3,https://www.finn.no/mobility/item/450648850,Kautokeino,Kautokeino,,0.0,Annet,349000.0,2021.0,85221.0,76.0,522.0,567.0,18.433333333333334,2.0,0.0,0.0,Performance,2026-03-03,2026-03-03,Aktiv,Tesla,Model 3
450871062,Tesla Model 3,https://www.finn.no/mobility/item/450871062,Sarpsborg ∙ Gretland Bil AS,Sarpsborg,Gretland Bil AS,1.0,Østfold,374000.0,2024.0,76200.0,70.0,498.0,629.0,12.0,1.0,0.0,1.0,Long Range,2026-03-03,2026-03-03,Aktiv,Tesla,Model 3
450672230,Tesla Model 3,https://www.finn.no/mobility/item/450672230,Porsgrunn ∙ ELDORSEN AUTO AS,Porsgrunn,ELDORSEN AUTO AS,1.0,Vestfold/Telemark,199900.0,2019.0,110000.0,70.0,490.0,530.0,12.0,1.0,0.0,0.0,Performance,2026-03-03,2026-03-03,Aktiv,Tesla,Model 3
450867841,Tesla Model 3,https://www.finn.no/mobility/item/450867841,Oslo ∙ FHM AUTOSPORT AS,Oslo,FHM AUTOSPORT AS,1.0,Oslo/Akershus,259000.0,2020.0,99500.0,70.0,498.0,580.0,12.0,1.0,0.0,0.0,Long Range,2026-03-03,2026-03-03,Aktiv,Tesla,Model 3
450668186,Tesla Model 3,https://www.finn.no/mobility/item/450668186,Haugesund,Haugesund,,0.0,Rogaland,234532.0,2021.0,49000.0,65.0,325.0,448.0,20.83333333333333,2.0,0.0,1.0,Standard Range,2026-03-03,2026-03-03,Aktiv,Tesla,Model 3
450660819,Tesla Model 3,https://www.finn.no/mobility/item/450660819,Sandsli,Sandsli,,0.0,Annet,349505.0,2024.0,15750.0,58.0,283.0,513.0,28.1,1.0,0.0,1.0,Ukjent,2026-03-03,2026-03-03,Aktiv,Tesla,Model 3
450599255,Tesla Model 3,https://www.finn.no/mobility/item/450599255,Sandnes ∙ ELBILHALLEN AS,Sandnes,ELBILHALLEN AS,1.0,Rogaland,249000.0,2020.0,81650.0,75.0,498.0,560.0,12.0,1.0,0.0,1.0,Long Range,2026-03-03,2026-03-03,Aktiv,Tesla,Model 3
450589122,Tesla Model 3,https://www.finn.no/mobility/item/450589122,Sandvika ∙ Car4Sale AS,Sandvika,Car4Sale AS,1.0,Annet,285000.0,2021.0,54000.0,75.0,498.0,614.0,12.0,1.0,0.0,1.0,Long Range,2026-03-03,2026-03-03,Aktiv,Tesla,Model 3
450576265,Tesla Model 3,https://www.finn.no/mobility/item/450576265,Sandnes ∙ SANDESTEEN BIL AS,Sandnes,SANDESTEEN BIL AS,1.0,Rogaland,258000.0,2021.0,19890.0,70.0,325.0,448.0,12.0,1.0,0.0,1.0,Ukjent,2026-03-03,2026-03-03,Aktiv,Tesla,Model 3
450570039,Tesla Model 3,https://www.finn.no/mobility/item/450570039,Sofiemyr ∙ Bilzentrum AS,Sofiemyr,Bilzentrum AS,1.0,Annet,184532.0,2019.0,142000.0,65.0,476.0,560.0,12.0,1.0,0.0,1.0,Long Range,2026-03-03,2026-03-03,Aktiv,Tesla,Model 3
450250106,Tesla Model 3,https://www.finn.no/mobility/item/450250106,Sandefjord ∙ Easy Bruktbil,Sandefjord,Easy Bruktbil,1.0,Vestfold/Telemark,139900.0,2019.0,159400.0,55.0,258.0,381.0,12.0,1.0,0.0,1.0,Ukjent,2026-03-03,2026-03-03,Aktiv,Tesla,Model 3
449776018,Tesla Model 3,https://www.finn.no/mobility/item/449776018,Blomsterdalen ∙ Bergen Bilformidling AS,Blomsterdalen,Bergen Bilformidling AS,1.0,Vestland,189000.0,2019.0,132500.0,70.0,483.0,530.0,12.0,1.0,0.0,1.0,Performance,2026-03-03,2026-03-03,Aktiv,Tesla,Model 3
447725358,Tesla Model 3,https://www.finn.no/mobility/item/447725358,Oslo,Oslo,,0.0,Oslo/Akershus,342505.0,2024.0,44478.0,58.0,283.0,513.0,30.7,1.0,0.0,1.0,Ukjent,2026-03-03,2026-03-03,Aktiv,Tesla,Model 3
450513989,Tesla Model 3,https://www.finn.no/mobility/item/450513989,Oslo,Oslo,,0.0,Oslo/Akershus,264532.0,2021.0,96337.0,70.0,498.0,614.0,21.53333333333333,1.0,0.0,1.0,Long Range,2026-03-03,2026-03-03,Aktiv,Tesla,Model 3
408702692,Tesla Model 3,https://www.finn.no/mobility/item/408702692,Haugesund,Haugesund,,0.0,Rogaland,174434.0,2020.0,174000.0,65.0,460.0,530.0,7.466666666666667,2.0,0.0,0.0,Performance,2026-03-03,2026-03-03,Aktiv,Tesla,Model 3
449733611,Tesla Model 3,https://www.finn.no/mobility/item/449733611,Fjellhamar,Fjellhamar,,0.0,Annet,264532.0,2020.0,105322.0,75.0,498.0,580.0,4.2,2.0,0.0,0.0,Long Range,2026-03-03,2026-03-03,Aktiv,Tesla,Model 3
450189357,Tesla Model 3,https://www.finn.no/mobility/item/450189357,Tromsø,Tromsø,,0.0,Nord-Norge,319532.0,2021.0,98800.0,70.0,498.0,614.0,21.866666666666667,1.0,0.0,1.0,Ukjent,2026-03-03,2026-03-03,Aktiv,Tesla,Model 3
449654233,Tesla Model 3,https://www.finn.no/mobility/item/449654233,Haugesund,Haugesund,,0.0,Rogaland,224532.0,2021.0,125205.0,75.0,465.0,580.0,10.566666666666666,1.0,0.0,1.0,Long Range,2026-03-03,2026-03-03,Aktiv,Tesla,Model 3
449617986,Tesla Model 3,https://www.finn.no/mobility/item/449617986,Ålesund ∙ Car4Sale AS,Ålesund,Car4Sale AS,1.0,Annet,399000.0,2024.0,26000.0,70.0,498.0,629.0,12.0,1.0,0.0,1.0,Long Range,2026-03-03,2026-03-03,Aktiv,Tesla,Model 3
450197883,Tesla Model 3,https://www.finn.no/mobility/item/450197883,Vennesla,Vennesla,,0.0,Annet,224900.0,2021.0,80300.0,65.0,325.0,448.0,20.3,3.0,0.0,1.0,Ukjent,2026-03-03,2026-03-03,Aktiv,Tesla,Model 3
450490878,Tesla Model 3,https://www.finn.no/mobility/item/450490878,Førde,Førde,,0.0,Vestland,459905.0,2026.0,2018.0,75.0,498.0,660.0,45.23333333333333,1.0,0.0,1.0,Long Range,2026-03-03,2026-03-03,Aktiv,Tesla,Model 3
450521810,Tesla Model 3,https://www.finn.no/mobility/item/450521810,Jessheim ∙ Jessheim Bilsenter,Jessheim,Jessheim Bilsenter,1.0,Oslo/Akershus,218982.0,2019.0,65000.0,70.0,462.0,560.0,12.0,1.0,0.0,1.0,Long Range,2026-03-03,2026-03-03,Aktiv,Tesla,Model 3
449574127,Tesla Model 3,https://www.finn.no/mobility/item/449574127,Auli,Auli,,0.0,Annet,459505.0,2024.0,27000.0,75.0,627.0,528.0,28.0,2.0,0.0,1.0,Performance,2026-03-03,2026-03-03,Aktiv,Tesla,Model 3
449272160,Tesla Model 3,https://www.finn.no/mobility/item/449272160,Oslo ∙ Kalbakken Bil AS,Oslo,Kalbakken Bil AS,1.0,Oslo/Akershus,297600.0,2022.0,62700.0,70.0,498.0,602.0,12.0,1.0,0.0,1.0,Long Range,2026-03-03,2026-03-03,Aktiv,Tesla,Model 3
449561901,Tesla Model 3,https://www.finn.no/mobility/item/449561901,Ridabu ∙ AUTO BRAVIA AS,Ridabu,AUTO BRAVIA AS,1.0,Annet,289990.0,2021.0,58000.0,75.0,498.0,614.0,12.0,1.0,0.0,1.0,Long Range,2026-03-03,2026-03-03,Aktiv,Tesla,Model 3
450486718,Tesla Model 3,https://www.finn.no/mobility/item/450486718,Fredrikstad ∙ Bare Bil AS,Fredrikstad,Bare Bil AS,1.0,Østfold,209900.0,2021.0,91800.0,70.0,325.0,448.0,12.0,1.0,0.0,1.0,Ukjent,2026-03-03,2026-03-03,Aktiv,Tesla,Model 3
450481166,Tesla Model 3,https://www.finn.no/mobility/item/450481166,Kristiansand S,Kristiansand S,,0.0,Sørlandet,229532.0,2021.0,46991.0,65.0,325.0,448.0,19.9,3.0,0.0,1.0,Standard Range,2026-03-03,2026-03-03,Aktiv,Tesla,Model 3
450168735,Tesla Model 3,https://www.finn.no/mobility/item/450168735,Algarheim ∙ Pitstop Bilsalg Ny AS,Algarheim,Pitstop Bilsalg Ny AS,1.0,Annet,198982.0,2019.0,96000.0,70.0,462.0,560.0,12.0,1.0,0.0,1.0,Long Range,2026-03-03,2026-03-03,Aktiv,Tesla,Model 3
450096568,Tesla Model 3,https://www.finn.no/mobility/item/450096568,Erfjord,Erfjord,,0.0,Annet,224532.0,2020.0,104000.0,65.0,476.0,560.0,22.1,3.0,0.0,0.0,Ukjent,2026-03-03,2026-03-03,Aktiv,Tesla,Model 3
427660986,Tesla Model 3,https://www.finn.no/mobility/item/427660986,Stokmarknes,Stokmarknes,,0.0,Annet,304532.0,2022.0,59600.0,70.0,498.0,602.0,6.466666666666667,1.0,0.0,1.0,Long Range,2026-03-03,2026-03-03,Aktiv,Tesla,Model 3
450477845,Tesla Model 3,https://www.finn.no/mobility/item/450477845,Kløfta ∙ Rebil,Kløfta,Rebil,1.0,Annet,228900.0,2021.0,122100.0,75.0,462.0,580.0,12.0,1.0,0.0,1.0,Long Range,2026-03-03,2026-03-03,Aktiv,Tesla,Model 3
450151710,Tesla Model 3,https://www.finn.no/mobility/item/450151710,Kristiansund N,Kristiansund N,,0.0,Annet,294532.0,2021.0,57581.0,70.0,498.0,614.0,12.766666666666667,1.0,0.0,1.0,Ukjent,2026-03-03,2026-03-03,Aktiv,Tesla,Model 3
449531283,Tesla Model 3,https://www.finn.no/mobility/item/449531283,Holmestrand,Holmestrand,,0.0,Vestfold/Telemark,209532.0,2019.0,98660.0,65.0,476.0,560.0,19.2,2.0,0.0,0.0,Ukjent,2026-03-03,2026-03-03,Aktiv,Tesla,Model 3
450464923,Tesla Model 3,https://www.finn.no/mobility/item/450464923,Rolvsøy ∙ Hvaler Bruktbil AS,Rolvsøy,Hvaler Bruktbil AS,1.0,Østfold,169900.0,2019.0,161000.0,70.0,462.0,560.0,12.0,1.0,0.0,1.0,Ukjent,2026-03-03,2026-03-03,Aktiv,Tesla,Model 3
435479286,Tesla Model 3,https://www.finn.no/mobility/item/435479286,Gol,Gol,,0.0,Annet,269434.0,2021.0,93884.0,70.0,498.0,580.0,11.933333333333334,2.0,0.0,1.0,Long Range,2026-03-03,2026-03-03,Aktiv,Tesla,Model 3
322367315,Tesla Model 3,https://www.finn.no/mobility/item/322367315,Oslo,Oslo,,0.0,Oslo/Akershus,236868.0,2021.0,130000.0,76.0,513.0,567.0,12.0,1.0,0.0,0.0,Performance,2026-03-03,2026-03-03,Aktiv,Tesla,Model 3
449532533,Tesla Model 3,https://www.finn.no/mobility/item/449532533,Stokke ∙ BILTORGET FLEET AS,Stokke,BILTORGET FLEET AS,1.0,Vestfold/Telemark,179900.0,2019.0,91000.0,70.0,306.0,560.0,12.0,1.0,0.0,1.0,Standard Range,2026-03-03,2026-03-03,Aktiv,Tesla,Model 3
449519939,Tesla Model 3,https://www.finn.no/mobility/item/449519939,Verdal,Verdal,,0.0,Annet,230000.0,2021.0,67500.0,65.0,325.0,448.0,15.566666666666666,1.0,0.0,1.0,Standard Range,2026-03-03,2026-03-03,Aktiv,Tesla,Model 3
438664731,Tesla Model 3,https://www.finn.no/mobility/item/438664731,Bergen,Bergen,,0.0,Vestland,239434.0,2021.0,52000.0,65.0,283.0,448.0,13.1,1.0,0.0,1.0,Ukjent,2026-03-03,2026-03-03,Aktiv,Tesla,Model 3
450447691,Tesla Model 3,https://www.finn.no/mobility/item/450447691,Gimse ∙ Rebil Salgshjelp,Gimse,Rebil Salgshjelp,1.0,Annet,190000.0,2019.0,61282.0,53.0,261.0,409.0,12.0,1.0,0.0,1.0,Standard Range,2026-03-03,2026-03-03,Aktiv,Tesla,Model 3
450024125,Tesla Model 3,https://www.finn.no/mobility/item/450024125,Arendal ∙ BILAGENT AS,Arendal,BILAGENT AS,1.0,Sørlandet,244900.0,2021.0,101000.0,70.0,325.0,448.0,12.0,1.0,0.0,0.0,Standard Range,2026-03-03,2026-03-03,Aktiv,Tesla,Model 3
450448201,Tesla Model 3,https://www.finn.no/mobility/item/450448201,Blomsterdalen ∙ Bergen Bilcenter AS,Blomsterdalen,Bergen Bilcenter AS,1.0,Vestland,359000.0,2023.0,45000.0,70.0,498.0,602.0,12.0,1.0,0.0,1.0,Long Range,2026-03-03,2026-03-03,Aktiv,Tesla,Model 3
449512049,Tesla Model 3,https://www.finn.no/mobility/item/449512049,Figgjo ∙ Autosenter Sandnes AS,Figgjo,Autosenter Sandnes AS,1.0,Rogaland,239000.0,2021.0,77700.0,70.0,325.0,448.0,12.0,1.0,0.0,1.0,Standard Range,2026-03-03,2026-03-03,Aktiv,Tesla,Model 3
420432490,Tesla Model 3,https://www.finn.no/mobility/item/420432490,Sortland,Sortland,,0.0,Annet,406505.0,2024.0,21000.0,75.0,498.0,629.0,32.53333333333333,1.0,0.0,1.0,Long Range,2026-03-03,2026-03-03,Aktiv,Tesla,Model 3
449477881,Tesla Model 3,https://www.finn.no/mobility/item/449477881,Fredrikstad ∙ Dahles Auto Råbekken,Fredrikstad,Dahles Auto Råbekken,1.0,Østfold,399000.0,2024.0,34000.0,70.0,498.0,629.0,12.0,1.0,0.0,1.0,Ukjent,2026-03-03,2026-03-03,Aktiv,Tesla,Model 3
450437099,Tesla Model 3,https://www.finn.no/mobility/item/450437099,Vøyenenga ∙ Naka Autosport AS,Vøyenenga,Naka Autosport AS,1.0,Annet,319000.0,2021.0,37447.0,70.0,498.0,580.0,12.0,1.0,0.0,0.0,Long Range,2026-03-03,2026-03-03,Aktiv,Tesla,Model 3
450430831,Tesla Model 3,https://www.finn.no/mobility/item/450430831,Tromsø,Tromsø,,0.0,Nord-Norge,229532.0,2019.0,36471.0,65.0,515.0,530.0,22.33333333333333,2.0,0.0,0.0,Ukjent,2026-03-03,2026-03-03,Aktiv,Tesla,Model 3
448127663,Tesla Model 3,https://www.finn.no/mobility/item/448127663,Lierskogen,Lierskogen,,0.0,Annet,239532.0,2019.0,81507.0,70.0,476.0,560.0,13.833333333333334,1.0,0.0,0.0,Long Range,2026-03-03,2026-03-03,Aktiv,Tesla,Model 3
450428285,Tesla Model 3,https://www.finn.no/mobility/item/450428285,Trondheim ∙ RSR AS,Trondheim,RSR AS,1.0,Trøndelag,319000.0,2022.0,77850.0,76.0,513.0,547.0,6.166666666666667,1.0,0.0,1.0,Performance,2026-03-03,2026-03-03,Aktiv,Tesla,Model 3
449918422,Tesla Model 3,https://www.finn.no/mobility/item/449918422,Frekhaug ∙ Autosalg Vest AS,Frekhaug,Autosalg Vest AS,1.0,Annet,419900.0,2024.0,18700.0,70.0,498.0,629.0,12.0,1.0,0.0,1.0,Long Range,2026-03-03,2026-03-03,Aktiv,Tesla,Model 3
449908425,Tesla Model 3,https://www.finn.no/mobility/item/449908425,Fetsund ∙ Nitteberg Bil AS,Fetsund,Nitteberg Bil AS,1.0,Annet,299000.0,2022.0,89900.0,70.0,498.0,602.0,12.0,1.0,0.0,1.0,Ukjent,2026-03-03,2026-03-03,Aktiv,Tesla,Model 3
444240514,Tesla Model 3,https://www.finn.no/mobility/item/444240514,Bø i Telemark,Bø i Telemark,,0.0,Vestfold/Telemark,369505.0,2023.0,60500.0,76.0,535.0,547.0,16.033333333333335,1.0,0.0,1.0,Performance,2026-03-03,2026-03-03,Aktiv,Tesla,Model 3
450426477,Tesla Model 3,https://www.finn.no/mobility/item/450426477,Ridabu ∙ AUTO BRAVIA AS,Ridabu,AUTO BRAVIA AS,1.0,Annet,349990.0,2023.0,49500.0,75.0,498.0,614.0,12.0,1.0,0.0,1.0,Long Range,2026-03-03,2026-03-03,Aktiv,Tesla,Model 3
449027370,Tesla Model 3,https://www.finn.no/mobility/item/449027370,Nesttun,Nesttun,,0.0,Vestland,480000.0,2024.0,23000.0,75.0,627.0,528.0,31.0,2.0,0.0,1.0,Performance,2026-03-03,2026-03-03,Aktiv,Tesla,Model 3
449856091,Tesla Model 3,https://www.finn.no/mobility/item/449856091,Stokke ∙ Tintline Autocenter AS,Stokke,Tintline Autocenter AS,1.0,Vestfold/Telemark,249000.0,2019.0,53286.0,70.0,462.0,560.0,12.0,1.0,0.0,1.0,Long Range,2026-03-03,2026-03-03,Aktiv,Tesla,Model 3
450425046,Tesla Model 3,https://www.finn.no/mobility/item/450425046,Ridabu ∙ AUTO BRAVIA AS,Ridabu,AUTO BRAVIA AS,1.0,Annet,289990.0,2022.0,99500.0,75.0,498.0,602.0,12.0,1.0,0.0,1.0,Long Range,2026-03-03,2026-03-03,Aktiv,Tesla,Model 3
445964872,Tesla Model 3,https://www.finn.no/mobility/item/445964872,Porsgrunn,Porsgrunn,,0.0,Vestfold/Telemark,294532.0,2022.0,59500.0,70.0,286.0,491.0,6.033333333333333,1.0,0.0,1.0,Standard Range,2026-03-03,2026-03-03,Aktiv,Tesla,Model 3
450333053,Tesla Model 3,https://www.finn.no/mobility/item/450333053,Ulset,Ulset,,0.0,Vestland,220000.0,2021.0,74800.0,65.0,325.0,448.0,15.8,1.0,0.0,1.0,Ukjent,2026-03-03,2026-03-03,Aktiv,Tesla,Model 3
449848193,Tesla Model 3,https://www.finn.no/mobility/item/449848193,Porsgrunn,Porsgrunn,,0.0,Vestfold/Telemark,347505.0,2024.0,17781.0,58.0,283.0,513.0,27.933333333333334,1.0,0.0,1.0,Ukjent,2026-03-03,2026-03-03,Aktiv,Tesla,Model 3
450313241,Tesla Model 3,https://www.finn.no/mobility/item/450313241,Kleppe ∙ Kyvik Auto AS,Kleppe,Kyvik Auto AS,1.0,Rogaland,419000.0,2026.0,4600.0,70.0,320.0,750.0,12.0,1.0,0.0,1.0,Ukjent,2026-03-03,2026-03-03,Aktiv,Tesla,Model 3
449385630,Tesla Model 3,https://www.finn.no/mobility/item/449385630,Rådal ∙ Car4Sale AS,Rådal,Car4Sale AS,1.0,Vestland,214900.0,2021.0,77500.0,65.0,325.0,448.0,12.0,1.0,0.0,1.0,Standard Range,2026-03-03,2026-03-03,Aktiv,Tesla,Model 3
449425866,Tesla Model 3,https://www.finn.no/mobility/item/449425866,Gran,Gran,,0.0,Annet,259532.0,2021.0,101525.0,70.0,498.0,614.0,21.433333333333334,3.0,0.0,0.0,Ukjent,2026-03-03,2026-03-03,Aktiv,Tesla,Model 3
449836207,Tesla Model 3,https://www.finn.no/mobility/item/449836207,Kleppe ∙ Kyvik Auto AS,Kleppe,Kyvik Auto AS,1.0,Rogaland,189000.0,2019.0,130000.0,70.0,462.0,560.0,12.0,1.0,0.0,0.0,Ukjent,2026-03-03,2026-03-03,Aktiv,Tesla,Model 3
449843979,Tesla Model 3,https://www.finn.no/mobility/item/449843979,Porsgrunn ∙ Dahl / Finne Auto AS,Porsgrunn,Dahl / Finne Auto AS,1.0,Vestfold/Telemark,419900.0,2024.0,20000.0,70.0,498.0,629.0,12.0,1.0,0.0,1.0,Ukjent,2026-03-03,2026-03-03,Aktiv,Tesla,Model 3
449220309,Tesla Model 3,https://www.finn.no/mobility/item/449220309,Stavanger,Stavanger,,0.0,Rogaland,245000.0,2021.0,108500.0,76.0,513.0,567.0,15.2,3.0,0.0,0.0,Performance,2026-03-03,2026-03-03,Aktiv,Tesla,Model 3
449745885,Tesla Model 3,https://www.finn.no/mobility/item/449745885,Stavanger ∙ AASTRAND AUTO AS,Stavanger,AASTRAND AUTO AS,1.0,Rogaland,259000.0,2021.0,74700.0,75.0,498.0,580.0,9.066666666666666,1.0,0.0,1.0,Long Range,2026-03-03,2026-03-03,Aktiv,Tesla,Model 3
449381909,Tesla Model 3,https://www.finn.no/mobility/item/449381909,Sandnes ∙ AUTOLAND ROGALAND AS,Sandnes,AUTOLAND ROGALAND AS,1.0,Rogaland,239000.0,2020.0,78000.0,70.0,491.0,560.0,12.0,1.0,0.0,1.0,Standard Range,2026-03-03,2026-03-03,Aktiv,Tesla,Model 3
449321029,Tesla Model 3,https://www.finn.no/mobility/item/449321029,Fyllingsdalen ∙ AutoSwap AS,Fyllingsdalen,AutoSwap AS,1.0,Vestland,239800.0,2021.0,139800.0,70.0,498.0,580.0,12.0,1.0,0.0,1.0,Long Range,2026-03-03,2026-03-03,Aktiv,Tesla,Model 3
449812266,Tesla Model 3,https://www.finn.no/mobility/item/449812266,Ås ∙ FHM AUTOSPORT AS,Ås,FHM AUTOSPORT AS,1.0,Annet,219000.0,2021.0,126500.0,70.0,498.0,614.0,12.0,1.0,0.0,1.0,Long Range,2026-03-03,2026-03-03,Aktiv,Tesla,Model 3
450261348,Tesla Model 3,https://www.finn.no/mobility/item/450261348,Hokksund ∙ NICK AUTO AS,Hokksund,NICK AUTO AS,1.0,Annet,389000.0,2024.0,58000.0,70.0,498.0,629.0,12.0,1.0,0.0,1.0,Ukjent,2026-03-03,2026-03-03,Aktiv,Tesla,Model 3
448923635,Tesla Model 3,https://www.finn.no/mobility/item/448923635,Høvik,Høvik,,0.0,Annet,314532.0,2022.0,46075.0,70.0,498.0,602.0,5.933333333333334,1.0,0.0,1.0,Long Range,2026-03-03,2026-03-03,Aktiv,Tesla,Model 3
449376298,Tesla Model 3,https://www.finn.no/mobility/item/449376298,Kløfta ∙ Rebil,Kløfta,Rebil,1.0,Annet,244900.0,2020.0,69750.0,75.0,490.0,530.0,12.0,2.0,0.0,0.0,Performance,2026-03-03,2026-03-03,Aktiv,Tesla,Model 3
449368022,Tesla Model 3,https://www.finn.no/mobility/item/449368022,Sandefjord ∙ Auksjonen.No AS,Sandefjord,Auksjonen.No AS,1.0,Vestfold/Telemark,104532.0,2020.0,230115.0,70.0,346.0,560.0,12.0,1.0,0.0,0.0,Ukjent,2026-03-03,2026-03-03,Aktiv,Tesla,Model 3
449810610,Tesla Model 3,https://www.finn.no/mobility/item/449810610,Oslo ∙ Car4Sale AS,Oslo,Car4Sale AS,1.0,Oslo/Akershus,279900.0,2021.0,71500.0,75.0,498.0,614.0,12.0,1.0,0.0,1.0,Long Range,2026-03-03,2026-03-03,Aktiv,Tesla,Model 3
449308681,Tesla Model 3,https://www.finn.no/mobility/item/449308681,Ulset ∙ Car4Sale AS,Ulset,Car4Sale AS,1.0,Vestland,334900.0,2024.0,35000.0,70.0,283.0,513.0,12.0,1.0,0.0,1.0,Standard Range,2026-03-03,2026-03-03,Aktiv,Tesla,Model 3
449330857,Tesla Model 3,https://www.finn.no/mobility/item/449330857,Kløfta ∙ Autolease Bilsalg,Kløfta,Autolease Bilsalg,1.0,Annet,259000.0,2021.0,94689.0,70.0,366.0,560.0,12.0,1.0,0.0,1.0,Ukjent,2026-03-03,2026-03-03,Aktiv,Tesla,Model 3
449807059,Tesla Model 3,https://www.finn.no/mobility/item/449807059,Rud ∙ Bilsenteret Stryn AS på Rud i Bærum,Rud,Bilsenteret Stryn AS på Rud i Bærum,1.0,Annet,379498.0,2023.0,33070.0,70.0,498.0,602.0,12.0,1.0,0.0,1.0,Long Range,2026-03-03,2026-03-03,Aktiv,Tesla,Model 3
447881739,Tesla Model 3,https://www.finn.no/mobility/item/447881739,Fyllingsdalen,Fyllingsdalen,,0.0,Vestland,255000.0,2019.0,65373.0,77.0,490.0,530.0,17.866666666666667,1.0,0.0,0.0,Performance,2026-03-03,2026-03-03,Aktiv,Tesla,Model 3
449797643,Tesla Model 3,https://www.finn.no/mobility/item/449797643,Råde ∙ Norges Auto AS,Råde,Norges Auto AS,1.0,Østfold,414900.0,2024.0,18028.0,70.0,498.0,629.0,12.0,1.0,0.0,1.0,Long Range,2026-03-03,2026-03-03,Aktiv,Tesla,Model 3
449296615,Tesla Model 3,https://www.finn.no/mobility/item/449296615,Langevåg,Langevåg,,0.0,Annet,349000.0,2023.0,46574.0,70.0,498.0,602.0,9.5,1.0,0.0,1.0,Long Range,2026-03-03,2026-03-03,Aktiv,Tesla,Model 3
425056462,Tesla Model 3,https://www.finn.no/mobility/item/425056462,Kyrksæterøra,Kyrksæterøra,,0.0,Annet,184999.0,2019.0,149000.0,75.0,490.0,530.0,12.0,2.0,0.0,0.0,Performance,2026-03-03,2026-03-03,Aktiv,Tesla,Model 3
449236061,Tesla Model 3,https://www.finn.no/mobility/item/449236061,Oslo,Oslo,,0.0,Oslo/Akershus,223532.0,2020.0,63000.0,65.0,498.0,560.0,6.3,2.0,0.0,0.0,Long Range,2026-03-03,2026-03-03,Aktiv,Tesla,Model 3
309498170,Tesla Model 3,https://www.finn.no/mobility/item/309498170,Asker,Asker,,0.0,Oslo/Akershus,259000.0,2021.0,56243.0,70.0,479.5,556.0,12.0,1.0,0.0,1.0,Long Range,2026-03-03,2026-03-03,Aktiv,Tesla,Model 3
449227815,Tesla Model 3,https://www.finn.no/mobility/item/449227815,Sandnes ∙ ELBILHALLEN AS,Sandnes,ELBILHALLEN AS,1.0,Rogaland,209000.0,2019.0,102100.0,75.0,476.0,560.0,12.0,1.0,0.0,1.0,Long Range,2026-03-03,2026-03-03,Aktiv,Tesla,Model 3
449320205,Tesla Model 3,https://www.finn.no/mobility/item/449320205,Fyllingsdalen,Fyllingsdalen,,0.0,Vestland,337532.0,2022.0,79000.0,70.0,498.0,602.0,0.9333333333333332,1.0,0.0,1.0,Ukjent,2026-03-03,2026-03-03,Aktiv,Tesla,Model 3
448573124,Tesla Model 3,https://www.finn.no/mobility/item/448573124,Fyllingsdalen ∙ AutoSwap AS,Fyllingsdalen,AutoSwap AS,1.0,Vestland,299800.0,2022.0,74000.0,70.0,498.0,602.0,12.0,1.0,0.0,1.0,Long Range,2026-03-03,2026-03-03,Aktiv,Tesla,Model 3
449213747,Tesla Model 3,https://www.finn.no/mobility/item/449213747,Ridabu ∙ AUTO BRAVIA AS,Ridabu,AUTO BRAVIA AS,1.0,Annet,429990.0,2024.0,20500.0,70.0,498.0,629.0,12.0,1.0,0.0,1.0,Long Range,2026-03-03,2026-03-03,Aktiv,Tesla,Model 3
448561163,Tesla Model 3,https://www.finn.no/mobility/item/448561163,Kløfta ∙ Rebil,Kløfta,Rebil,1.0,Annet,308700.0,2022.0,64700.0,75.0,462.0,602.0,12.0,1.0,0.0,1.0,Long Range,2026-03-03,2026-03-03,Aktiv,Tesla,Model 3
449212969,Tesla Model 3,https://www.finn.no/mobility/item/449212969,Kleppe ∙ Kyvik Auto AS,Kleppe,Kyvik Auto AS,1.0,Rogaland,229000.0,2019.0,65000.0,70.0,325.0,409.0,12.0,1.0,0.0,1.0,Ukjent,2026-03-03,2026-03-03,Aktiv,Tesla,Model 3
448499251,Tesla Model 3,https://www.finn.no/mobility/item/448499251,Stavanger ∙ AutoPoint AS,Stavanger,AutoPoint AS,1.0,Rogaland,439000.0,2025.0,9300.0,70.0,498.0,660.0,12.0,1.0,0.0,1.0,Long Range,2026-03-03,2026-03-03,Aktiv,Tesla,Model 3
449208987,Tesla Model 3,https://www.finn.no/mobility/item/449208987,Sandnes ∙ ELBILHALLEN AS,Sandnes,ELBILHALLEN AS,1.0,Rogaland,199000.0,2019.0,135600.0,75.0,462.0,560.0,12.0,1.0,0.0,1.0,Long Range,2026-03-03,2026-03-03,Aktiv,Tesla,Model 3
448535500,Tesla Model 3,https://www.finn.no/mobility/item/448535500,Oslo ∙ Pro Bilsalg AS,Oslo,Pro Bilsalg AS,1.0,Oslo/Akershus,219000.0,2019.0,88000.0,70.0,462.0,560.0,12.0,1.0,0.0,0.0,Long Range,2026-03-03,2026-03-03,Aktiv,Tesla,Model 3
327599117,Tesla Model 3,https://www.finn.no/mobility/item/327599117,Ålesund,Ålesund,,0.0,Annet,198532.0,2021.0,76000.0,65.0,325.0,448.0,20.266666666666666,2.0,0.0,1.0,Standard Range,2026-03-03,2026-03-03,Aktiv,Tesla,Model 3
448494118,Tesla Model 3,https://www.finn.no/mobility/item/448494118,Gressvik ∙ TRYGG BIL AS,Gressvik,TRYGG BIL AS,1.0,Østfold,209900.0,2019.0,94000.0,70.0,462.0,560.0,12.0,1.0,0.0,0.0,Ukjent,2026-03-03,2026-03-03,Aktiv,Tesla,Model 3
449199861,Tesla Model 3,https://www.finn.no/mobility/item/449199861,Sandnes ∙ ELBILHALLEN AS,Sandnes,ELBILHALLEN AS,1.0,Rogaland,229000.0,2019.0,82000.0,75.0,462.0,560.0,12.0,1.0,0.0,1.0,Long Range,2026-03-03,2026-03-03,Aktiv,Tesla,Model 3
448493795,Tesla Model 3,https://www.finn.no/mobility/item/448493795,Drøbak ∙ Voldene Bil AS,Drøbak,Voldene Bil AS,1.0,Annet,259000.0,2020.0,75500.0,70.0,513.0,530.0,12.0,1.0,0.0,0.0,Performance,2026-03-03,2026-03-03,Aktiv,Tesla,Model 3
448432850,Tesla Model 3,https://www.finn.no/mobility/item/448432850,Hafrsfjord ∙ S.L.H AUTO AS,Hafrsfjord,S.L.H AUTO AS,1.0,Rogaland,379000.0,2023.0,46000.0,76.0,535.0,547.0,17.433333333333334,1.0,0.0,1.0,Performance,2026-03-03,2026-03-03,Aktiv,Tesla,Model 3
449195582,Tesla Model 3,https://www.finn.no/mobility/item/449195582,Ålesund ∙ Bilpunktet AS,Ålesund,Bilpunktet AS,1.0,Annet,329900.0,2021.0,130000.0,70.0,513.0,567.0,12.0,1.0,0.0,1.0,Performance,2026-03-03,2026-03-03,Aktiv,Tesla,Model 3
449191958,Tesla Model 3,https://www.finn.no/mobility/item/449191958,Sandnes ∙ ELBILHALLEN AS,Sandnes,ELBILHALLEN AS,1.0,Rogaland,259000.0,2021.0,106800.0,70.0,498.0,580.0,12.0,1.0,0.0,1.0,Long Range,2026-03-03,2026-03-03,Aktiv,Tesla,Model 3
448440583,Tesla Model 3,https://www.finn.no/mobility/item/448440583,Algarheim ∙ Pitstop Bilsalg Ny AS,Algarheim,Pitstop Bilsalg Ny AS,1.0,Annet,248982.0,2022.0,132000.0,70.0,513.0,559.0,12.0,1.0,0.0,1.0,Performance,2026-03-03,2026-03-03,Aktiv,Tesla,Model 3
448391196,Tesla Model 3,https://www.finn.no/mobility/item/448391196,Våler i Østfold ∙ Autonord AS,Våler i Østfold,Autonord AS,1.0,Østfold,399000.0,2024.0,27350.0,75.0,498.0,629.0,31.933333333333334,1.0,0.0,0.0,Long Range,2026-03-03,2026-03-03,Aktiv,Tesla,Model 3
449135978,Tesla Model 3,https://www.finn.no/mobility/item/449135978,Holmestrand ∙ LY AUTO AS,Holmestrand,LY AUTO AS,1.0,Vestfold/Telemark,249990.0,2020.0,96000.0,70.0,513.0,530.0,12.0,1.0,0.0,0.0,Performance,2026-03-03,2026-03-03,Aktiv,Tesla,Model 3
449096068,Tesla Model 3,https://www.finn.no/mobility/item/449096068,Rissa,Rissa,,0.0,Annet,259532.0,2021.0,102000.0,70.0,498.0,614.0,21.433333333333334,2.0,0.0,0.0,Long Range,2026-03-03,2026-03-03,Aktiv,Tesla,Model 3
448394880,Tesla Model 3,https://www.finn.no/mobility/item/448394880,Drøbak ∙ VOLDENE BIL 2.0 AS,Drøbak,VOLDENE BIL 2.0 AS,1.0,Annet,199000.0,2019.0,111000.0,70.0,476.0,560.0,12.0,1.0,0.0,0.0,Long Range,2026-03-03,2026-03-03,Aktiv,Tesla,Model 3
449094105,Tesla Model 3,https://www.finn.no/mobility/item/449094105,Moss ∙ Dahles Auto Moss AS,Moss,Dahles Auto Moss AS,1.0,Østfold,164900.0,2019.0,118000.0,70.0,306.0,560.0,12.0,1.0,0.0,1.0,Ukjent,2026-03-03,2026-03-03,Aktiv,Tesla,Model 3
448257180,Tesla Model 3,https://www.finn.no/mobility/item/448257180,Hunndalen,Hunndalen,,0.0,Annet,358999.0,2023.0,33900.0,70.0,498.0,629.0,18.133333333333333,1.0,0.0,1.0,Ukjent,2026-03-03,2026-03-03,Aktiv,Tesla,Model 3
436624108,Tesla Model 3,https://www.finn.no/mobility/item/436624108,Stavanger,Stavanger,,0.0,Rogaland,189434.0,2019.0,131200.0,65.0,476.0,560.0,13.833333333333334,1.0,0.0,0.0,Long Range,2026-03-03,2026-03-03,Aktiv,Tesla,Model 3
435793568,Tesla Model 3,https://www.finn.no/mobility/item/435793568,Fitjar,Fitjar,,0.0,Annet,360000.0,2024.0,16700.0,58.0,283.0,513.0,30.466666666666665,1.0,0.0,1.0,Ukjent,2026-03-03,2026-03-03,Aktiv,Tesla,Model 3
333349726,Tesla Model 3,https://www.finn.no/mobility/item/333349726,Hopland,Hopland,,0.0,Annet,342505.0,2023.0,51874.0,70.0,498.0,602.0,15.1,1.0,0.0,1.0,Ukjent,2026-03-03,2026-03-03,Aktiv,Tesla,Model 3
448818486,Tesla Model 3,https://www.finn.no/mobility/item/448818486,Oslo,Oslo,,0.0,Oslo/Akershus,190000.0,2021.0,109800.0,65.0,325.0,448.0,15.0,2.0,0.0,0.0,Standard Range,2026-03-03,2026-03-03,Aktiv,Tesla,Model 3
448338175,Tesla Model 3,https://www.finn.no/mobility/item/448338175,Rådal ∙ Car4Sale AS,Rådal,Car4Sale AS,1.0,Vestland,399000.0,2024.0,27000.0,70.0,498.0,629.0,12.0,1.0,0.0,1.0,Long Range,2026-03-03,2026-03-03,Aktiv,Tesla,Model 3
448998298,Tesla Model 3,https://www.finn.no/mobility/item/448998298,Lena ∙ AASEN AUTO,Lena,AASEN AUTO,1.0,Annet,199990.0,2019.0,85000.0,70.0,462.0,560.0,12.0,1.0,0.0,0.0,Ukjent,2026-03-03,2026-03-03,Aktiv,Tesla,Model 3
381480513,Tesla Model 3,https://www.finn.no/mobility/item/381480513,Undrumsdal,Undrumsdal,,0.0,Annet,242129.0,2021.0,74954.0,65.0,325.0,448.0,15.433333333333334,2.0,0.0,1.0,Standard Range,2026-03-03,2026-03-03,Aktiv,Tesla,Model 3
448997123,Tesla Model 3,https://www.finn.no/mobility/item/448997123,Algarheim ∙ Pitstop Bilsalg Ny AS,Algarheim,Pitstop Bilsalg Ny AS,1.0,Annet,205000.0,2019.0,87000.0,70.0,462.0,560.0,12.0,1.0,0.0,1.0,Long Range,2026-03-03,2026-03-03,Aktiv,Tesla,Model 3
448270167,Tesla Model 3,https://www.finn.no/mobility/item/448270167,Malvik,Malvik,,0.0,Trøndelag,465401.0,2025.0,5764.0,75.0,498.0,660.0,45.16666666666666,1.0,0.0,1.0,Long Range,2026-03-03,2026-03-03,Aktiv,Tesla,Model 3
448254697,Tesla Model 3,https://www.finn.no/mobility/item/448254697,Hjelmås,Hjelmås,,0.0,Annet,265000.0,2021.0,79000.0,70.0,498.0,614.0,15.933333333333334,4.0,0.0,1.0,Ukjent,2026-03-03,2026-03-03,Aktiv,Tesla,Model 3
448198126,Tesla Model 3,https://www.finn.no/mobility/item/448198126,Stjørdal ∙ Stjørdal Bilhandel AS,Stjørdal,Stjørdal Bilhandel AS,1.0,Trøndelag,219000.0,2021.0,102000.0,70.0,325.0,448.0,12.0,1.0,0.0,0.0,Standard Range,2026-03-03,2026-03-03,Aktiv,Tesla,Model 3
448813535,Tesla Model 3,https://www.finn.no/mobility/item/448813535,Magnor ∙ Car4Sale AS,Magnor,Car4Sale AS,1.0,Annet,285000.0,2023.0,51000.0,75.0,283.0,491.0,12.0,1.0,0.0,1.0,Standard Range,2026-03-03,2026-03-03,Aktiv,Tesla,Model 3
448796276,Tesla Model 3,https://www.finn.no/mobility/item/448796276,Steinkjer ∙ Digicarsale AS,Steinkjer,Digicarsale AS,1.0,Annet,169990.0,2019.0,129900.0,70.0,306.0,400.0,12.0,1.0,0.0,0.0,Standard Range,2026-03-03,2026-03-03,Aktiv,Tesla,Model 3
448694236,Tesla Model 3,https://www.finn.no/mobility/item/448694236,Hamar ∙ Hernes & Co,Hamar,Hernes & Co,1.0,Annet,189990.0,2019.0,165000.0,70.0,462.0,560.0,12.0,1.0,0.0,1.0,Long Range,2026-03-03,2026-03-03,Aktiv,Tesla,Model 3
448174220,Tesla Model 3,https://www.finn.no/mobility/item/448174220,Førde ∙ Car4Sale AS,Førde,Car4Sale AS,1.0,Vestland,179990.0,2020.0,113000.0,65.0,325.0,415.0,12.0,1.0,0.0,1.0,Standard Range,2026-03-03,2026-03-03,Aktiv,Tesla,Model 3
448689684,Tesla Model 3,https://www.finn.no/mobility/item/448689684,Trondheim ∙ HOLLA AUTOSENTER AS,Trondheim,HOLLA AUTOSENTER AS,1.0,Trøndelag,285000.0,2021.0,82000.0,70.0,498.0,614.0,12.0,1.0,0.0,1.0,Ukjent,2026-03-03,2026-03-03,Aktiv,Tesla,Model 3
448073229,Tesla Model 3,https://www.finn.no/mobility/item/448073229,Hamar ∙ Hernes & Co,Hamar,Hernes & Co,1.0,Annet,209990.0,2020.0,140000.0,70.0,491.0,560.0,12.0,1.0,0.0,1.0,Long Range,2026-03-03,2026-03-03,Aktiv,Tesla,Model 3
447954687,Tesla Model 3,https://www.finn.no/mobility/item/447954687,Oslo,Oslo,,0.0,Oslo/Akershus,164532.0,2019.0,84989.0,65.0,306.0,415.0,21.766666666666666,4.0,0.0,0.0,Standard Range,2026-03-03,2026-03-03,Aktiv,Tesla,Model 3
447787261,Tesla Model 3,https://www.finn.no/mobility/item/447787261,Kløfta ∙ Romerike Autohus AS,Kløfta,Romerike Autohus AS,1.0,Annet,215000.0,2021.0,149000.0,70.0,498.0,580.0,12.0,1.0,0.0,0.0,Long Range,2026-03-03,2026-03-03,Aktiv,Tesla,Model 3
436913265,Tesla Model 3,https://www.finn.no/mobility/item/436913265,Jessheim,Jessheim,,0.0,Oslo/Akershus,367343.0,2023.0,37700.0,70.0,498.0,602.0,12.933333333333334,1.0,0.0,1.0,Long Range,2026-03-03,2026-03-03,Aktiv,Tesla,Model 3
445639070,Tesla Model 3,https://www.finn.no/mobility/item/445639070,Drøbak,Drøbak,,0.0,Annet,399900.0,2024.0,56000.0,75.0,498.0,629.0,21.83333333333333,1.0,0.0,1.0,Long Range,2026-03-03,2026-03-03,Aktiv,Tesla,Model 3
447563255,Tesla Model 3,https://www.finn.no/mobility/item/447563255,Hagan ∙ Rebil Salgshjelp,Hagan,Rebil Salgshjelp,1.0,Annet,259000.0,2021.0,86566.0,70.0,462.0,580.0,12.0,1.0,0.0,0.0,Long Range,2026-03-03,2026-03-03,Aktiv,Tesla,Model 3
447523980,Tesla Model 3,https://www.finn.no/mobility/item/447523980,Mjøndalen ∙ URBAN AUTO AS,Mjøndalen,URBAN AUTO AS,1.0,Annet,219900.0,2020.0,99000.0,70.0,498.0,560.0,12.0,1.0,0.0,0.0,Long Range,2026-03-03,2026-03-03,Aktiv,Tesla,Model 3
441763918,Tesla Model 3,https://www.finn.no/mobility/item/441763918,Oslo ∙ Bilma,Oslo,Bilma,1.0,Oslo/Akershus,11500.0,2025.0,20000.0,58.0,283.0,513.0,12.0,1.0,0.0,0.0,Ukjent,2026-03-03,2026-03-03,Aktiv,Tesla,Model 3
441604949,Tesla Model 3,https://www.finn.no/mobility/item/441604949,Drammen ∙ LUND BILSENTER AS,Drammen,LUND BILSENTER AS,1.0,Oslo/Akershus,318000.0,2022.0,73550.0,70.0,534.0,547.0,12.0,1.0,0.0,1.0,Performance,2026-03-03,2026-03-03,Aktiv,Tesla,Model 3
445751349,Tesla Model 3,https://www.finn.no/mobility/item/445751349,Hamar ∙ Hernes & Co,Hamar,Hernes & Co,1.0,Annet,419990.0,2024.0,27200.0,70.0,498.0,629.0,12.0,1.0,0.0,1.0,Long Range,2026-03-03,2026-03-03,Aktiv,Tesla,Model 3
441516215,Tesla Model 3,https://www.finn.no/mobility/item/441516215,Borgenhaugen ∙ Voltvogn AS,Borgenhaugen,Voltvogn AS,1.0,Østfold,378000.0,2025.0,15500.0,58.0,283.0,513.0,36.56666666666667,2.0,0.0,1.0,Ukjent,2026-03-03,2026-03-03,Aktiv,Tesla,Model 3
441458070,Tesla Model 3,https://www.finn.no/mobility/item/441458070,Søreidgrend ∙ ECOCAR AS,Søreidgrend,ECOCAR AS,1.0,Annet,178000.0,2019.0,93000.0,70.0,306.0,409.0,12.0,1.0,0.0,0.0,Standard Range,2026-03-03,2026-03-03,Aktiv,Tesla,Model 3
441391736,Tesla Model 3,https://www.finn.no/mobility/item/441391736,Stavanger ∙ CHANGING AS,Stavanger,CHANGING AS,1.0,Rogaland,399000.0,2023.0,36000.0,76.0,535.0,547.0,13.066666666666666,2.0,0.0,1.0,Performance,2026-03-03,2026-03-03,Aktiv,Tesla,Model 3
447397423,Tesla Model 3,https://www.finn.no/mobility/item/447397423,Oslo ∙ M.K AUTO AS,Oslo,M.K AUTO AS,1.0,Oslo/Akershus,309532.0,2021.0,44900.0,70.0,513.0,567.0,12.0,1.0,0.0,0.0,Ukjent,2026-03-03,2026-03-03,Aktiv,Tesla,Model 3
445236988,Tesla Model 3,https://www.finn.no/mobility/item/445236988,Høvik ∙ Carzone AS,Høvik,Carzone AS,1.0,Annet,359000.0,2022.0,72000.0,70.0,513.0,559.0,12.0,1.0,0.0,1.0,Performance,2026-03-03,2026-03-03,Aktiv,Tesla,Model 3
447434509,Tesla Model 3,https://www.finn.no/mobility/item/447434509,Jessheim ∙ Pitstop Bilsalg Ny AS,Jessheim,Pitstop Bilsalg Ny AS,1.0,Oslo/Akershus,258982.0,2022.0,132000.0,70.0,513.0,559.0,12.0,1.0,0.0,1.0,Performance,2026-03-03,2026-03-03,Aktiv,Tesla,Model 3
437977350,Tesla Model 3,https://www.finn.no/mobility/item/437977350,Trondheim ∙ KJELÅS BIL AS,Trondheim,KJELÅS BIL AS,1.0,Trøndelag,239000.0,2019.0,105000.0,65.0,490.0,530.0,12.0,6.0,0.0,1.0,Performance,2026-03-03,2026-03-03,Aktiv,Tesla,Model 3
447357064,Tesla Model 3,https://www.finn.no/mobility/item/447357064,Alta,Alta,,0.0,Nord-Norge,230000.0,2020.0,147612.0,65.0,513.0,530.0,21.933333333333334,1.0,0.0,1.0,Performance,2026-03-03,2026-03-03,Aktiv,Tesla,Model 3
445155242,Tesla Model 3,https://www.finn.no/mobility/item/445155242,Sandnes ∙ SANDNES BRUKTBIL AS,Sandnes,SANDNES BRUKTBIL AS,1.0,Rogaland,245000.0,2021.0,61600.0,65.0,325.0,448.0,12.0,1.0,0.0,1.0,Standard Range,2026-03-03,2026-03-03,Aktiv,Tesla,Model 3
441360273,Tesla Model 3,https://www.finn.no/mobility/item/441360273,Jessheim ∙ Pitstop Bilsalg Ny AS,Jessheim,Pitstop Bilsalg Ny AS,1.0,Oslo/Akershus,198982.0,2019.0,111000.0,70.0,483.0,560.0,12.0,1.0,0.0,1.0,Performance,2026-03-03,2026-03-03,Aktiv,Tesla,Model 3
447350042,Tesla Model 3,https://www.finn.no/mobility/item/447350042,Hønefoss ∙ Importservice Bil AS,Hønefoss,Importservice Bil AS,1.0,Vestland,239000.0,2021.0,110000.0,75.0,498.0,580.0,12.0,1.0,0.0,1.0,Long Range,2026-03-03,2026-03-03,Aktiv,Tesla,Model 3
441315191,Tesla Model 3,https://www.finn.no/mobility/item/441315191,Isdalstø ∙ Vest Motor AS,Isdalstø,Vest Motor AS,1.0,Vestland,379000.0,2023.0,51800.0,70.0,534.0,547.0,12.0,1.0,0.0,1.0,Performance,2026-03-03,2026-03-03,Aktiv,Tesla,Model 3
444989333,Tesla Model 3,https://www.finn.no/mobility/item/444989333,Porsgrunn ∙ ELDORSEN AUTO AS,Porsgrunn,ELDORSEN AUTO AS,1.0,Vestfold/Telemark,229900.0,2019.0,73000.0,70.0,462.0,560.0,12.0,1.0,0.0,0.0,Long Range,2026-03-03,2026-03-03,Aktiv,Tesla,Model 3
437878526,Tesla Model 3,https://www.finn.no/mobility/item/437878526,Lillestrøm ∙ Lillestrøm Bilsenter AS,Lillestrøm,Lillestrøm Bilsenter AS,1.0,Oslo/Akershus,209000.0,2019.0,119500.0,70.0,483.0,560.0,12.0,1.0,0.0,0.0,Performance,2026-03-03,2026-03-03,Aktiv,Tesla,Model 3
437947379,Tesla Model 3,https://www.finn.no/mobility/item/437947379,Ulsteinvik ∙ BILHALLEN ULSTEINVIK AS,Ulsteinvik,BILHALLEN ULSTEINVIK AS,1.0,Annet,439000.0,2024.0,24000.0,70.0,498.0,629.0,12.0,1.0,0.0,0.0,Long Range,2026-03-03,2026-03-03,Aktiv,Tesla,Model 3
447195371,Tesla Model 3,https://www.finn.no/mobility/item/447195371,Sandnes ∙ SANDNES BRUKTBIL AS,Sandnes,SANDNES BRUKTBIL AS,1.0,Rogaland,245000.0,2020.0,80000.0,75.0,491.0,560.0,12.0,1.0,0.0,1.0,Long Range,2026-03-03,2026-03-03,Aktiv,Tesla,Model 3
444961669,Tesla Model 3,https://www.finn.no/mobility/item/444961669,Sem ∙ Auksjonen.No AS,Sem,Auksjonen.No AS,1.0,Vestfold/Telemark,204532.0,2021.0,87823.0,70.0,346.0,580.0,12.0,1.0,0.0,0.0,Long Range,2026-03-03,2026-03-03,Aktiv,Tesla,Model 3
447157371,Tesla Model 3,https://www.finn.no/mobility/item/447157371,Halden ∙ CAR CONNECT AS,Halden,CAR CONNECT AS,1.0,Østfold,169900.0,2019.0,173500.0,65.0,476.0,560.0,12.266666666666667,1.0,0.0,1.0,Long Range,2026-03-03,2026-03-03,Aktiv,Tesla,Model 3
441213838,Tesla Model 3,https://www.finn.no/mobility/item/441213838,Jessheim ∙ Pitstop Bilsalg Ny AS,Jessheim,Pitstop Bilsalg Ny AS,1.0,Oslo/Akershus,208982.0,2019.0,77000.0,70.0,462.0,580.0,12.0,1.0,0.0,1.0,Long Range,2026-03-03,2026-03-03,Aktiv,Tesla,Model 3
437669520,Tesla Model 3,https://www.finn.no/mobility/item/437669520,Ridabu ∙ AUTO BRAVIA AS,Ridabu,AUTO BRAVIA AS,1.0,Annet,229990.0,2019.0,99250.0,70.0,462.0,560.0,12.0,1.0,0.0,1.0,Long Range,2026-03-03,2026-03-03,Aktiv,Tesla,Model 3
443683919,Tesla Model 3,https://www.finn.no/mobility/item/443683919,Høvik ∙ Carzone AS,Høvik,Carzone AS,1.0,Annet,399000.0,2026.0,150.0,70.0,283.0,520.0,12.0,1.0,0.0,1.0,Standard Range,2026-03-03,2026-03-03,Aktiv,Tesla,Model 3
441158381,Tesla Model 3,https://www.finn.no/mobility/item/441158381,Stavanger ∙ BRUKTBIL VEST AS,Stavanger,BRUKTBIL VEST AS,1.0,Rogaland,299900.0,2020.0,40500.0,70.0,498.0,580.0,12.0,1.0,0.0,1.0,Long Range,2026-03-03,2026-03-03,Aktiv,Tesla,Model 3
447110301,Tesla Model 3,https://www.finn.no/mobility/item/447110301,Drøbak,Drøbak,,0.0,Annet,259900.0,2020.0,55800.0,75.0,513.0,530.0,7.0,4.0,0.0,0.0,Performance,2026-03-03,2026-03-03,Aktiv,Tesla,Model 3
437331798,Tesla Model 3,https://www.finn.no/mobility/item/437331798,Jessheim ∙ Pitstop Bilsalg Ny AS,Jessheim,Pitstop Bilsalg Ny AS,1.0,Oslo/Akershus,228982.0,2019.0,61000.0,70.0,476.0,560.0,12.0,1.0,0.0,1.0,Long Range,2026-03-03,2026-03-03,Aktiv,Tesla,Model 3
440865301,Tesla Model 3,https://www.finn.no/mobility/item/440865301,Jessheim ∙ Pitstop Bilsalg Ny AS,Jessheim,Pitstop Bilsalg Ny AS,1.0,Oslo/Akershus,228982.0,2020.0,88000.0,70.0,491.0,560.0,12.0,1.0,0.0,1.0,Long Range,2026-03-03,2026-03-03,Aktiv,Tesla,Model 3
447067444,Tesla Model 3,https://www.finn.no/mobility/item/447067444,Hokksund ∙ MB CONSULTING AS,Hokksund,MB CONSULTING AS,1.0,Annet,399000.0,2024.0,41000.0,70.0,498.0,629.0,20.633333333333333,1.0,0.0,1.0,Long Range,2026-03-03,2026-03-03,Aktiv,Tesla,Model 3
432007040,Tesla Model 3,https://www.finn.no/mobility/item/432007040,Trondheim ∙ HOLLA AUTOSENTER AS,Trondheim,HOLLA AUTOSENTER AS,1.0,Trøndelag,429000.0,2024.0,13700.0,70.0,498.0,629.0,12.0,1.0,0.0,0.0,Long Range,2026-03-03,2026-03-03,Aktiv,Tesla,Model 3
443530219,Tesla Model 3,https://www.finn.no/mobility/item/443530219,Hamar ∙ Hernes & Co,Hamar,Hernes & Co,1.0,Annet,209990.0,2019.0,122000.0,70.0,476.0,560.0,12.0,1.0,0.0,1.0,Long Range,2026-03-03,2026-03-03,Aktiv,Tesla,Model 3
444557422,Tesla Model 3,https://www.finn.no/mobility/item/444557422,Skjeberg,Skjeberg,,0.0,Annet,214350.0,2019.0,85500.0,70.0,476.0,560.0,12.3,1.0,0.0,0.0,Ukjent,2026-03-03,2026-03-03,Aktiv,Tesla,Model 3
443279956,Tesla Model 3,https://www.finn.no/mobility/item/443279956,Elverum ∙ AUTO SELECT AS,Elverum,AUTO SELECT AS,1.0,Annet,284990.0,2022.0,92042.0,70.0,498.0,602.0,12.0,1.0,0.0,1.0,Long Range,2026-03-03,2026-03-03,Aktiv,Tesla,Model 3
429762977,Tesla Model 3,https://www.finn.no/mobility/item/429762977,Søreidgrend ∙ ECOCAR AS,Søreidgrend,ECOCAR AS,1.0,Annet,295598.0,2021.0,63500.0,70.0,513.0,567.0,12.0,1.0,0.0,1.0,Performance,2026-03-03,2026-03-03,Aktiv,Tesla,Model 3
440864913,Tesla Model 3,https://www.finn.no/mobility/item/440864913,Jessheim ∙ Pitstop Bilsalg Ny AS,Jessheim,Pitstop Bilsalg Ny AS,1.0,Oslo/Akershus,198982.0,2019.0,90000.0,70.0,476.0,560.0,12.0,1.0,0.0,1.0,Long Range,2026-03-03,2026-03-03,Aktiv,Tesla,Model 3
445598687,Tesla Model 3,https://www.finn.no/mobility/item/445598687,Hjørungavåg,Hjørungavåg,,0.0,Annet,327500.0,2024.0,30376.0,58.0,283.0,513.0,28.1,1.0,0.0,1.0,Ukjent,2026-03-03,2026-03-03,Aktiv,Tesla,Model 3
440483754,Tesla Model 3,https://www.finn.no/mobility/item/440483754,Jessheim ∙ SELECT AUTO,Jessheim,SELECT AUTO,1.0,Oslo/Akershus,254000.0,2022.0,69700.0,70.0,283.0,491.0,12.0,1.0,0.0,1.0,Standard Range,2026-03-03,2026-03-03,Aktiv,Tesla,Model 3
429659732,Tesla Model 3,https://www.finn.no/mobility/item/429659732,Porsgrunn ∙ ELDORSEN AUTO AS,Porsgrunn,ELDORSEN AUTO AS,1.0,Vestfold/Telemark,219900.0,2019.0,109000.0,70.0,476.0,560.0,12.0,1.0,0.0,0.0,Long Range,2026-03-03,2026-03-03,Aktiv,Tesla,Model 3
437182037,Tesla Model 3,https://www.finn.no/mobility/item/437182037,Karmsund ∙ Alendalsgarasjen,Karmsund,Alendalsgarasjen,1.0,Rogaland,539000.0,2025.0,8600.0,75.0,627.0,528.0,35.36666666666667,1.0,0.0,1.0,Performance,2026-03-03,2026-03-03,Aktiv,Tesla,Model 3
440359993,Tesla Model 3,https://www.finn.no/mobility/item/440359993,Trondheim ∙ KJELÅS BIL AS IKKE AKTIV,Trondheim,KJELÅS BIL AS IKKE AKTIV,1.0,Trøndelag,249000.0,2019.0,105000.0,65.0,489.0,530.0,12.0,6.0,0.0,1.0,Performance,2026-03-03,2026-03-03,Aktiv,Tesla,Model 3
429545732,Tesla Model 3,https://www.finn.no/mobility/item/429545732,Oslo ∙ Bruktklar Bilhandel AS,Oslo,Bruktklar Bilhandel AS,1.0,Oslo/Akershus,487343.0,2025.0,1500.0,75.0,498.0,629.0,42.16666666666666,1.0,0.0,0.0,Long Range,2026-03-03,2026-03-03,Aktiv,Tesla,Model 3
436857650,Tesla Model 3,https://www.finn.no/mobility/item/436857650,Samuelsberg,Samuelsberg,,0.0,Annet,397343.0,2024.0,35700.0,75.0,498.0,629.0,29.83333333333333,1.0,0.0,1.0,Ukjent,2026-03-03,2026-03-03,Aktiv,Tesla,Model 3
437199899,Tesla Model 3,https://www.finn.no/mobility/item/437199899,Solbergelva ∙ NORSKAUTO AS,Solbergelva,NORSKAUTO AS,1.0,Annet,209800.0,2020.0,124000.0,65.0,476.0,560.0,12.0,1.0,0.0,1.0,Long Range,2026-03-03,2026-03-03,Aktiv,Tesla,Model 3
428590449,Tesla Model 3,https://www.finn.no/mobility/item/428590449,Trondheim ∙ Trøndelag Bil AS,Trondheim,Trøndelag Bil AS,1.0,Trøndelag,269900.0,2022.0,48900.0,70.0,325.0,448.0,12.0,1.0,0.0,1.0,Standard Range,2026-03-03,2026-03-03,Aktiv,Tesla,Model 3
437174705,Tesla Model 3,https://www.finn.no/mobility/item/437174705,Sandnes ∙ SANDNES BRUKTBIL AS,Sandnes,SANDNES BRUKTBIL AS,1.0,Rogaland,219000.0,2019.0,41000.0,65.0,306.0,409.0,12.0,1.0,0.0,1.0,Standard Range,2026-03-03,2026-03-03,Aktiv,Tesla,Model 3
445566652,Tesla Model 3,https://www.finn.no/mobility/item/445566652,Sverige,Sverige,,0.0,Annet,432000.0,2025.0,14597.0,75.0,498.0,660.0,35.43333333333333,1.0,0.0,0.0,Long Range,2026-03-03,2026-03-03,Aktiv,Tesla,Model 3
442953382,Tesla Model 3,https://www.finn.no/mobility/item/442953382,Oslo ∙ Rebil,Oslo,Rebil,1.0,Oslo/Akershus,359900.0,2023.0,45000.0,75.0,491.0,614.0,12.0,1.0,0.0,1.0,Long Range,2026-03-03,2026-03-03,Aktiv,Tesla,Model 3
446417071,Tesla Model 3,https://www.finn.no/mobility/item/446417071,Kløfta ∙ Rebil,Kløfta,Rebil,1.0,Annet,198900.0,2020.0,68600.0,50.0,261.0,409.0,12.0,1.0,0.0,1.0,Standard Range,2026-03-03,2026-03-03,Aktiv,Tesla,Model 3
436792422,Tesla Model 3,https://www.finn.no/mobility/item/436792422,Hamar ∙ Storhamar Bil AS,Hamar,Storhamar Bil AS,1.0,Annet,199000.0,2019.0,164640.0,70.0,462.0,560.0,12.0,1.0,0.0,1.0,Performance,2026-03-03,2026-03-03,Aktiv,Tesla,Model 3
440063976,Tesla Model 3,https://www.finn.no/mobility/item/440063976,Oslo ∙ Pro Bilsalg AS,Oslo,Pro Bilsalg AS,1.0,Oslo/Akershus,188000.0,2019.0,145000.0,70.0,462.0,560.0,12.0,1.0,0.0,0.0,Long Range,2026-03-03,2026-03-03,Aktiv,Tesla,Model 3
442845987,Tesla Model 3,https://www.finn.no/mobility/item/442845987,Trondheim ∙ Tunga Bil AS,Trondheim,Tunga Bil AS,1.0,Trøndelag,289000.0,2022.0,106000.0,70.0,498.0,602.0,12.0,1.0,0.0,0.0,Long Range,2026-03-03,2026-03-03,Aktiv,Tesla,Model 3
440028252,Tesla Model 3,https://www.finn.no/mobility/item/440028252,Jessheim ∙ Rebil Salgshjelp,Jessheim,Rebil Salgshjelp,1.0,Oslo/Akershus,510000.0,2025.0,10000.0,75.0,627.0,571.0,12.0,1.0,0.0,1.0,Performance,2026-03-03,2026-03-03,Aktiv,Tesla,Model 3
427496457,Tesla Model 3,https://www.finn.no/mobility/item/427496457,Ridabu ∙ AML AUTO AS,Ridabu,AML AUTO AS,1.0,Annet,195000.0,2019.0,129000.0,70.0,462.0,560.0,12.0,2.0,0.0,0.0,Long Range,2026-03-03,2026-03-03,Aktiv,Tesla,Model 3
436771910,Tesla Model 3,https://www.finn.no/mobility/item/436771910,Oslo ∙ MARCUSBIL - Marcus Inberg AS,Oslo,MARCUSBIL - Marcus Inberg AS,1.0,Oslo/Akershus,376505.0,2024.0,71000.0,70.0,498.0,629.0,12.0,1.0,0.0,1.0,Ukjent,2026-03-03,2026-03-03,Aktiv,Tesla,Model 3
446051118,Tesla Model 3,https://www.finn.no/mobility/item/446051118,Førde ∙ ØKO BIL AS,Førde,ØKO BIL AS,1.0,Vestland,319900.0,2022.0,54560.0,70.0,498.0,602.0,22.633333333333333,1.0,0.0,1.0,Long Range,2026-03-03,2026-03-03,Aktiv,Tesla,Model 3
446407698,Tesla Model 3,https://www.finn.no/mobility/item/446407698,Oslo ∙ Oslo Bilsenter AS,Oslo,Oslo Bilsenter AS,1.0,Oslo/Akershus,219000.0,2019.0,136000.0,70.0,490.0,530.0,12.0,1.0,0.0,1.0,Performance,2026-03-03,2026-03-03,Aktiv,Tesla,Model 3
436556538,Tesla Model 3,https://www.finn.no/mobility/item/436556538,Eidsvoll ∙ Rebil,Eidsvoll,Rebil,1.0,Annet,338900.0,2024.0,26000.0,70.0,283.0,513.0,12.0,1.0,0.0,1.0,Ukjent,2026-03-03,2026-03-03,Aktiv,Tesla,Model 3
439465756,Tesla Model 3,https://www.finn.no/mobility/item/439465756,Oslo ∙ Pro Bilsalg AS,Oslo,Pro Bilsalg AS,1.0,Oslo/Akershus,218000.0,2019.0,96500.0,70.0,476.0,560.0,12.0,1.0,0.0,0.0,Long Range,2026-03-03,2026-03-03,Aktiv,Tesla,Model 3
427406968,Tesla Model 3,https://www.finn.no/mobility/item/427406968,Mysen ∙ Ramberg Bil,Mysen,Ramberg Bil,1.0,Østfold,269000.0,2021.0,36500.0,70.0,325.0,448.0,12.0,1.0,0.0,1.0,Standard Range,2026-03-03,2026-03-03,Aktiv,Tesla,Model 3
442508829,Tesla Model 3,https://www.finn.no/mobility/item/442508829,Nesøya ∙ Rebil Salgshjelp,Nesøya,Rebil Salgshjelp,1.0,Annet,230000.0,2021.0,91000.0,70.0,498.0,580.0,12.0,1.0,0.0,1.0,Long Range,2026-03-03,2026-03-03,Aktiv,Tesla,Model 3
426839448,Tesla Model 3,https://www.finn.no/mobility/item/426839448,Åros ∙ DANIAL AUTO7 AS,Åros,DANIAL AUTO7 AS,1.0,Vestland,224800.0,2020.0,73500.0,55.0,325.0,409.0,12.0,1.0,0.0,1.0,Standard Range,2026-03-03,2026-03-03,Aktiv,Tesla,Model 3
439435834,Tesla Model 3,https://www.finn.no/mobility/item/439435834,Elverum ∙ AUTO SELECT AS,Elverum,AUTO SELECT AS,1.0,Annet,219990.0,2019.0,141000.0,65.0,462.0,560.0,12.0,1.0,0.0,1.0,Ukjent,2026-03-03,2026-03-03,Aktiv,Tesla,Model 3
446258252,Tesla Model 3,https://www.finn.no/mobility/item/446258252,Jessheim ∙ Romerike Autosalg AS,Jessheim,Romerike Autosalg AS,1.0,Oslo/Akershus,199532.0,2019.0,105600.0,70.0,462.0,560.0,12.0,1.0,0.0,0.0,Long Range,2026-03-03,2026-03-03,Aktiv,Tesla,Model 3
430858614,Tesla Model 3,https://www.finn.no/mobility/item/430858614,Trollåsen ∙ Hauken Auto AS,Trollåsen,Hauken Auto AS,1.0,Annet,229999.0,2019.0,107000.0,65.0,476.0,560.0,9.1,1.0,0.0,0.0,Long Range,2026-03-03,2026-03-03,Aktiv,Tesla,Model 3
442382397,Tesla Model 3,https://www.finn.no/mobility/item/442382397,Stavanger ∙ Car4Sale AS,Stavanger,Car4Sale AS,1.0,Rogaland,189900.0,2019.0,131000.0,70.0,462.0,560.0,12.0,1.0,0.0,1.0,Long Range,2026-03-03,2026-03-03,Aktiv,Tesla,Model 3
442304278,Tesla Model 3,https://www.finn.no/mobility/item/442304278,Hamar ∙ Hernes & Co,Hamar,Hernes & Co,1.0,Annet,229990.0,2020.0,124500.0,70.0,498.0,560.0,12.0,1.0,0.0,1.0,Long Range,2026-03-03,2026-03-03,Aktiv,Tesla,Model 3
426537888,Tesla Model 3,https://www.finn.no/mobility/item/426537888,Fjerdingby ∙ FHM AUTOSPORT AS,Fjerdingby,FHM AUTOSPORT AS,1.0,Annet,299000.0,2022.0,73000.0,70.0,283.0,491.0,12.0,1.0,0.0,0.0,Standard Range,2026-03-03,2026-03-03,Aktiv,Tesla,Model 3
446176921,Tesla Model 3,https://www.finn.no/mobility/item/446176921,Kragerø ∙ AUTO LX AS,Kragerø,AUTO LX AS,1.0,Annet,181000.0,2020.0,93000.0,65.0,325.0,409.0,12.0,3.0,0.0,0.0,Standard Range,2026-03-03,2026-03-03,Aktiv,Tesla,Model 3
446113652,Tesla Model 3,https://www.finn.no/mobility/item/446113652,Kokstad ∙ AutoSale AS,Kokstad,AutoSale AS,1.0,Vestland,339900.0,2022.0,43200.0,70.0,535.0,547.0,12.0,1.0,0.0,1.0,Performance,2026-03-03,2026-03-03,Aktiv,Tesla,Model 3
435369080,Tesla Model 3,https://www.finn.no/mobility/item/435369080,Vennesla ∙ Dream Car,Vennesla,Dream Car,1.0,Annet,279000.0,2021.0,72000.0,70.0,498.0,580.0,12.0,1.0,0.0,1.0,Long Range,2026-03-03,2026-03-03,Aktiv,Tesla,Model 3
422828285,Tesla Model 3,https://www.finn.no/mobility/item/422828285,"Roa ∙ PEDERSEN SALG, SERVICE & UTLEIE",Roa,"PEDERSEN SALG, SERVICE & UTLEIE",1.0,Annet,212434.0,2021.0,162000.0,70.0,498.0,580.0,11.8,2.0,0.0,0.0,Ukjent,2026-03-03,2026-03-03,Aktiv,Tesla,Model 3
442090126,Tesla Model 3,https://www.finn.no/mobility/item/442090126,Ytre Enebakk ∙ HS AUTO AS,Ytre Enebakk,HS AUTO AS,1.0,Annet,199000.0,2019.0,130000.0,70.0,476.0,560.0,12.0,1.0,0.0,0.0,Performance,2026-03-03,2026-03-03,Aktiv,Tesla,Model 3
364459798,Tesla Model 3,https://www.finn.no/mobility/item/364459798,Molde ∙ A M Autosalg AS,Molde,A M Autosalg AS,1.0,Annet,434000.0,2024.0,13800.0,77.0,498.0,629.0,29.53333333333333,1.0,0.0,1.0,Performance,2026-03-03,2026-03-03,Aktiv,Tesla,Model 3
446062830,Tesla Model 3,https://www.finn.no/mobility/item/446062830,Høvik ∙ Carzone AS,Høvik,Carzone AS,1.0,Annet,309000.0,2022.0,75500.0,70.0,513.0,559.0,12.0,1.0,0.0,1.0,Performance,2026-03-03,2026-03-03,Aktiv,Tesla,Model 3
439055803,Tesla Model 3,https://www.finn.no/mobility/item/439055803,Kapp ∙ BULIC AUTO,Kapp,BULIC AUTO,1.0,Annet,199900.0,2019.0,122000.0,70.0,483.0,530.0,12.0,2.0,0.0,0.0,Performance,2026-03-03,2026-03-03,Aktiv,Tesla,Model 3
446044441,Tesla Model 3,https://www.finn.no/mobility/item/446044441,Høvik ∙ Carzone AS,Høvik,Carzone AS,1.0,Annet,499000.0,2026.0,150.0,70.0,498.0,716.0,12.0,1.0,0.0,1.0,Long Range,2026-03-03,2026-03-03,Aktiv,Tesla,Model 3
439247222,Tesla Model 3,https://www.finn.no/mobility/item/439247222,Dal ∙ GARDERMOEN AUTOPARTNER AS,Dal,GARDERMOEN AUTOPARTNER AS,1.0,Annet,169000.0,2019.0,142000.0,70.0,306.0,409.0,12.0,1.0,0.0,1.0,Ukjent,2026-03-03,2026-03-03,Aktiv,Tesla,Model 3
420659925,Tesla Model 3,https://www.finn.no/mobility/item/420659925,Oslo ∙ Kingo Rides AS,Oslo,Kingo Rides AS,1.0,Oslo/Akershus,13445.0,2019.0,183000.0,65.0,490.0,530.0,12.0,1.0,0.0,1.0,Performance,2026-03-03,2026-03-03,Aktiv,Tesla,Model 3
442029215,Tesla Model 3,https://www.finn.no/mobility/item/442029215,Fetsund ∙ Nitteberg Bil AS,Fetsund,Nitteberg Bil AS,1.0,Annet,219000.0,2021.0,96500.0,70.0,325.0,448.0,12.0,1.0,0.0,1.0,Ukjent,2026-03-03,2026-03-03,Aktiv,Tesla,Model 3
441943925,Tesla Model 3,https://www.finn.no/mobility/item/441943925,Os ∙ Bjørnestad Bilformidling,Os,Bjørnestad Bilformidling,1.0,Vestland,214900.0,2019.0,94000.0,70.0,462.0,560.0,12.0,1.0,0.0,0.0,Long Range,2026-03-03,2026-03-03,Aktiv,Tesla,Model 3
434915772,Tesla Model 3,https://www.finn.no/mobility/item/434915772,Kokstad ∙ Car4Sale AS,Kokstad,Car4Sale AS,1.0,Vestland,259000.0,2022.0,53000.0,70.0,283.0,491.0,12.0,1.0,0.0,1.0,Standard Range,2026-03-03,2026-03-03,Aktiv,Tesla,Model 3
416798956,Tesla Model 3,https://www.finn.no/mobility/item/416798956,Lørenskog ∙ FHM AUTOSPORT AS,Lørenskog,FHM AUTOSPORT AS,1.0,Oslo/Akershus,199000.0,2019.0,115000.0,80.0,513.0,560.0,12.0,1.0,0.0,0.0,Performance,2026-03-03,2026-03-03,Aktiv,Tesla,Model 3
438949518,Tesla Model 3,https://www.finn.no/mobility/item/438949518,Nesøya ∙ Rebil,Nesøya,Rebil,1.0,Annet,365000.0,2024.0,55000.0,75.0,498.0,629.0,12.0,1.0,0.0,1.0,Long Range,2026-03-03,2026-03-03,Aktiv,Tesla,Model 3
434555719,Tesla Model 3,https://www.finn.no/mobility/item/434555719,Fjerdingby ∙ FHM AUTOSPORT AS,Fjerdingby,FHM AUTOSPORT AS,1.0,Annet,199000.0,2019.0,134000.0,65.0,462.0,560.0,12.0,1.0,0.0,0.0,Ukjent,2026-03-03,2026-03-03,Aktiv,Tesla,Model 3
434265545,Tesla Model 3,https://www.finn.no/mobility/item/434265545,Hamar ∙ Nes-Bil AS,Hamar,Nes-Bil AS,1.0,Annet,232434.0,2019.0,101000.0,65.0,476.0,530.0,19.23333333333333,4.0,0.0,0.0,Performance,2026-03-03,2026-03-03,Aktiv,Tesla,Model 3
415461429,Tesla Model 3,https://www.finn.no/mobility/item/415461429,Vanse ∙ JP-AUTO AS,Vanse,JP-AUTO AS,1.0,Annet,379900.0,2021.0,24200.0,70.0,513.0,567.0,12.0,1.0,0.0,1.0,Performance,2026-03-03,2026-03-03,Aktiv,Tesla,Model 3
433538628,Tesla Model 3,https://www.finn.no/mobility/item/433538628,Oslo ∙ Pro Bilsalg AS,Oslo,Pro Bilsalg AS,1.0,Oslo/Akershus,214000.0,2019.0,95000.0,70.0,462.0,560.0,12.0,1.0,0.0,0.0,Long Range,2026-03-03,2026-03-03,Aktiv,Tesla,Model 3
432342863,Tesla Model 3,https://www.finn.no/mobility/item/432342863,Oslo ∙ Pro Bilsalg AS,Oslo,Pro Bilsalg AS,1.0,Oslo/Akershus,209000.0,2019.0,95000.0,70.0,462.0,560.0,12.0,1.0,0.0,0.0,Long Range,2026-03-03,2026-03-03,Aktiv,Tesla,Model 3
414386761,Tesla Model 3,https://www.finn.no/mobility/item/414386761,Eikelandsosen ∙ MEBIL- AS,Eikelandsosen,MEBIL- AS,1.0,Vestland,168900.0,2019.0,159521.0,65.0,476.0,560.0,19.7,1.0,0.0,0.0,Long Range,2026-03-03,2026-03-03,Aktiv,Tesla,Model 3
432196293,Tesla Model 3,https://www.finn.no/mobility/item/432196293,Moss ∙ Sandvika Bil AS,Moss,Sandvika Bil AS,1.0,Østfold,199000.0,2019.0,117000.0,65.0,462.0,560.0,12.0,1.0,0.0,1.0,Long Range,2026-03-03,2026-03-03,Aktiv,Tesla,Model 3
432141013,Tesla Model 3,https://www.finn.no/mobility/item/432141013,Oslo ∙ ADAM AUTO AS,Oslo,ADAM AUTO AS,1.0,Oslo/Akershus,375000.0,2021.0,55000.0,76.0,513.0,567.0,12.0,2.0,0.0,1.0,Performance,2026-03-03,2026-03-03,Aktiv,Tesla,Model 3
410893561,Tesla Model 3,https://www.finn.no/mobility/item/410893561,Ytre Enebakk ∙ HS AUTO AS,Ytre Enebakk,HS AUTO AS,1.0,Annet,259000.0,2019.0,63000.0,70.0,462.0,560.0,12.0,1.0,0.0,0.0,Performance,2026-03-03,2026-03-03,Aktiv,Tesla,Model 3
412100725,Tesla Model 3,https://www.finn.no/mobility/item/412100725,Stord ∙ FHM AUTOSPORT AS,Stord,FHM AUTOSPORT AS,1.0,Rogaland,259999.0,2020.0,75000.0,70.0,498.0,580.0,12.0,1.0,0.0,0.0,Long Range,2026-03-03,2026-03-03,Aktiv,Tesla,Model 3
409068519,Tesla Model 3,https://www.finn.no/mobility/item/409068519,Furnes ∙ AUTO LINK AS,Furnes,AUTO LINK AS,1.0,Annet,169990.0,2019.0,121500.0,70.0,462.0,560.0,12.0,1.0,0.0,0.0,Ukjent,2026-03-03,2026-03-03,Aktiv,Tesla,Model 3
413039614,Tesla Model 3,https://www.finn.no/mobility/item/413039614,Oslo ∙ NORDSTRAND BIL,Oslo,NORDSTRAND BIL,1.0,Oslo/Akershus,279000.0,2021.0,75000.0,70.0,498.0,580.0,12.0,1.0,0.0,1.0,Long Range,2026-03-03,2026-03-03,Aktiv,Tesla,Model 3
406911190,Tesla Model 3,https://www.finn.no/mobility/item/406911190,Klavestadhaugen ∙ AUTOWAX AS,Klavestadhaugen,AUTOWAX AS,1.0,Annet,229434.0,2021.0,88000.0,65.0,325.0,448.0,15.666666666666666,1.0,0.0,0.0,Standard Range,2026-03-03,2026-03-03,Aktiv,Tesla,Model 3
404320095,Tesla Model 3,https://www.finn.no/mobility/item/404320095,Gardermoen ∙ Gardermoen Bil AS,Gardermoen,Gardermoen Bil AS,1.0,Annet,269900.0,2019.0,75000.0,70.0,489.0,560.0,12.0,2.0,0.0,1.0,Performance,2026-03-03,2026-03-03,Aktiv,Tesla,Model 3
401463128,Tesla Model 3,https://www.finn.no/mobility/item/401463128,Kristiansand S ∙ JENSEN AUTO AS,Kristiansand S,JENSEN AUTO AS,1.0,Sørlandet,185000.0,2019.0,139500.0,65.0,490.0,530.0,18.9,1.0,0.0,1.0,Performance,2026-03-03,2026-03-03,Aktiv,Tesla,Model 3
380525890,Tesla Model 3,https://www.finn.no/mobility/item/380525890,Godvik ∙ PEGASUS BIL AS,Godvik,PEGASUS BIL AS,1.0,Vestland,369000.0,2023.0,49000.0,70.0,534.0,547.0,12.0,1.0,0.0,1.0,Performance,2026-03-03,2026-03-03,Aktiv,Tesla,Model 3
326842879,Tesla Model 3,https://www.finn.no/mobility/item/326842879,Hommelvik ∙ Gipling Bil AS,Hommelvik,Gipling Bil AS,1.0,Annet,299000.0,2019.0,93000.0,70.0,462.0,560.0,12.0,1.0,0.0,1.0,Long Range,2026-03-03,2026-03-03,Aktiv,Tesla,Model 3
325670677,Tesla Model 3,https://www.finn.no/mobility/item/325670677,Hommelvik ∙ Gipling Bil AS,Hommelvik,Gipling Bil AS,1.0,Annet,299000.0,2019.0,74000.0,70.0,462.0,560.0,12.0,1.0,0.0,0.0,Long Range,2026-03-03,2026-03-03,Aktiv,Tesla,Model 3
287057533,Tesla Model 3,https://www.finn.no/mobility/item/287057533,Rykkinn ∙ ØKERN BILAUKSJON AS,Rykkinn,ØKERN BILAUKSJON AS,1.0,Annet,378900.0,2021.0,39000.0,75.0,498.0,580.0,12.0,1.0,0.0,1.0,Ukjent,2026-03-03,2026-03-03,Aktiv,Tesla,Model 3
277043276,Tesla Model 3,https://www.finn.no/mobility/item/277043276,Kråkerøy ∙ Kråkerøy Autosalg,Kråkerøy,Kråkerøy Autosalg,1.0,Østfold,349900.0,2021.0,110311.0,70.0,513.0,547.0,12.0,1.0,0.0,1.0,Performance,2026-03-03,2026-03-03,Aktiv,Tesla,Model 3
