finn_id,title,url,location,city,dealer_name,is_dealer,region,price_cleaned,year_cleaned,mileage_cleaned,battery_capacity_cleaned,effect_cleaned,range_km_cleaned,months_to_eu_cleaned,owners_cleaned,has_condition_issue,has_warranty,trim_level,first_seen_date
452555274,Nissan Leaf,https://www.finn.no/mobility/item/452555274,Hetlevik,Hetlevik,,0,Vestland,54532.0,2016,110682.0,30.0,109.0,250.0,0.4,4.0,0,0.0,Ukjent,2026-03-03
452055940,Nissan Leaf,https://www.finn.no/mobility/item/452055940,Hordvik,Hordvik,,0,Vestland,199505.0,2023,48000.0,39.0,150.0,270.0,20.9,1.0,0,1.0,Ukjent,2026-03-03
359362990,Nissan Leaf,https://www.finn.no/mobility/item/359362990,Knarrevik,Knarrevik,,0,Vestland,120305.0,2018,107200.0,40.0,150.0,280.0,21.83333333333333,1.0,0,0.0,Ukjent,2026-03-03
452974816,Nissan Leaf,https://www.finn.no/mobility/item/452974816,Indre Arna ∙ Oddvar Bjelde & Co AS,Indre Arna,Oddvar Bjelde & Co AS,1,Vestland,198800.0,2021,50100.0,62.0,215.0,385.0,20.1,2.0,0,1.0,Ukjent,2026-03-03
452967122,Nissan Leaf,https://www.finn.no/mobility/item/452967122,Os,Os,,0,Vestland,12942.0,2014,125300.0,40.0,109.0,140.0,-1.9,3.0,0,0.0,Ukjent,2026-03-03
452939776,Nissan Leaf,https://www.finn.no/mobility/item/452939776,"Førde ∙ Frydenbø Bil, Førde ± Halbrendsøyra",Førde,"Frydenbø Bil, Førde ± Halbrendsøyra",1,Vestland,209000.0,2023,32300.0,39.0,149.0,278.0,12.0,2.0,0,1.0,Ukjent,2026-03-03
452854888,Nissan Leaf,https://www.finn.no/mobility/item/452854888,Isdalstø ∙ Vest Motor AS,Isdalstø,Vest Motor AS,1,Vestland,145000.0,2019,72220.0,40.0,150.0,270.0,12.0,1.0,0,0.0,Ukjent,2026-03-03
452790047,Nissan Leaf,https://www.finn.no/mobility/item/452790047,Førde ∙ BRUKTBILSENTER AS,Førde,BRUKTBILSENTER AS,1,Vestland,59900.0,2016,73319.0,24.0,109.0,140.0,8.166666666666666,2.0,0,1.0,Ukjent,2026-03-03
452779673,Nissan Leaf,https://www.finn.no/mobility/item/452779673,"Førde ∙ Frydenbø Bil, Førde ± Halbrendsøyra",Førde,"Frydenbø Bil, Førde ± Halbrendsøyra",1,Vestland,139000.0,2019,83300.0,39.0,149.0,270.0,12.0,2.0,0,1.0,Ukjent,2026-03-03
452775207,Nissan Leaf,https://www.finn.no/mobility/item/452775207,Nesttun ∙ Autonett Bergen AS,Nesttun,Autonett Bergen AS,1,Vestland,239900.0,2023,30000.0,62.0,218.0,396.0,12.0,2.0,0,0.0,Ukjent,2026-03-03
452774661,Nissan Leaf,https://www.finn.no/mobility/item/452774661,Ulset ∙ Car4Sale AS,Ulset,Car4Sale AS,1,Vestland,114900.0,2018,71000.0,40.0,150.0,270.0,12.0,2.0,0,1.0,Ukjent,2026-03-03
452683165,Nissan Leaf,https://www.finn.no/mobility/item/452683165,Blomsterdalen ∙ Automegler1,Blomsterdalen,Automegler1,1,Vestland,189000.0,2021,66900.0,62.0,215.0,385.0,10.433333333333334,1.0,0,1.0,Ukjent,2026-03-03
452710441,Nissan Leaf,https://www.finn.no/mobility/item/452710441,Blomsterdalen ∙ Bergen Bilformidling AS,Blomsterdalen,Bergen Bilformidling AS,1,Vestland,119000.0,2019,100500.0,40.0,150.0,270.0,12.0,2.0,0,1.0,Ukjent,2026-03-03
452704707,Nissan Leaf,https://www.finn.no/mobility/item/452704707,Indre Arna ∙ MULTICYDE AS,Indre Arna,MULTICYDE AS,1,Vestland,44932.0,2015,160674.0,24.0,109.0,110.0,12.333333333333334,1.0,0,0.0,Ukjent,2026-03-03
452685103,Nissan Leaf,https://www.finn.no/mobility/item/452685103,Nyborg ∙ Kverneland Bil AS | Ford Åsane,Nyborg,Kverneland Bil AS | Ford Åsane,1,Vestland,149000.0,2019,54000.0,39.0,149.0,270.0,12.0,2.0,0,1.0,Ukjent,2026-03-03
447207988,Nissan Leaf,https://www.finn.no/mobility/item/447207988,Stord,Stord,,0,Rogaland,129532.0,2020,106855.0,40.0,150.0,270.0,21.066666666666663,1.0,0,0.0,Ukjent,2026-03-03
452668612,Nissan Leaf,https://www.finn.no/mobility/item/452668612,Rubbestadneset,Rubbestadneset,,0,Rogaland,133532.0,2020,91000.0,40.0,150.0,270.0,7.933333333333334,1.0,0,0.0,Ukjent,2026-03-03
452558587,Nissan Leaf,https://www.finn.no/mobility/item/452558587,Godvik ∙ Mobile Drotningsvik,Godvik,Mobile Drotningsvik,1,Vestland,178900.0,2019,34100.0,40.0,150.0,270.0,17.133333333333333,2.0,0,1.0,Ukjent,2026-03-03
452535383,Nissan Leaf,https://www.finn.no/mobility/item/452535383,Hauglandshella,Hauglandshella,,0,Vestland,98532.0,2018,155293.0,40.0,150.0,270.0,9.033333333333331,3.0,0,0.0,Ukjent,2026-03-03
452549867,Nissan Leaf,https://www.finn.no/mobility/item/452549867,Førde ∙ Opus AS,Førde,Opus AS,1,Vestland,69000.0,2016,128195.0,30.0,109.0,250.0,12.0,2.0,0,1.0,Ukjent,2026-03-03
452500858,Nissan Leaf,https://www.finn.no/mobility/item/452500858,Blomsterdalen ∙ Bergen Bilcenter AS,Blomsterdalen,Bergen Bilcenter AS,1,Vestland,125000.0,2019,93000.0,40.0,150.0,270.0,12.0,2.0,0,0.0,Ukjent,2026-03-03
452500781,Nissan Leaf,https://www.finn.no/mobility/item/452500781,Blomsterdalen ∙ Bergen Bilcenter AS,Blomsterdalen,Bergen Bilcenter AS,1,Vestland,125000.0,2018,75000.0,40.0,150.0,270.0,12.0,2.0,0,1.0,Ukjent,2026-03-03
452500876,Nissan Leaf,https://www.finn.no/mobility/item/452500876,Blomsterdalen ∙ Bergen Bilcenter AS,Blomsterdalen,Bergen Bilcenter AS,1,Vestland,185000.0,2021,80000.0,40.0,218.0,385.0,12.0,2.0,0,0.0,Ukjent,2026-03-03
452463363,Nissan Leaf,https://www.finn.no/mobility/item/452463363,Bremnes ∙ Digicarsale AS,Bremnes,Digicarsale AS,1,Rogaland,105000.0,2019,100500.0,40.0,150.0,270.0,12.0,2.0,0,0.0,Ukjent,2026-03-03
438114627,Nissan Leaf,https://www.finn.no/mobility/item/438114627,Fana,Fana,,0,Vestland,149434.0,2021,55000.0,40.0,150.0,270.0,18.433333333333334,1.0,0,1.0,Ukjent,2026-03-03
452349294,Nissan Leaf,https://www.finn.no/mobility/item/452349294,Kokstad ∙ Møller Bil Bruktbilsenter Bergen,Kokstad,Møller Bil Bruktbilsenter Bergen,1,Vestland,179900.0,2021,17600.0,40.0,150.0,270.0,16.966666666666665,2.0,0,1.0,Ukjent,2026-03-03
452301149,Nissan Leaf,https://www.finn.no/mobility/item/452301149,Bergen ∙ Vestland Bil & Import AS,Bergen,Vestland Bil & Import AS,1,Vestland,144532.0,2022,91451.0,39.0,150.0,270.0,0.8,1.0,0,1.0,Ukjent,2026-03-03
452229498,Nissan Leaf,https://www.finn.no/mobility/item/452229498,Brattholmen,Brattholmen,,0,Vestland,24942.0,2012,187477.0,40.0,109.0,270.0,0.9,1.0,0,0.0,Ukjent,2026-03-03
446084186,Nissan Leaf,https://www.finn.no/mobility/item/446084186,Bønes,Bønes,,0,Vestland,113434.0,2018,119000.0,40.0,150.0,270.0,20.666666666666668,1.0,0,0.0,Ukjent,2026-03-03
431822999,Nissan Leaf,https://www.finn.no/mobility/item/431822999,Os,Os,,0,Vestland,129890.0,2019,95000.0,40.0,150.0,270.0,12.4,2.0,0,0.0,Ukjent,2026-03-03
432551869,Nissan Leaf,https://www.finn.no/mobility/item/432551869,Rådal,Rådal,,0,Vestland,34900.0,2012,107620.0,24.0,109.0,90.0,20.8,6.0,0,0.0,Ukjent,2026-03-03
451945542,Nissan Leaf,https://www.finn.no/mobility/item/451945542,Kokstad ∙ Møller Bil Bruktbilsenter Bergen,Kokstad,Møller Bil Bruktbilsenter Bergen,1,Vestland,174900.0,2022,50300.0,39.0,150.0,278.0,5.733333333333333,2.0,0,1.0,Ukjent,2026-03-03
451920189,Nissan Leaf,https://www.finn.no/mobility/item/451920189,Vik i Sogn,Vik i Sogn,,0,Vestland,144532.0,2020,22750.0,40.0,150.0,270.0,19.9,2.0,0,0.0,Ukjent,2026-03-03
451617666,Nissan Leaf,https://www.finn.no/mobility/item/451617666,Nyborg ∙ Kverneland Bil AS | Ford Åsane,Nyborg,Kverneland Bil AS | Ford Åsane,1,Vestland,109000.0,2018,104200.0,39.0,149.0,270.0,12.0,2.0,0,1.0,Ukjent,2026-03-03
451611149,Nissan Leaf,https://www.finn.no/mobility/item/451611149,Fyllingsdalen ∙ AutoSwap AS,Fyllingsdalen,AutoSwap AS,1,Vestland,219800.0,2024,26900.0,40.0,150.0,278.0,12.0,2.0,0,1.0,Ukjent,2026-03-03
451438230,Nissan Leaf,https://www.finn.no/mobility/item/451438230,Nesttun,Nesttun,,0,Vestland,159532.0,2020,58589.0,40.0,150.0,270.0,24.166666666666668,2.0,0,0.0,Ukjent,2026-03-03
451418086,Nissan Leaf,https://www.finn.no/mobility/item/451418086,Espeland,Espeland,,0,Vestland,89532.0,2018,156544.0,40.0,150.0,270.0,16.633333333333333,8.0,0,0.0,Ukjent,2026-03-03
451342778,Nissan Leaf,https://www.finn.no/mobility/item/451342778,Nesttun ∙ 7 Fjell Bil Vest AS,Nesttun,7 Fjell Bil Vest AS,1,Vestland,229000.0,2022,26700.0,62.0,218.0,395.0,12.0,2.0,0,1.0,Ukjent,2026-03-03
451307221,Nissan Leaf,https://www.finn.no/mobility/item/451307221,Rådal ∙ BILHUB AS,Rådal,BILHUB AS,1,Vestland,179000.0,2021,84961.0,62.0,218.0,385.0,12.0,2.0,0,1.0,Ukjent,2026-03-03
442523970,Nissan Leaf,https://www.finn.no/mobility/item/442523970,Bønes,Bønes,,0,Vestland,123434.0,2018,42011.0,40.0,150.0,270.0,23.266666666666666,1.0,0,0.0,Ukjent,2026-03-03
442718961,Nissan Leaf,https://www.finn.no/mobility/item/442718961,Øvre Ervik,Øvre Ervik,,0,Vestland,39900.0,2012,125219.0,24.0,109.0,270.0,8.266666666666667,7.0,0,0.0,Ukjent,2026-03-03
450917952,Nissan Leaf,https://www.finn.no/mobility/item/450917952,Nyborg ∙ Kverneland Bil AS | Ford Åsane,Nyborg,Kverneland Bil AS | Ford Åsane,1,Vestland,189000.0,2022,43900.0,39.0,149.0,270.0,12.0,2.0,0,1.0,Ukjent,2026-03-03
450822972,Nissan Leaf,https://www.finn.no/mobility/item/450822972,Knarrevik,Knarrevik,,0,Vestland,199532.0,2020,84573.0,62.0,215.0,385.0,7.466666666666667,2.0,0,0.0,Ukjent,2026-03-03
450789584,Nissan Leaf,https://www.finn.no/mobility/item/450789584,Nesttun ∙ Autonett Bergen AS,Nesttun,Autonett Bergen AS,1,Vestland,219900.0,2023,19000.0,40.0,150.0,278.0,12.0,2.0,0,1.0,Ukjent,2026-03-03
448353301,Nissan Leaf,https://www.finn.no/mobility/item/448353301,Kleppestø,Kleppestø,,0,Vestland,133532.0,2018,86500.0,40.0,150.0,270.0,22.866666666666667,2.0,0,0.0,Ukjent,2026-03-03
452832605,Nissan Leaf,https://www.finn.no/mobility/item/452832605,Revetal ∙ Auksjonen.No AS,Revetal,Auksjonen.No AS,1,Vestfold/Telemark,29432.0,2016,182000.0,40.0,109.0,270.0,12.0,2.0,0,0.0,Ukjent,2026-03-03
452510185,Nissan Leaf,https://www.finn.no/mobility/item/452510185,Sem ∙ Auksjonen.No AS,Sem,Auksjonen.No AS,1,Vestfold/Telemark,99532.0,2018,95817.0,40.0,150.0,270.0,12.0,2.0,0,0.0,Ukjent,2026-03-03
452422651,Nissan Leaf,https://www.finn.no/mobility/item/452422651,Revetal ∙ Auksjonen.No AS,Revetal,Auksjonen.No AS,1,Vestfold/Telemark,109432.0,2020,164000.0,40.0,215.0,270.0,12.0,2.0,0,0.0,Ukjent,2026-03-03
452421604,Nissan Leaf,https://www.finn.no/mobility/item/452421604,Revetal ∙ Auksjonen.No AS,Revetal,Auksjonen.No AS,1,Vestfold/Telemark,89432.0,2018,173000.0,40.0,150.0,270.0,12.0,2.0,0,0.0,Ukjent,2026-03-03
442895361,Nissan Leaf,https://www.finn.no/mobility/item/442895361,Oslo ∙ Birger N. Haug AS avd. Oslo,Oslo,Birger N. Haug AS avd. Oslo,1,Oslo/Akershus,189900.0,2020,61058.0,62.0,215.0,385.0,9.5,2.0,0,1.0,Ukjent,2026-03-03
453028925,Nissan Leaf,https://www.finn.no/mobility/item/453028925,Oslo,Oslo,,0,Oslo/Akershus,129532.0,2020,65200.0,40.0,150.0,270.0,12.366666666666667,3.0,0,0.0,Ukjent,2026-03-03
453003833,Nissan Leaf,https://www.finn.no/mobility/item/453003833,Oslo ∙ AVP BIL AS,Oslo,AVP BIL AS,1,Oslo/Akershus,69900.0,2018,195700.0,40.0,150.0,270.0,12.0,2.0,0,1.0,Ukjent,2026-03-03
452978243,Nissan Leaf,https://www.finn.no/mobility/item/452978243,Oslo ∙ Rebil Salgshjelp,Oslo,Rebil Salgshjelp,1,Oslo/Akershus,72532.0,2017,88500.0,40.0,109.0,250.0,12.0,2.0,0,0.0,Ukjent,2026-03-03
452900621,Nissan Leaf,https://www.finn.no/mobility/item/452900621,Oslo,Oslo,,0,Oslo/Akershus,84532.0,2018,236100.0,40.0,150.0,245.0,7.2,1.0,0,0.0,Ukjent,2026-03-03
452709391,Nissan Leaf,https://www.finn.no/mobility/item/452709391,Sandefjord,Sandefjord,,0,Vestfold/Telemark,69000.0,2016,112000.0,30.0,109.0,270.0,20.966666666666665,2.0,0,0.0,Ukjent,2026-03-03
452694845,Nissan Leaf,https://www.finn.no/mobility/item/452694845,Oslo ∙ Mobile Skøyen AS,Oslo,Mobile Skøyen AS,1,Oslo/Akershus,169800.0,2022,37066.0,40.0,150.0,285.0,9.266666666666667,2.0,0,1.0,Ukjent,2026-03-03
451432023,Nissan Leaf,https://www.finn.no/mobility/item/451432023,Sandefjord ∙ GreenDrive,Sandefjord,GreenDrive,1,Vestfold/Telemark,84432.0,2017,54300.0,30.0,109.0,250.0,11.1,2.0,0,0.0,Ukjent,2026-03-03
452602505,Nissan Leaf,https://www.finn.no/mobility/item/452602505,Sem ∙ Bil og Del AS,Sem,Bil og Del AS,1,Vestfold/Telemark,19942.0,2012,127300.0,40.0,109.0,270.0,12.0,2.0,0,0.0,Ukjent,2026-03-03
452491288,Nissan Leaf,https://www.finn.no/mobility/item/452491288,Oslo,Oslo,,0,Oslo/Akershus,139982.0,2019,44817.0,40.0,150.0,270.0,19.166666666666668,1.0,0,0.0,Ukjent,2026-03-03
452442144,Nissan Leaf,https://www.finn.no/mobility/item/452442144,Larvik ∙ All-Star Company AS,Larvik,All-Star Company AS,1,Vestfold/Telemark,128800.0,2020,132200.0,40.0,150.0,270.0,12.0,1.0,0,0.0,Ukjent,2026-03-03
452378889,Nissan Leaf,https://www.finn.no/mobility/item/452378889,Oslo ∙ Rebil,Oslo,Rebil,1,Oslo/Akershus,189000.0,2022,28500.0,40.0,150.0,270.0,12.0,1.0,0,1.0,Ukjent,2026-03-03
452369425,Nissan Leaf,https://www.finn.no/mobility/item/452369425,Oslo ∙ Birger N. Haug AS avd. Oslo,Oslo,Birger N. Haug AS avd. Oslo,1,Oslo/Akershus,229900.0,2021,25943.0,62.0,215.0,270.0,12.0,2.0,0,1.0,Ukjent,2026-03-03
445913769,Nissan Leaf,https://www.finn.no/mobility/item/445913769,Oslo ∙ Birger N. Haug AS avd. Oslo,Oslo,Birger N. Haug AS avd. Oslo,1,Oslo/Akershus,227900.0,2022,35929.0,59.0,218.0,395.0,10.0,2.0,0,1.0,Ukjent,2026-03-03
378301609,Nissan Leaf,https://www.finn.no/mobility/item/378301609,Sandefjord,Sandefjord,,0,Vestfold/Telemark,230129.0,2021,65843.0,62.0,215.0,385.0,15.866666666666667,6.0,0,1.0,Ukjent,2026-03-03
452253479,Nissan Leaf,https://www.finn.no/mobility/item/452253479,Oslo,Oslo,,0,Oslo/Akershus,64499.0,2016,89300.0,40.0,109.0,199.0,2.6333333333333333,2.0,0,0.0,Ukjent,2026-03-03
452235757,Nissan Leaf,https://www.finn.no/mobility/item/452235757,Sandefjord ∙ BREILI AUTOSALG AS,Sandefjord,BREILI AUTOSALG AS,1,Vestfold/Telemark,49000.0,2015,99852.0,24.0,109.0,120.0,16.133333333333333,3.0,0,1.0,Ukjent,2026-03-03
452054395,Nissan Leaf,https://www.finn.no/mobility/item/452054395,Sem ∙ Mobile Jarlsberg AS,Sem,Mobile Jarlsberg AS,1,Vestfold/Telemark,130000.0,2019,100800.0,40.0,150.0,270.0,12.5,2.0,0,1.0,Ukjent,2026-03-03
451953016,Nissan Leaf,https://www.finn.no/mobility/item/451953016,Larvik ∙ Mobile Larvik AS,Larvik,Mobile Larvik AS,1,Vestfold/Telemark,189000.0,2022,50909.0,39.0,150.0,270.0,0.7,2.0,0,1.0,Ukjent,2026-03-03
451861015,Nissan Leaf,https://www.finn.no/mobility/item/451861015,Oslo,Oslo,,0,Oslo/Akershus,38000.0,2013,83000.0,24.0,109.0,150.0,8.266666666666667,14.0,0,0.0,Ukjent,2026-03-03
451807368,Nissan Leaf,https://www.finn.no/mobility/item/451807368,Sem ∙ Mobile Auto Vestfold AS,Sem,Mobile Auto Vestfold AS,1,Vestfold/Telemark,164500.0,2022,17350.0,39.0,150.0,285.0,8.3,2.0,0,1.0,Ukjent,2026-03-03
451774836,Nissan Leaf,https://www.finn.no/mobility/item/451774836,Sandefjord ∙ SENTRUM AUTO AS,Sandefjord,SENTRUM AUTO AS,1,Vestfold/Telemark,155000.0,2020,77100.0,39.0,149.0,270.0,12.0,2.0,0,1.0,Ukjent,2026-03-03
451717766,Nissan Leaf,https://www.finn.no/mobility/item/451717766,Oslo,Oslo,,0,Oslo/Akershus,119532.0,2018,104580.0,40.0,150.0,270.0,8.033333333333333,3.0,0,0.0,Ukjent,2026-03-03
451633192,Nissan Leaf,https://www.finn.no/mobility/item/451633192,Oslo ∙ CARHOUSE AS,Oslo,CARHOUSE AS,1,Oslo/Akershus,89000.0,2018,145000.0,40.0,150.0,270.0,12.0,2.0,0,0.0,Ukjent,2026-03-03
451615478,Nissan Leaf,https://www.finn.no/mobility/item/451615478,Oslo ∙ Stor-Oslo Outlet,Oslo,Stor-Oslo Outlet,1,Oslo/Akershus,219000.0,2024,37000.0,39.0,150.0,270.0,12.0,2.0,0,1.0,Ukjent,2026-03-03
449332859,Nissan Leaf,https://www.finn.no/mobility/item/449332859,Tolvsrød,Tolvsrød,,0,Vestfold/Telemark,30442.0,2012,99613.0,40.0,109.0,270.0,15.966666666666669,3.0,0,0.0,Ukjent,2026-03-03
451605722,Nissan Leaf,https://www.finn.no/mobility/item/451605722,Oslo,Oslo,,0,Oslo/Akershus,239532.0,2022,39250.0,62.0,215.0,385.0,7.866666666666666,1.0,0,0.0,Ukjent,2026-03-03
451528522,Nissan Leaf,https://www.finn.no/mobility/item/451528522,Oslo,Oslo,,0,Oslo/Akershus,16942.0,2012,134000.0,40.0,109.0,270.0,1.1666666666666667,4.0,0,0.0,Ukjent,2026-03-03
451546128,Nissan Leaf,https://www.finn.no/mobility/item/451546128,Oslo,Oslo,,0,Oslo/Akershus,84532.0,2018,153500.0,40.0,150.0,270.0,7.0,3.0,0,0.0,Ukjent,2026-03-03
451505032,Nissan Leaf,https://www.finn.no/mobility/item/451505032,Larvik ∙ Mobile Larvik AS,Larvik,Mobile Larvik AS,1,Vestfold/Telemark,179000.0,2022,10000.0,39.0,150.0,285.0,10.0,2.0,0,1.0,Ukjent,2026-03-03
451376591,Nissan Leaf,https://www.finn.no/mobility/item/451376591,Oslo,Oslo,,0,Oslo/Akershus,19942.0,2013,110066.0,40.0,109.0,270.0,-0.5,3.0,0,0.0,Ukjent,2026-03-03
451333967,Nissan Leaf,https://www.finn.no/mobility/item/451333967,Larvik ∙ Mobile Larvik AS,Larvik,Mobile Larvik AS,1,Vestfold/Telemark,119000.0,2018,116945.0,40.0,150.0,270.0,17.866666666666667,2.0,0,1.0,Ukjent,2026-03-03
450878359,Nissan Leaf,https://www.finn.no/mobility/item/450878359,Oslo ∙ Oslo Varebil Spesialisten AS,Oslo,Oslo Varebil Spesialisten AS,1,Oslo/Akershus,139500.0,2022,58000.0,40.0,150.0,270.0,12.0,2.0,0,0.0,Ukjent,2026-03-03
450818043,Nissan Leaf,https://www.finn.no/mobility/item/450818043,Oslo,Oslo,,0,Oslo/Akershus,124532.0,2019,140000.0,40.0,150.0,270.0,12.866666666666667,1.0,0,0.0,Ukjent,2026-03-03
450755482,Nissan Leaf,https://www.finn.no/mobility/item/450755482,Sem,Sem,,0,Vestfold/Telemark,134532.0,2020,153948.0,62.0,150.0,385.0,8.9,2.0,0,0.0,Ukjent,2026-03-03
450680179,Nissan Leaf,https://www.finn.no/mobility/item/450680179,Stokke ∙ Tintline Autocenter AS,Stokke,Tintline Autocenter AS,1,Vestfold/Telemark,149000.0,2021,95045.0,40.0,150.0,270.0,12.0,2.0,0,1.0,Ukjent,2026-03-03
438586342,Nissan Leaf,https://www.finn.no/mobility/item/438586342,Melsomvik,Melsomvik,,0,Vestfold/Telemark,169434.0,2021,27500.0,40.0,150.0,270.0,21.666666666666668,1.0,0,1.0,Ukjent,2026-03-03
450448978,Nissan Leaf,https://www.finn.no/mobility/item/450448978,Larvik ∙ Mobile Larvik AS,Larvik,Mobile Larvik AS,1,Vestfold/Telemark,179000.0,2022,16000.0,39.0,150.0,285.0,10.0,2.0,0,1.0,Ukjent,2026-03-03
450427542,Nissan Leaf,https://www.finn.no/mobility/item/450427542,Tønsberg ∙ Møller Bil Tønsberg,Tønsberg,Møller Bil Tønsberg,1,Vestfold/Telemark,239000.0,2023,25765.0,59.0,218.0,395.0,13.733333333333333,2.0,0,1.0,Ukjent,2026-03-03
447924621,Nissan Leaf,https://www.finn.no/mobility/item/447924621,Oslo,Oslo,,0,Oslo/Akershus,30242.0,2013,113015.0,24.0,109.0,136.0,11.1,1.0,0,0.0,Ukjent,2026-03-03
446552805,Nissan Leaf,https://www.finn.no/mobility/item/446552805,Oslo,Oslo,,0,Oslo/Akershus,28942.0,2012,86000.0,40.0,109.0,270.0,17.833333333333332,8.0,0,0.0,Ukjent,2026-03-03
450411430,Nissan Leaf,https://www.finn.no/mobility/item/450411430,Oslo ∙ Mobile Skøyen AS,Oslo,Mobile Skøyen AS,1,Oslo/Akershus,269000.0,2024,20818.0,59.0,218.0,395.0,23.8,2.0,0,1.0,Ukjent,2026-03-03
450275517,Nissan Leaf,https://www.finn.no/mobility/item/450275517,Oslo ∙ Mobile Skøyen AS,Oslo,Mobile Skøyen AS,1,Oslo/Akershus,172900.0,2022,19889.0,39.0,150.0,285.0,9.233333333333333,2.0,0,1.0,Ukjent,2026-03-03
450141287,Nissan Leaf,https://www.finn.no/mobility/item/450141287,Tønsberg ∙ Car4Sale AS,Tønsberg,Car4Sale AS,1,Vestfold/Telemark,189900.0,2022,97500.0,62.0,218.0,385.0,12.0,1.0,0,1.0,Ukjent,2026-03-03
450069228,Nissan Leaf,https://www.finn.no/mobility/item/450069228,Oslo,Oslo,,0,Oslo/Akershus,184532.0,2022,22000.0,39.0,150.0,270.0,8.366666666666667,1.0,0,1.0,Ukjent,2026-03-03
444717268,Nissan Leaf,https://www.finn.no/mobility/item/444717268,Tønsberg,Tønsberg,,0,Vestfold/Telemark,134532.0,2021,158000.0,62.0,218.0,385.0,19.966666666666665,2.0,0,0.0,Ukjent,2026-03-03
375660307,Nissan Leaf,https://www.finn.no/mobility/item/375660307,Holmestrand,Holmestrand,,0,Vestfold/Telemark,90305.0,2018,162000.0,40.0,150.0,270.0,0.8,2.0,0,0.0,Ukjent,2026-03-03
449518725,Nissan Leaf,https://www.finn.no/mobility/item/449518725,Oslo ∙ Oslo Bilsenter AS,Oslo,Oslo Bilsenter AS,1,Oslo/Akershus,238000.0,2024,19000.0,40.0,150.0,278.0,12.0,1.0,0,1.0,Ukjent,2026-03-03
449344088,Nissan Leaf,https://www.finn.no/mobility/item/449344088,Oslo ∙ Mobile Skøyen AS,Oslo,Mobile Skøyen AS,1,Oslo/Akershus,218900.0,2024,20269.0,39.0,150.0,278.0,25.133333333333333,2.0,0,1.0,Ukjent,2026-03-03
444288427,Nissan Leaf,https://www.finn.no/mobility/item/444288427,Oslo,Oslo,,0,Oslo/Akershus,199900.0,2022,51000.0,62.0,215.0,385.0,3.466666666666667,2.0,0,1.0,Ukjent,2026-03-03
449156626,Nissan Leaf,https://www.finn.no/mobility/item/449156626,Oslo,Oslo,,0,Oslo/Akershus,39982.0,2015,137885.0,24.0,109.0,270.0,8.933333333333334,3.0,0,0.0,Ukjent,2026-03-03
448810598,Nissan Leaf,https://www.finn.no/mobility/item/448810598,Sandefjord,Sandefjord,,0,Vestfold/Telemark,145000.0,2018,42500.0,40.0,150.0,270.0,2.8,2.0,0,0.0,Ukjent,2026-03-03
448950023,Nissan Leaf,https://www.finn.no/mobility/item/448950023,Holmestrand,Holmestrand,,0,Vestfold/Telemark,169532.0,2020,53714.0,62.0,215.0,385.0,6.7,1.0,0,0.0,Ukjent,2026-03-03
448710392,Nissan Leaf,https://www.finn.no/mobility/item/448710392,Oslo,Oslo,,0,Oslo/Akershus,95000.0,2018,110000.0,40.0,150.0,270.0,3.933333333333333,2.0,0,0.0,Ukjent,2026-03-03
448810420,Nissan Leaf,https://www.finn.no/mobility/item/448810420,Oslo ∙ Mobile Skøyen AS,Oslo,Mobile Skøyen AS,1,Oslo/Akershus,198900.0,2022,33871.0,39.0,150.0,278.0,10.033333333333331,2.0,0,1.0,Ukjent,2026-03-03
435277285,Nissan Leaf,https://www.finn.no/mobility/item/435277285,Oslo,Oslo,,0,Oslo/Akershus,175000.0,2019,79274.0,62.0,215.0,385.0,17.133333333333333,2.0,0,0.0,Ukjent,2026-03-03
448370837,Nissan Leaf,https://www.finn.no/mobility/item/448370837,Holmestrand ∙ Toppen Bil AS,Holmestrand,Toppen Bil AS,1,Vestfold/Telemark,159000.0,2020,29000.0,40.0,150.0,270.0,12.0,1.0,0,1.0,Ukjent,2026-03-03
448261467,Nissan Leaf,https://www.finn.no/mobility/item/448261467,Oslo ∙ Pro Bilsalg AS,Oslo,Pro Bilsalg AS,1,Oslo/Akershus,128900.0,2018,77000.0,40.0,150.0,270.0,12.0,2.0,0,0.0,Ukjent,2026-03-03
448213637,Nissan Leaf,https://www.finn.no/mobility/item/448213637,Oslo ∙ Mobile Skøyen AS,Oslo,Mobile Skøyen AS,1,Oslo/Akershus,228900.0,2024,17869.0,39.0,150.0,278.0,28.4,2.0,0,1.0,Ukjent,2026-03-03
448115893,Nissan Leaf,https://www.finn.no/mobility/item/448115893,Oslo ∙ A AUTO AS,Oslo,A AUTO AS,1,Oslo/Akershus,94990.0,2018,151000.0,40.0,150.0,270.0,12.0,1.0,0,0.0,Ukjent,2026-03-03
447754681,Nissan Leaf,https://www.finn.no/mobility/item/447754681,Oslo,Oslo,,0,Oslo/Akershus,79532.0,2018,203669.0,40.0,150.0,270.0,19.366666666666667,1.0,0,0.0,Ukjent,2026-03-03
447680388,Nissan Leaf,https://www.finn.no/mobility/item/447680388,Oslo ∙ Bruktbil Senteret AS,Oslo,Bruktbil Senteret AS,1,Oslo/Akershus,38942.0,2014,173000.0,24.0,109.0,160.0,12.0,2.0,0,1.0,Ukjent,2026-03-03
447348827,Nissan Leaf,https://www.finn.no/mobility/item/447348827,Oslo ∙ RSA BIL Oslo,Oslo,RSA BIL Oslo,1,Oslo/Akershus,214900.0,2022,43508.0,62.0,217.0,385.0,12.0,2.0,0,1.0,Ukjent,2026-03-03
436036800,Nissan Leaf,https://www.finn.no/mobility/item/436036800,Tolvsrød,Tolvsrød,,0,Vestfold/Telemark,179000.0,2021,43000.0,62.0,215.0,385.0,12.566666666666666,4.0,0,0.0,Ukjent,2026-03-03
447134279,Nissan Leaf,https://www.finn.no/mobility/item/447134279,Revetal ∙ Ramnes Bil AS,Revetal,Ramnes Bil AS,1,Vestfold/Telemark,139532.0,2022,50500.0,40.0,150.0,270.0,22.166666666666668,2.0,0,0.0,Ukjent,2026-03-03
447109187,Nissan Leaf,https://www.finn.no/mobility/item/447109187,Oslo ∙ Oslo Bilsenter AS,Oslo,Oslo Bilsenter AS,1,Oslo/Akershus,178000.0,2021,80000.0,62.0,218.0,385.0,12.0,2.0,0,1.0,Ukjent,2026-03-03
445444718,Nissan Leaf,https://www.finn.no/mobility/item/445444718,Larvik,Larvik,,0,Vestfold/Telemark,28942.0,2013,89206.0,24.0,109.0,270.0,16.4,7.0,0,0.0,Ukjent,2026-03-03
446183506,Nissan Leaf,https://www.finn.no/mobility/item/446183506,Oslo ∙ AUTOLUX BILSENTER AS,Oslo,AUTOLUX BILSENTER AS,1,Oslo/Akershus,25000.0,2013,77700.0,40.0,109.0,270.0,6.766666666666667,2.0,0,0.0,Ukjent,2026-03-03
445249859,Nissan Leaf,https://www.finn.no/mobility/item/445249859,Sem ∙ Mobile Jarlsberg AS,Sem,Mobile Jarlsberg AS,1,Vestfold/Telemark,209000.0,2022,40368.0,39.0,150.0,278.0,9.333333333333334,2.0,0,1.0,Ukjent,2026-03-03
445214337,Nissan Leaf,https://www.finn.no/mobility/item/445214337,Sem ∙ Mobile Jarlsberg AS,Sem,Mobile Jarlsberg AS,1,Vestfold/Telemark,209000.0,2022,43997.0,39.0,150.0,278.0,9.233333333333333,2.0,0,1.0,Ukjent,2026-03-03
445131951,Nissan Leaf,https://www.finn.no/mobility/item/445131951,Oslo ∙ Oslo Varebil Spesialisten AS,Oslo,Oslo Varebil Spesialisten AS,1,Oslo/Akershus,39500.0,2014,90455.0,40.0,109.0,270.0,12.0,2.0,0,0.0,Ukjent,2026-03-03
444946803,Nissan Leaf,https://www.finn.no/mobility/item/444946803,Oslo ∙ Bilforhandler1 AS,Oslo,Bilforhandler1 AS,1,Oslo/Akershus,165900.0,2019,95070.0,40.0,218.0,385.0,12.0,2.0,0,1.0,Ukjent,2026-03-03
443671911,Nissan Leaf,https://www.finn.no/mobility/item/443671911,Oslo ∙ Mobile Skøyen AS,Oslo,Mobile Skøyen AS,1,Oslo/Akershus,173800.0,2022,25386.0,39.0,150.0,285.0,9.233333333333333,2.0,0,1.0,Ukjent,2026-03-03
441264291,Nissan Leaf,https://www.finn.no/mobility/item/441264291,Oslo ∙ BROEN BIL AS,Oslo,BROEN BIL AS,1,Oslo/Akershus,63900.0,2013,37000.0,24.0,109.0,150.0,15.733333333333333,1.0,0,0.0,Ukjent,2026-03-03
442231120,Nissan Leaf,https://www.finn.no/mobility/item/442231120,Sandefjord ∙ Finstad Bil AS,Sandefjord,Finstad Bil AS,1,Vestfold/Telemark,139000.0,2020,105279.0,40.0,150.0,270.0,12.0,1.0,0,1.0,Ukjent,2026-03-03
441973198,Nissan Leaf,https://www.finn.no/mobility/item/441973198,Tønsberg ∙ Autospesialisten Tønsberg AS,Tønsberg,Autospesialisten Tønsberg AS,1,Vestfold/Telemark,159000.0,2020,59500.0,40.0,150.0,270.0,12.0,2.0,0,1.0,Ukjent,2026-03-03
441717379,Nissan Leaf,https://www.finn.no/mobility/item/441717379,Holmestrand ∙ NORDIC BIL AS,Holmestrand,NORDIC BIL AS,1,Vestfold/Telemark,119900.0,2018,69000.0,40.0,150.0,270.0,12.0,1.0,0,1.0,Ukjent,2026-03-03
440377288,Nissan Leaf,https://www.finn.no/mobility/item/440377288,Oslo ∙ Oslo Varebil Spesialisten AS,Oslo,Oslo Varebil Spesialisten AS,1,Oslo/Akershus,37000.0,2014,223000.0,40.0,109.0,270.0,12.0,2.0,0,0.0,Ukjent,2026-03-03
437981303,Nissan Leaf,https://www.finn.no/mobility/item/437981303,Sandefjord ∙ Øyans Bil Sandefjord AS,Sandefjord,Øyans Bil Sandefjord AS,1,Vestfold/Telemark,199900.0,2022,60000.0,59.0,217.0,385.0,12.0,2.0,0,1.0,Ukjent,2026-03-03
452694919,Nissan Leaf,https://www.finn.no/mobility/item/452694919,Oslo,Oslo,,0,Oslo/Akershus,79532.0,2017,86000.0,30.0,109.0,190.0,13.866666666666667,3.0,0,0.0,Ukjent,2026-03-03
450382567,Nissan Leaf,https://www.finn.no/mobility/item/450382567,Oslo,Oslo,,0,Oslo/Akershus,210000.0,2023,70393.0,59.0,218.0,385.0,21.933333333333334,1.0,0,1.0,Ukjent,2026-03-03
453299471,Nissan Leaf,https://www.finn.no/mobility/item/453299471,Oslo,Oslo,,0,Oslo/Akershus,133532.0,2018,80523.0,40.0,150.0,270.0,24.166666666666668,2.0,0,0.0,Ukjent,2026-03-03
453270701,Nissan Leaf,https://www.finn.no/mobility/item/453270701,Oslo,Oslo,,0,Oslo/Akershus,79000.0,2017,79500.0,30.0,109.0,250.0,14.066666666666666,1.0,0,0.0,Ukjent,2026-03-03
308692366,Nissan Leaf,https://www.finn.no/mobility/item/308692366,Oslo,Oslo,,0,Oslo/Akershus,138000.0,2019,45265.0,40.0,150.0,270.0,18.0,2.0,0,0.0,Ukjent,2026-03-03
453090718,Nissan Leaf,https://www.finn.no/mobility/item/453090718,Sandefjord,Sandefjord,,0,Vestfold/Telemark,124532.0,2018,77145.0,40.0,150.0,250.0,23.633333333333333,1.0,0,0.0,Ukjent,2026-03-03
450996044,Nissan Leaf,https://www.finn.no/mobility/item/450996044,Sandefjord ∙ GreenDrive,Sandefjord,GreenDrive,1,Vestfold/Telemark,69000.0,2016,96400.0,30.0,109.0,250.0,21.23333333333333,2.0,0,0.0,Ukjent,2026-03-03
451046761,Nissan Leaf,https://www.finn.no/mobility/item/451046761,Oslo,Oslo,,0,Oslo/Akershus,99532.0,2018,86000.0,40.0,150.0,270.0,7.0,1.0,0,0.0,Ukjent,2026-03-03
433308570,Nissan Leaf,https://www.finn.no/mobility/item/433308570,Oslo ∙ DRIVEMAC AS,Oslo,DRIVEMAC AS,1,Oslo/Akershus,139990.0,2019,54800.0,40.0,150.0,270.0,12.0,2.0,0,0.0,Ukjent,2026-03-03
424551740,Nissan Leaf,https://www.finn.no/mobility/item/424551740,Oslo ∙ Oslo Varebil Spesialisten AS,Oslo,Oslo Varebil Spesialisten AS,1,Oslo/Akershus,49000.0,2014,104000.0,40.0,109.0,270.0,12.0,2.0,0,0.0,Ukjent,2026-03-03
453445416,Nissan Leaf,https://www.finn.no/mobility/item/453445416,Sandnes ∙ Ålgårds Auto AS,Sandnes,Ålgårds Auto AS,1,Rogaland,209000.0,2023,25000.0,39.0,150.0,278.0,20.166666666666668,2.0,0,1.0,Ukjent,2026-03-03
453110097,Nissan Leaf,https://www.finn.no/mobility/item/453110097,Tananger,Tananger,,0,Rogaland,124532.0,2019,93600.0,40.0,150.0,270.0,15.666666666666666,2.0,0,0.0,Ukjent,2026-03-03
452692153,Nissan Leaf,https://www.finn.no/mobility/item/452692153,Kleppe,Kleppe,,0,Rogaland,34532.0,2015,191600.0,24.0,109.0,270.0,16.633333333333333,1.0,0,0.0,Ukjent,2026-03-03
453414947,Nissan Leaf,https://www.finn.no/mobility/item/453414947,Sandnes ∙ SANDNES BRUKTBIL AS,Sandnes,SANDNES BRUKTBIL AS,1,Rogaland,119000.0,2018,87000.0,40.0,150.0,270.0,12.0,2.0,0,1.0,Ukjent,2026-03-03
453403294,Nissan Leaf,https://www.finn.no/mobility/item/453403294,Sandnes ∙ CARSTORE STAVANGER,Sandnes,CARSTORE STAVANGER,1,Rogaland,129900.0,2018,76000.0,40.0,150.0,270.0,23.266666666666666,2.0,0,1.0,Ukjent,2026-03-03
453358218,Nissan Leaf,https://www.finn.no/mobility/item/453358218,Stavanger,Stavanger,,0,Rogaland,50942.0,2013,101600.0,40.0,109.0,138.0,14.066666666666666,2.0,0,0.0,Ukjent,2026-03-03
453311824,Nissan Leaf,https://www.finn.no/mobility/item/453311824,Ålgård,Ålgård,,0,Rogaland,21942.0,2013,187402.0,40.0,109.0,270.0,12.033333333333331,1.0,0,0.0,Ukjent,2026-03-03
453232543,Nissan Leaf,https://www.finn.no/mobility/item/453232543,Randaberg,Randaberg,,0,Rogaland,38995.0,2014,108000.0,40.0,109.0,270.0,12.233333333333333,5.0,0,0.0,Ukjent,2026-03-03
452987687,Nissan Leaf,https://www.finn.no/mobility/item/452987687,Bryne ∙ ROGALAND BRUKTBIL,Bryne,ROGALAND BRUKTBIL,1,Rogaland,21942.0,2013,154475.0,40.0,109.0,100.0,12.0,2.0,0,0.0,Ukjent,2026-03-03
452943374,Nissan Leaf,https://www.finn.no/mobility/item/452943374,Haugesund,Haugesund,,0,Rogaland,61532.0,2015,97000.0,24.0,109.0,150.0,24.133333333333333,2.0,0,0.0,Ukjent,2026-03-03
452869681,Nissan Leaf,https://www.finn.no/mobility/item/452869681,Sandnes ∙ LOYAL AUTO AS,Sandnes,LOYAL AUTO AS,1,Rogaland,59000.0,2017,130000.0,40.0,109.0,200.0,12.0,2.0,0,1.0,Ukjent,2026-03-03
452803254,Nissan Leaf,https://www.finn.no/mobility/item/452803254,Haugesund ∙ Bilsenteret Haugesund AS,Haugesund,Bilsenteret Haugesund AS,1,Rogaland,149000.0,2019,57000.0,40.0,150.0,275.0,12.0,2.0,0,0.0,Ukjent,2026-03-03
394784681,Nissan Leaf,https://www.finn.no/mobility/item/394784681,Stavanger ∙ MOTRUM AS,Stavanger,MOTRUM AS,1,Rogaland,59000.0,2013,120000.0,40.0,33.0,100.0,12.0,2.0,0,0.0,Ukjent,2026-03-03
452750335,Nissan Leaf,https://www.finn.no/mobility/item/452750335,Stavanger ∙ RS AUTO AS,Stavanger,RS AUTO AS,1,Rogaland,18942.0,2014,101000.0,24.0,109.0,270.0,-0.2,3.0,0,0.0,Ukjent,2026-03-03
452749952,Nissan Leaf,https://www.finn.no/mobility/item/452749952,Stavanger ∙ RS AUTO AS,Stavanger,RS AUTO AS,1,Rogaland,43000.0,2018,185000.0,40.0,150.0,270.0,0.9,1.0,0,0.0,Ukjent,2026-03-03
452696171,Nissan Leaf,https://www.finn.no/mobility/item/452696171,Sandnes ∙ Broom Bil AS,Sandnes,Broom Bil AS,1,Rogaland,69800.0,2017,103200.0,30.0,109.0,180.0,12.0,2.0,0,1.0,Ukjent,2026-03-03
452577174,Nissan Leaf,https://www.finn.no/mobility/item/452577174,Stavanger,Stavanger,,0,Rogaland,94999.0,2018,112800.0,40.0,150.0,270.0,6.3,2.0,0,0.0,Ukjent,2026-03-03
452599322,Nissan Leaf,https://www.finn.no/mobility/item/452599322,Haugesund ∙ BIL-KOMPANIET HAUGESUND AS,Haugesund,BIL-KOMPANIET HAUGESUND AS,1,Rogaland,129900.0,2019,91940.0,40.0,150.0,270.0,12.0,1.0,0,1.0,Ukjent,2026-03-03
452575568,Nissan Leaf,https://www.finn.no/mobility/item/452575568,Sandnes ∙ Ålgårds Auto AS,Sandnes,Ålgårds Auto AS,1,Rogaland,159000.0,2020,47500.0,40.0,150.0,270.0,-0.0333333333333333,2.0,0,1.0,Ukjent,2026-03-03
452503389,Nissan Leaf,https://www.finn.no/mobility/item/452503389,Sandnes ∙ dahl auto,Sandnes,dahl auto,1,Rogaland,147000.0,2021,63500.0,40.0,150.0,270.0,12.0,2.0,0,1.0,Ukjent,2026-03-03
452441357,Nissan Leaf,https://www.finn.no/mobility/item/452441357,Hundvåg,Hundvåg,,0,Rogaland,59532.0,2015,75000.0,40.0,109.0,270.0,23.166666666666668,2.0,0,0.0,Ukjent,2026-03-03
452413666,Nissan Leaf,https://www.finn.no/mobility/item/452413666,Sandnes ∙ MACK AUTO AS,Sandnes,MACK AUTO AS,1,Rogaland,119000.0,2018,99600.0,40.0,150.0,270.0,12.0,1.0,0,1.0,Ukjent,2026-03-03
415626748,Nissan Leaf,https://www.finn.no/mobility/item/415626748,Sirevåg,Sirevåg,,0,Rogaland,134434.0,2020,102000.0,40.0,150.0,220.0,3.066666666666667,1.0,0,0.0,Ukjent,2026-03-03
452383261,Nissan Leaf,https://www.finn.no/mobility/item/452383261,Hjelmeland ∙ Car4Sale AS,Hjelmeland,Car4Sale AS,1,Rogaland,79990.0,2019,184000.0,40.0,150.0,270.0,12.0,1.0,0,1.0,Ukjent,2026-03-03
452257524,Nissan Leaf,https://www.finn.no/mobility/item/452257524,Stavanger,Stavanger,,0,Rogaland,69900.0,2015,61361.0,24.0,109.0,150.0,9.966666666666669,2.0,0,0.0,Ukjent,2026-03-03
452204780,Nissan Leaf,https://www.finn.no/mobility/item/452204780,Finnøy,Finnøy,,0,Rogaland,26942.0,2012,116252.0,24.0,109.0,270.0,21.6,2.0,0,0.0,Ukjent,2026-03-03
452087536,Nissan Leaf,https://www.finn.no/mobility/item/452087536,Nærbø,Nærbø,,0,Rogaland,59532.0,2017,175000.0,30.0,109.0,250.0,19.166666666666668,1.0,0,0.0,Ukjent,2026-03-03
452086099,Nissan Leaf,https://www.finn.no/mobility/item/452086099,Stavanger ∙ UNIBIL AS avd. Stavanger,Stavanger,UNIBIL AS avd. Stavanger,1,Rogaland,209000.0,2021,46800.0,40.0,218.0,385.0,12.0,2.0,0,1.0,Ukjent,2026-03-03
452079606,Nissan Leaf,https://www.finn.no/mobility/item/452079606,Stavanger ∙ UNIBIL AS avd. Stavanger,Stavanger,UNIBIL AS avd. Stavanger,1,Rogaland,35000.0,2014,164000.0,40.0,33.0,270.0,12.0,2.0,0,0.0,Ukjent,2026-03-03
452046194,Nissan Leaf,https://www.finn.no/mobility/item/452046194,Sandnes ∙ dahl auto,Sandnes,dahl auto,1,Rogaland,49000.0,2013,59000.0,24.0,109.0,160.0,12.0,2.0,0,1.0,Ukjent,2026-03-03
452021209,Nissan Leaf,https://www.finn.no/mobility/item/452021209,Kopervik ∙ N-Auto,Kopervik,N-Auto,1,Rogaland,115900.0,2018,132000.0,40.0,150.0,270.0,12.0,2.0,0,0.0,Ukjent,2026-03-03
447114835,Nissan Leaf,https://www.finn.no/mobility/item/447114835,Hundvåg,Hundvåg,,0,Rogaland,38442.0,2013,92000.0,24.0,109.0,270.0,8.933333333333334,5.0,0,0.0,Ukjent,2026-03-03
441485000,Nissan Leaf,https://www.finn.no/mobility/item/441485000,Sola ∙ Messel Auto,Sola,Messel Auto,1,Rogaland,59000.0,2012,42500.0,24.0,109.0,160.0,16.233333333333334,1.0,0,1.0,Ukjent,2026-03-03
449801341,Nissan Leaf,https://www.finn.no/mobility/item/449801341,Hafrsfjord,Hafrsfjord,,0,Rogaland,22942.0,2013,98000.0,40.0,109.0,270.0,12.933333333333334,4.0,0,0.0,Ukjent,2026-03-03
451951259,Nissan Leaf,https://www.finn.no/mobility/item/451951259,Skudeneshavn ∙ Syreveien Auto Bilsalg AS,Skudeneshavn,Syreveien Auto Bilsalg AS,1,Rogaland,129900.0,2019,117000.0,40.0,150.0,270.0,12.0,2.0,0,1.0,Ukjent,2026-03-03
451951026,Nissan Leaf,https://www.finn.no/mobility/item/451951026,Sandnes ∙ Auto V AS,Sandnes,Auto V AS,1,Rogaland,139900.0,2020,93800.0,40.0,150.0,270.0,12.0,1.0,0,1.0,Ukjent,2026-03-03
451919768,Nissan Leaf,https://www.finn.no/mobility/item/451919768,Sandnes ∙ SANDNES BRUKTBIL AS,Sandnes,SANDNES BRUKTBIL AS,1,Rogaland,109000.0,2018,91900.0,40.0,150.0,270.0,12.0,2.0,0,1.0,Ukjent,2026-03-03
451870560,Nissan Leaf,https://www.finn.no/mobility/item/451870560,Sandnes ∙ Rogaland Bilformidling AS,Sandnes,Rogaland Bilformidling AS,1,Rogaland,199000.0,2023,43800.0,40.0,150.0,278.0,12.0,2.0,0,1.0,Ukjent,2026-03-03
450965957,Nissan Leaf,https://www.finn.no/mobility/item/450965957,Egersund,Egersund,,0,Rogaland,133532.0,2018,79000.0,40.0,150.0,270.0,6.0,2.0,0,0.0,Ukjent,2026-03-03
451816585,Nissan Leaf,https://www.finn.no/mobility/item/451816585,Sandnes ∙ ELBILHALLEN AS,Sandnes,ELBILHALLEN AS,1,Rogaland,69000.0,2015,78700.0,24.0,109.0,270.0,12.0,2.0,0,1.0,Ukjent,2026-03-03
451760106,Nissan Leaf,https://www.finn.no/mobility/item/451760106,Stavanger ∙ Envy Auto AS,Stavanger,Envy Auto AS,1,Rogaland,119000.0,2018,111600.0,40.0,150.0,270.0,12.0,1.0,0,1.0,Ukjent,2026-03-03
451718813,Nissan Leaf,https://www.finn.no/mobility/item/451718813,Sandnes ∙ MK Auto,Sandnes,MK Auto,1,Rogaland,69900.0,2016,106880.0,30.0,109.0,250.0,12.0,2.0,0,1.0,Ukjent,2026-03-03
451550613,Nissan Leaf,https://www.finn.no/mobility/item/451550613,Sandnes ∙ Broom Bil AS,Sandnes,Broom Bil AS,1,Rogaland,159800.0,2020,29300.0,40.0,150.0,270.0,12.0,2.0,0,1.0,Ukjent,2026-03-03
451332988,Nissan Leaf,https://www.finn.no/mobility/item/451332988,Stavanger ∙ Stavanger Autosalg AS,Stavanger,Stavanger Autosalg AS,1,Rogaland,119000.0,2019,115400.0,40.0,150.0,270.0,12.0,2.0,0,1.0,Ukjent,2026-03-03
451247803,Nissan Leaf,https://www.finn.no/mobility/item/451247803,Sandnes ∙ dahl auto,Sandnes,dahl auto,1,Rogaland,59000.0,2015,79500.0,24.0,150.0,150.0,12.0,2.0,0,1.0,Ukjent,2026-03-03
451234166,Nissan Leaf,https://www.finn.no/mobility/item/451234166,Sandnes,Sandnes,,0,Rogaland,125000.0,2019,91000.0,40.0,150.0,270.0,23.433333333333334,2.0,0,0.0,Ukjent,2026-03-03
451169693,Nissan Leaf,https://www.finn.no/mobility/item/451169693,Stavanger,Stavanger,,0,Rogaland,148432.0,2018,61778.0,40.0,150.0,270.0,7.866666666666666,2.0,0,0.0,Ukjent,2026-03-03
450702372,Nissan Leaf,https://www.finn.no/mobility/item/450702372,Orre ∙ Bilgarden AS,Orre,Bilgarden AS,1,Rogaland,62532.0,2017,99000.0,24.0,109.0,270.0,14.066666666666666,3.0,0,0.0,Ukjent,2026-03-03
450618042,Nissan Leaf,https://www.finn.no/mobility/item/450618042,Kopervik ∙ N-Auto,Kopervik,N-Auto,1,Rogaland,39900.0,2014,78000.0,40.0,109.0,270.0,12.0,2.0,0,0.0,Ukjent,2026-03-03
450601264,Nissan Leaf,https://www.finn.no/mobility/item/450601264,Sandnes ∙ Hamre Auto AS,Sandnes,Hamre Auto AS,1,Rogaland,145000.0,2018,51547.0,40.0,150.0,270.0,12.0,2.0,0,1.0,Ukjent,2026-03-03
450559507,Nissan Leaf,https://www.finn.no/mobility/item/450559507,Nedre Vats,Nedre Vats,,0,Rogaland,119532.0,2018,125202.0,110.0,150.0,270.0,23.4,2.0,0,0.0,Ukjent,2026-03-03
450570852,Nissan Leaf,https://www.finn.no/mobility/item/450570852,Åkrehamn ∙ Motorhead Auto AS,Åkrehamn,Motorhead Auto AS,1,Rogaland,109000.0,2018,124500.0,40.0,150.0,270.0,12.0,2.0,0,1.0,Ukjent,2026-03-03
450446998,Nissan Leaf,https://www.finn.no/mobility/item/450446998,Avaldsnes ∙ UTVIK AUTOSALG AS,Avaldsnes,UTVIK AUTOSALG AS,1,Rogaland,119900.0,2018,136385.0,40.0,150.0,270.0,12.0,1.0,0,1.0,Ukjent,2026-03-03
450424607,Nissan Leaf,https://www.finn.no/mobility/item/450424607,Haugesund ∙ Kverneland Bil | Ford Haugesund,Haugesund,Kverneland Bil | Ford Haugesund,1,Rogaland,139800.0,2018,43000.0,40.0,150.0,270.0,12.0,2.0,0,1.0,Ukjent,2026-03-03
450314537,Nissan Leaf,https://www.finn.no/mobility/item/450314537,Stavanger ∙ ELIASSEN BIL AS,Stavanger,ELIASSEN BIL AS,1,Rogaland,125000.0,2018,93000.0,40.0,150.0,270.0,12.0,2.0,0,1.0,Ukjent,2026-03-03
450303489,Nissan Leaf,https://www.finn.no/mobility/item/450303489,Haugesund ∙ Bilsenteret Haugesund AS,Haugesund,Bilsenteret Haugesund AS,1,Rogaland,219000.0,2022,27000.0,40.0,150.0,270.0,12.0,2.0,0,0.0,Ukjent,2026-03-03
450299328,Nissan Leaf,https://www.finn.no/mobility/item/450299328,Sola ∙ Bilpaviljongen AS,Sola,Bilpaviljongen AS,1,Rogaland,98000.0,2016,78000.0,24.0,109.0,270.0,22.933333333333334,2.0,0,1.0,Ukjent,2026-03-03
450293583,Nissan Leaf,https://www.finn.no/mobility/item/450293583,Figgjo ∙ Autosenter Sandnes AS,Figgjo,Autosenter Sandnes AS,1,Rogaland,169000.0,2020,43000.0,40.0,150.0,270.0,12.0,2.0,0,1.0,Ukjent,2026-03-03
447059647,Nissan Leaf,https://www.finn.no/mobility/item/447059647,Stavanger,Stavanger,,0,Rogaland,19942.0,2012,158000.0,24.0,109.0,65.0,6.966666666666667,2.0,0,0.0,Ukjent,2026-03-03
449977915,Nissan Leaf,https://www.finn.no/mobility/item/449977915,Sandnes,Sandnes,,0,Rogaland,44532.0,2015,194500.0,24.0,109.0,270.0,21.2,1.0,0,0.0,Ukjent,2026-03-03
449832214,Nissan Leaf,https://www.finn.no/mobility/item/449832214,"Sandnes ∙ Motor Forum Stavanger, Forus",Sandnes,"Motor Forum Stavanger, Forus",1,Rogaland,149900.0,2021,141673.0,59.0,217.0,385.0,12.0,2.0,0,1.0,Ukjent,2026-03-03
449337766,Nissan Leaf,https://www.finn.no/mobility/item/449337766,Sandnes ∙ Ålgårds Auto AS,Sandnes,Ålgårds Auto AS,1,Rogaland,25000.0,2012,87500.0,24.0,109.0,270.0,-1.4666666666666666,2.0,0,0.0,Ukjent,2026-03-03
447827971,Nissan Leaf,https://www.finn.no/mobility/item/447827971,Veavågen,Veavågen,,0,Rogaland,53732.0,2015,80000.0,24.0,109.0,166.0,11.233333333333333,2.0,0,0.0,Ukjent,2026-03-03
378945558,Nissan Leaf,https://www.finn.no/mobility/item/378945558,Hundvåg,Hundvåg,,0,Rogaland,135305.0,2019,88000.0,40.0,150.0,270.0,12.0,2.0,0,0.0,Ukjent,2026-03-03
448705431,Nissan Leaf,https://www.finn.no/mobility/item/448705431,Sandnes ∙ BILTEKNIKK 1 AS,Sandnes,BILTEKNIKK 1 AS,1,Rogaland,129900.0,2019,70225.0,40.0,150.0,270.0,12.0,2.0,0,1.0,Ukjent,2026-03-03
448696931,Nissan Leaf,https://www.finn.no/mobility/item/448696931,Stavanger ∙ Autoleverandøren AS,Stavanger,Autoleverandøren AS,1,Rogaland,25000.0,2011,116000.0,24.0,109.0,100.0,12.0,2.0,0,1.0,Ukjent,2026-03-03
448640596,Nissan Leaf,https://www.finn.no/mobility/item/448640596,Egersund ∙ Holmane Bil AS,Egersund,Holmane Bil AS,1,Rogaland,69000.0,2015,62000.0,40.0,33.0,270.0,12.0,2.0,0,1.0,Ukjent,2026-03-03
448188814,Nissan Leaf,https://www.finn.no/mobility/item/448188814,Sandnes ∙ Toyota Sørvest AS,Sandnes,Toyota Sørvest AS,1,Rogaland,189000.0,2021,95000.0,62.0,217.0,385.0,12.0,2.0,0,1.0,Ukjent,2026-03-03
447392639,Nissan Leaf,https://www.finn.no/mobility/item/447392639,Haugesund ∙ Kverneland Bil | Volvo og MG Haugesund,Haugesund,Kverneland Bil | Volvo og MG Haugesund,1,Rogaland,189000.0,2022,30000.0,40.0,150.0,270.0,12.0,2.0,0,1.0,Ukjent,2026-03-03
447199438,Nissan Leaf,https://www.finn.no/mobility/item/447199438,Haugesund ∙ Bilsenteret Haugesund AS,Haugesund,Bilsenteret Haugesund AS,1,Rogaland,229000.0,2023,32400.0,40.0,150.0,278.0,12.0,1.0,0,1.0,Ukjent,2026-03-03
446722351,Nissan Leaf,https://www.finn.no/mobility/item/446722351,Sandnes,Sandnes,,0,Rogaland,16942.0,2012,127000.0,40.0,109.0,93.0,2.933333333333333,2.0,0,0.0,Ukjent,2026-03-03
446405306,Nissan Leaf,https://www.finn.no/mobility/item/446405306,Stavanger ∙ UNIBIL AS avd. Stavanger,Stavanger,UNIBIL AS avd. Stavanger,1,Rogaland,229000.0,2023,12000.0,40.0,150.0,285.0,12.0,1.0,0,1.0,Ukjent,2026-03-03
446114158,Nissan Leaf,https://www.finn.no/mobility/item/446114158,Sandnes ∙ MACK AUTO AS,Sandnes,MACK AUTO AS,1,Rogaland,109000.0,2019,141500.0,40.0,150.0,270.0,12.0,2.0,0,1.0,Ukjent,2026-03-03
446099261,Nissan Leaf,https://www.finn.no/mobility/item/446099261,Kopervik ∙ TVEITEN BIL AS,Kopervik,TVEITEN BIL AS,1,Rogaland,159000.0,2022,99600.0,40.0,150.0,270.0,12.0,1.0,0,1.0,Ukjent,2026-03-03
445800124,Nissan Leaf,https://www.finn.no/mobility/item/445800124,Stavanger ∙ Egeland Auto AS,Stavanger,Egeland Auto AS,1,Rogaland,149000.0,2018,69740.0,40.0,150.0,270.0,12.0,1.0,0,1.0,Ukjent,2026-03-03
445335868,Nissan Leaf,https://www.finn.no/mobility/item/445335868,Sandnes ∙ LOYAL AUTO AS,Sandnes,LOYAL AUTO AS,1,Rogaland,89000.0,2018,143000.0,40.0,150.0,270.0,12.0,2.0,0,1.0,Ukjent,2026-03-03
444871462,Nissan Leaf,https://www.finn.no/mobility/item/444871462,Sandnes ∙ ROGALAND BIL AS,Sandnes,ROGALAND BIL AS,1,Rogaland,55000.0,2015,93700.0,24.0,33.0,270.0,12.0,2.0,0,0.0,Ukjent,2026-03-03
444838818,Nissan Leaf,https://www.finn.no/mobility/item/444838818,Sandnes ∙ AUTOLAND ROGALAND AS,Sandnes,AUTOLAND ROGALAND AS,1,Rogaland,129000.0,2019,149000.0,40.0,150.0,270.0,12.0,2.0,0,1.0,Ukjent,2026-03-03
444776659,Nissan Leaf,https://www.finn.no/mobility/item/444776659,Haugesund ∙ Bilsenteret Haugesund AS,Haugesund,Bilsenteret Haugesund AS,1,Rogaland,179000.0,2019,101300.0,62.0,218.0,385.0,12.0,2.0,0,0.0,Ukjent,2026-03-03
444776577,Nissan Leaf,https://www.finn.no/mobility/item/444776577,Haugesund ∙ Bilsenteret Haugesund AS,Haugesund,Bilsenteret Haugesund AS,1,Rogaland,189000.0,2021,49907.0,40.0,150.0,275.0,12.0,2.0,0,0.0,Ukjent,2026-03-03
444774061,Nissan Leaf,https://www.finn.no/mobility/item/444774061,Haugesund ∙ Bilsenteret Haugesund AS,Haugesund,Bilsenteret Haugesund AS,1,Rogaland,179000.0,2020,41800.0,40.0,150.0,275.0,12.0,1.0,0,0.0,Ukjent,2026-03-03
444768160,Nissan Leaf,https://www.finn.no/mobility/item/444768160,Stavanger ∙ UNIBIL AS avd. Stavanger,Stavanger,UNIBIL AS avd. Stavanger,1,Rogaland,65000.0,2015,79600.0,40.0,109.0,270.0,12.0,2.0,0,0.0,Ukjent,2026-03-03
442967514,Nissan Leaf,https://www.finn.no/mobility/item/442967514,Stavanger ∙ MOTRUM AS,Stavanger,MOTRUM AS,1,Rogaland,229000.0,2023,35000.0,40.0,150.0,278.0,12.0,2.0,0,1.0,Ukjent,2026-03-03
441335378,Nissan Leaf,https://www.finn.no/mobility/item/441335378,Sandnes ∙ BILTEKNIKK 1 AS,Sandnes,BILTEKNIKK 1 AS,1,Rogaland,169000.0,2021,51504.0,40.0,150.0,270.0,12.0,2.0,0,1.0,Ukjent,2026-03-03
441193877,Nissan Leaf,https://www.finn.no/mobility/item/441193877,Sandnes ∙ BILTEKNIKK 1 AS,Sandnes,BILTEKNIKK 1 AS,1,Rogaland,149000.0,2020,52787.0,40.0,150.0,270.0,12.0,1.0,0,1.0,Ukjent,2026-03-03
440209748,Nissan Leaf,https://www.finn.no/mobility/item/440209748,Lye ∙ Rebil Salgshjelp,Lye,Rebil Salgshjelp,1,Rogaland,35000.0,2017,86097.0,52.0,109.0,150.0,12.0,2.0,0,0.0,Ukjent,2026-03-03
439919966,Nissan Leaf,https://www.finn.no/mobility/item/439919966,Kleppe ∙ Kyvik Auto AS,Kleppe,Kyvik Auto AS,1,Rogaland,89000.0,2017,90000.0,40.0,41.0,270.0,12.0,2.0,0,1.0,Ukjent,2026-03-03
433262112,Nissan Leaf,https://www.finn.no/mobility/item/433262112,Stavanger ∙ MOTRUM AS,Stavanger,MOTRUM AS,1,Rogaland,129000.0,2018,145000.0,40.0,150.0,270.0,12.0,2.0,0,1.0,Ukjent,2026-03-03
447367524,Nissan Leaf,https://www.finn.no/mobility/item/447367524,Sarpsborg ∙ Brennes Auto AS,Sarpsborg,Brennes Auto AS,1,Østfold,199900.0,2021,58500.0,62.0,218.0,384.0,12.0,2.0,0,1.0,Ukjent,2026-03-03
450878906,Nissan Leaf,https://www.finn.no/mobility/item/450878906,Sarpsborg ∙ Brennes Auto AS,Sarpsborg,Brennes Auto AS,1,Østfold,136900.0,2020,100854.0,40.0,150.0,270.0,12.0,2.0,0,1.0,Ukjent,2026-03-03
450756656,Nissan Leaf,https://www.finn.no/mobility/item/450756656,Moss ∙ Exotic Motors,Moss,Exotic Motors,1,Østfold,179990.0,2021,72000.0,62.0,218.0,385.0,12.0,2.0,0,1.0,Ukjent,2026-03-03
450764587,Nissan Leaf,https://www.finn.no/mobility/item/450764587,Fredrikstad ∙ Bare Bil AS,Fredrikstad,Bare Bil AS,1,Østfold,139900.0,2019,125600.0,62.0,218.0,385.0,12.0,2.0,0,1.0,Ukjent,2026-03-03
453491655,Nissan Leaf,https://www.finn.no/mobility/item/453491655,Halden,Halden,,0,Østfold,123532.0,2019,95000.0,40.0,150.0,270.0,12.0,2.0,0,0.0,Ukjent,2026-03-03
453456722,Nissan Leaf,https://www.finn.no/mobility/item/453456722,Askim ∙ Auksjonen.No AS,Askim,Auksjonen.No AS,1,Østfold,41942.0,2014,82000.0,40.0,109.0,270.0,12.0,2.0,0,0.0,Ukjent,2026-03-03
450283464,Nissan Leaf,https://www.finn.no/mobility/item/450283464,Rolvsøy ∙ Bilhagen Fredrikstad AS,Rolvsøy,Bilhagen Fredrikstad AS,1,Østfold,65000.0,2016,110360.0,40.0,109.0,270.0,12.0,2.0,0,0.0,Ukjent,2026-03-03
447361315,Nissan Leaf,https://www.finn.no/mobility/item/447361315,Sarpsborg ∙ Brennes Auto AS,Sarpsborg,Brennes Auto AS,1,Østfold,169900.0,2020,81812.0,62.0,218.0,385.0,12.0,1.0,0,1.0,Ukjent,2026-03-03
450646867,Nissan Leaf,https://www.finn.no/mobility/item/450646867,Sarpsborg ∙ Grandahl Bil AS avd. Sarpsborg,Sarpsborg,Grandahl Bil AS avd. Sarpsborg,1,Østfold,199000.0,2021,79000.0,62.0,218.0,385.0,12.0,2.0,0,1.0,Ukjent,2026-03-03
441567140,Nissan Leaf,https://www.finn.no/mobility/item/441567140,Råde ∙ Bilbutikk1 AS | Selected,Råde,Bilbutikk1 AS | Selected,1,Østfold,179000.0,2021,106100.0,40.0,218.0,385.0,12.0,2.0,0,1.0,Ukjent,2026-03-03
450256116,Nissan Leaf,https://www.finn.no/mobility/item/450256116,Sarpsborg ∙ WEBERG AUTO AS,Sarpsborg,WEBERG AUTO AS,1,Østfold,199900.0,2020,40000.0,40.0,218.0,385.0,12.0,2.0,0,0.0,Ukjent,2026-03-03
453359248,Nissan Leaf,https://www.finn.no/mobility/item/453359248,Rakkestad,Rakkestad,,0,Østfold,123532.0,2019,103974.0,40.0,150.0,270.0,11.566666666666666,2.0,0,0.0,Ukjent,2026-03-03
447297338,Nissan Leaf,https://www.finn.no/mobility/item/447297338,Sarpsborg ∙ Brennes Auto AS,Sarpsborg,Brennes Auto AS,1,Østfold,129000.0,2020,125000.0,40.0,150.0,270.0,12.0,1.0,0,1.0,Ukjent,2026-03-03
441182979,Nissan Leaf,https://www.finn.no/mobility/item/441182979,Sarpsborg ∙ Brennes Auto AS,Sarpsborg,Brennes Auto AS,1,Østfold,135900.0,2019,72000.0,40.0,150.0,270.0,12.0,2.0,0,1.0,Ukjent,2026-03-03
441171216,Nissan Leaf,https://www.finn.no/mobility/item/441171216,Kråkerøy ∙ Japan Auto AS,Kråkerøy,Japan Auto AS,1,Østfold,52000.0,2016,84895.0,24.0,109.0,160.0,8.0,2.0,0,1.0,Ukjent,2026-03-03
453434634,Nissan Leaf,https://www.finn.no/mobility/item/453434634,Askim ∙ Auksjonen.No AS,Askim,Auksjonen.No AS,1,Østfold,34532.0,2015,176000.0,40.0,109.0,270.0,12.0,2.0,0,0.0,Ukjent,2026-03-03
449810986,Nissan Leaf,https://www.finn.no/mobility/item/449810986,Sarpsborg ∙ Sørlie Bil AS,Sarpsborg,Sørlie Bil AS,1,Østfold,65000.0,2017,81000.0,40.0,109.0,250.0,12.0,1.0,0,1.0,Ukjent,2026-03-03
450042979,Nissan Leaf,https://www.finn.no/mobility/item/450042979,Sarpsborg,Sarpsborg,,0,Østfold,38000.0,2012,134000.0,40.0,109.0,270.0,23.33333333333333,2.0,0,0.0,Ukjent,2026-03-03
453382487,Nissan Leaf,https://www.finn.no/mobility/item/453382487,Våler i Østfold ∙ Autonord AS,Våler i Østfold,Autonord AS,1,Østfold,219000.0,2023,69900.0,59.0,218.0,385.0,10.033333333333331,2.0,0,1.0,Ukjent,2026-03-03
440394157,Nissan Leaf,https://www.finn.no/mobility/item/440394157,Kråkerøy ∙ Japan Auto AS,Kråkerøy,Japan Auto AS,1,Østfold,62000.0,2016,114861.0,30.0,109.0,190.0,9.033333333333331,6.0,0,1.0,Ukjent,2026-03-03
447232432,Nissan Leaf,https://www.finn.no/mobility/item/447232432,Sarpsborg ∙ Grandahl Bil AS avd. Sarpsborg,Sarpsborg,Grandahl Bil AS avd. Sarpsborg,1,Østfold,168000.0,2018,17000.0,40.0,150.0,270.0,12.0,2.0,0,1.0,Ukjent,2026-03-03
437703882,Nissan Leaf,https://www.finn.no/mobility/item/437703882,Sarpsborg,Sarpsborg,,0,Østfold,120000.0,2018,99000.0,40.0,150.0,270.0,18.2,2.0,0,1.0,Ukjent,2026-03-03
452977838,Nissan Leaf,https://www.finn.no/mobility/item/452977838,Halden,Halden,,0,Østfold,84032.0,2017,90000.0,30.0,109.0,250.0,12.233333333333333,2.0,0,0.0,Ukjent,2026-03-03
447080303,Nissan Leaf,https://www.finn.no/mobility/item/447080303,Mysen ∙ BILER ZDRAVKOVIC,Mysen,BILER ZDRAVKOVIC,1,Østfold,25000.0,2015,198000.0,24.0,109.0,270.0,10.666666666666666,2.0,0,0.0,Ukjent,2026-03-03
447061053,Nissan Leaf,https://www.finn.no/mobility/item/447061053,Rolvsøy ∙ Hvaler Bruktbil AS,Rolvsøy,Hvaler Bruktbil AS,1,Østfold,64900.0,2015,137698.0,40.0,150.0,120.0,12.0,2.0,0,1.0,Ukjent,2026-03-03
446813539,Nissan Leaf,https://www.finn.no/mobility/item/446813539,Fredrikstad,Fredrikstad,,0,Østfold,139900.0,2018,56500.0,40.0,150.0,270.0,25.266666666666666,2.0,0,1.0,Ukjent,2026-03-03
439520752,Nissan Leaf,https://www.finn.no/mobility/item/439520752,Fredrikstad ∙ AUTOSAFE AS,Fredrikstad,AUTOSAFE AS,1,Østfold,39900.0,2012,102000.0,40.0,109.0,270.0,12.0,2.0,0,0.0,Ukjent,2026-03-03
350481760,Nissan Leaf,https://www.finn.no/mobility/item/350481760,Moss,Moss,,0,Østfold,232129.0,2023,45800.0,62.0,150.0,385.0,12.0,1.0,0,1.0,Ukjent,2026-03-03
439021077,Nissan Leaf,https://www.finn.no/mobility/item/439021077,Moss ∙ Dahles Auto Moss AS,Moss,Dahles Auto Moss AS,1,Østfold,129900.0,2019,65000.0,40.0,150.0,270.0,12.0,2.0,0,1.0,Ukjent,2026-03-03
449498743,Nissan Leaf,https://www.finn.no/mobility/item/449498743,Sarpsborg ∙ Brennes Auto AS,Sarpsborg,Brennes Auto AS,1,Østfold,149900.0,2020,82000.0,40.0,150.0,270.0,12.0,2.0,0,1.0,Ukjent,2026-03-03
438823280,Nissan Leaf,https://www.finn.no/mobility/item/438823280,Sarpsborg ∙ Brennes Auto AS,Sarpsborg,Brennes Auto AS,1,Østfold,199900.0,2022,43900.0,40.0,150.0,270.0,12.0,2.0,0,1.0,Ukjent,2026-03-03
446858444,Nissan Leaf,https://www.finn.no/mobility/item/446858444,Fredrikstad ∙ Sam Bruktbiler Sharafani,Fredrikstad,Sam Bruktbiler Sharafani,1,Østfold,39900.0,2016,151000.0,30.0,109.0,270.0,23.866666666666667,2.0,0,0.0,Ukjent,2026-03-03
452957750,Nissan Leaf,https://www.finn.no/mobility/item/452957750,Moss ∙ Brennes Auto Moss AS,Moss,Brennes Auto Moss AS,1,Østfold,195000.0,2022,20600.0,40.0,150.0,270.0,12.0,2.0,0,1.0,Ukjent,2026-03-03
438259885,Nissan Leaf,https://www.finn.no/mobility/item/438259885,Rolvsøy ∙ ROLVSØY BILSALG,Rolvsøy,ROLVSØY BILSALG,1,Østfold,44000.0,2015,137500.0,40.0,109.0,270.0,12.0,2.0,0,0.0,Ukjent,2026-03-03
437073826,Nissan Leaf,https://www.finn.no/mobility/item/437073826,Fredrikstad ∙ Grandahl Bil AS avd. Fredrikstad,Fredrikstad,Grandahl Bil AS avd. Fredrikstad,1,Østfold,54000.0,2013,163800.0,40.0,109.0,270.0,12.0,2.0,0,0.0,Ukjent,2026-03-03
449483776,Nissan Leaf,https://www.finn.no/mobility/item/449483776,Fredrikstad ∙ Grandahl Bil AS avd. Fredrikstad,Fredrikstad,Grandahl Bil AS avd. Fredrikstad,1,Østfold,58000.0,2014,113000.0,40.0,109.0,270.0,12.0,2.0,0,0.0,Ukjent,2026-03-03
446607563,Nissan Leaf,https://www.finn.no/mobility/item/446607563,Halden ∙ CAR CONNECT AS,Halden,CAR CONNECT AS,1,Østfold,99900.0,2018,128300.0,40.0,150.0,270.0,0.9,2.0,0,0.0,Ukjent,2026-03-03
452945179,Nissan Leaf,https://www.finn.no/mobility/item/452945179,Moss ∙ Brennes Auto Moss AS,Moss,Brennes Auto Moss AS,1,Østfold,129000.0,2019,91150.0,40.0,122.0,275.0,12.0,2.0,0,1.0,Ukjent,2026-03-03
449481302,Nissan Leaf,https://www.finn.no/mobility/item/449481302,Mysen ∙ BILER ZDRAVKOVIC,Mysen,BILER ZDRAVKOVIC,1,Østfold,29942.0,2013,134000.0,40.0,109.0,60.0,15.1,1.0,0,0.0,Ukjent,2026-03-03
452810723,Nissan Leaf,https://www.finn.no/mobility/item/452810723,Sarpsborg ∙ Gretland Bil AS,Sarpsborg,Gretland Bil AS,1,Østfold,159000.0,2022,58500.0,40.0,150.0,284.0,12.0,2.0,0,1.0,Ukjent,2026-03-03
446254474,Nissan Leaf,https://www.finn.no/mobility/item/446254474,Sarpsborg ∙ Sørlie Bil AS,Sarpsborg,Sørlie Bil AS,1,Østfold,55000.0,2014,160000.0,40.0,33.0,270.0,12.0,2.0,0,1.0,Ukjent,2026-03-03
449351722,Nissan Leaf,https://www.finn.no/mobility/item/449351722,Borgenhaugen,Borgenhaugen,,0,Østfold,239532.0,2022,35640.0,62.0,215.0,385.0,6.966666666666667,1.0,0,1.0,Ukjent,2026-03-03
446235237,Nissan Leaf,https://www.finn.no/mobility/item/446235237,Sarpsborg ∙ M.T Bil Salg Torfi Zoveirizadeh,Sarpsborg,M.T Bil Salg Torfi Zoveirizadeh,1,Østfold,39900.0,2015,151000.0,40.0,109.0,270.0,12.0,2.0,0,0.0,Ukjent,2026-03-03
435835574,Nissan Leaf,https://www.finn.no/mobility/item/435835574,Moss ∙ Moss To-Takt AS,Moss,Moss To-Takt AS,1,Østfold,169000.0,2020,96800.0,62.0,215.0,385.0,-0.6333333333333333,2.0,0,1.0,Ukjent,2026-03-03
452774045,Nissan Leaf,https://www.finn.no/mobility/item/452774045,Sarpsborg ∙ Brennes Auto AS,Sarpsborg,Brennes Auto AS,1,Østfold,175000.0,2020,56000.0,40.0,218.0,270.0,12.0,2.0,0,1.0,Ukjent,2026-03-03
452640461,Nissan Leaf,https://www.finn.no/mobility/item/452640461,Sarpsborg ∙ Brennes Auto AS,Sarpsborg,Brennes Auto AS,1,Østfold,244900.0,2024,6200.0,40.0,150.0,270.0,12.0,2.0,0,1.0,Ukjent,2026-03-03
445800928,Nissan Leaf,https://www.finn.no/mobility/item/445800928,Sarpsborg ∙ Brennes Auto AS,Sarpsborg,Brennes Auto AS,1,Østfold,205000.0,2021,66000.0,40.0,218.0,385.0,12.0,2.0,0,1.0,Ukjent,2026-03-03
449168886,Nissan Leaf,https://www.finn.no/mobility/item/449168886,Sarpsborg ∙ Sørlie Bil AS,Sarpsborg,Sørlie Bil AS,1,Østfold,59000.0,2014,100800.0,40.0,109.0,270.0,12.0,2.0,0,1.0,Ukjent,2026-03-03
452634168,Nissan Leaf,https://www.finn.no/mobility/item/452634168,Moss ∙ Ernø Auto AS,Moss,Ernø Auto AS,1,Østfold,58700.0,2016,71250.0,40.0,109.0,270.0,12.0,2.0,0,0.0,Ukjent,2026-03-03
435030178,Nissan Leaf,https://www.finn.no/mobility/item/435030178,Gressvik ∙ DIAMANT BILPLEIE & BILSALG AS,Gressvik,DIAMANT BILPLEIE & BILSALG AS,1,Østfold,29999.0,2012,145532.0,40.0,109.0,270.0,12.0,2.0,0,0.0,Ukjent,2026-03-03
435621123,Nissan Leaf,https://www.finn.no/mobility/item/435621123,Moss ∙ Dahles Auto Moss AS,Moss,Dahles Auto Moss AS,1,Østfold,189900.0,2023,46000.0,40.0,150.0,278.0,12.0,2.0,0,1.0,Ukjent,2026-03-03
444945210,Nissan Leaf,https://www.finn.no/mobility/item/444945210,Sarpsborg ∙ Brennes Auto AS,Sarpsborg,Brennes Auto AS,1,Østfold,139000.0,2018,35000.0,40.0,150.0,270.0,12.0,2.0,0,1.0,Ukjent,2026-03-03
449156709,Nissan Leaf,https://www.finn.no/mobility/item/449156709,Moss ∙ Brennes Auto Moss AS,Moss,Brennes Auto Moss AS,1,Østfold,129000.0,2019,81050.0,40.0,150.0,275.0,12.0,2.0,0,1.0,Ukjent,2026-03-03
449083796,Nissan Leaf,https://www.finn.no/mobility/item/449083796,Greåker ∙ NULL TIL HUNDRE AS,Greåker,NULL TIL HUNDRE AS,1,Østfold,119000.0,2018,93800.0,40.0,150.0,270.0,12.0,1.0,0,1.0,Ukjent,2026-03-03
444591072,Nissan Leaf,https://www.finn.no/mobility/item/444591072,Sarpsborg ∙ Brennes Auto AS,Sarpsborg,Brennes Auto AS,1,Østfold,189000.0,2022,62600.0,40.0,150.0,270.0,12.0,2.0,0,1.0,Ukjent,2026-03-03
452633733,Nissan Leaf,https://www.finn.no/mobility/item/452633733,Moss ∙ Ernø Auto AS,Moss,Ernø Auto AS,1,Østfold,43700.0,2014,147750.0,40.0,109.0,270.0,12.0,2.0,0,0.0,Ukjent,2026-03-03
434235626,Nissan Leaf,https://www.finn.no/mobility/item/434235626,Halden ∙ Dahles Auto Halden AS,Halden,Dahles Auto Halden AS,1,Østfold,259000.0,2023,39899.0,59.0,218.0,395.0,13.066666666666666,2.0,0,1.0,Ukjent,2026-03-03
444591068,Nissan Leaf,https://www.finn.no/mobility/item/444591068,Sarpsborg ∙ Brennes Auto AS,Sarpsborg,Brennes Auto AS,1,Østfold,209000.0,2022,28700.0,40.0,150.0,270.0,12.0,2.0,0,1.0,Ukjent,2026-03-03
432642916,Nissan Leaf,https://www.finn.no/mobility/item/432642916,Moss ∙ Brennes Auto Moss AS,Moss,Brennes Auto Moss AS,1,Østfold,225000.0,2022,18400.0,40.0,0.0,270.0,12.0,2.0,0,1.0,Ukjent,2026-03-03
448775505,Nissan Leaf,https://www.finn.no/mobility/item/448775505,Sarpsborg ∙ Brennes Auto AS,Sarpsborg,Brennes Auto AS,1,Østfold,229000.0,2023,57500.0,59.0,218.0,385.0,12.0,2.0,0,1.0,Ukjent,2026-03-03
452614914,Nissan Leaf,https://www.finn.no/mobility/item/452614914,Sarpsborg ∙ AUTO DUHOKI AHMED,Sarpsborg,AUTO DUHOKI AHMED,1,Østfold,44942.0,2014,164600.0,24.0,109.0,270.0,23.366666666666667,3.0,0,0.0,Ukjent,2026-03-03
452491086,Nissan Leaf,https://www.finn.no/mobility/item/452491086,Askim ∙ Sulland Bil Askim,Askim,Sulland Bil Askim,1,Østfold,218900.0,2022,40100.0,62.0,217.0,385.0,12.0,2.0,0,1.0,Ukjent,2026-03-03
448727778,Nissan Leaf,https://www.finn.no/mobility/item/448727778,Moss,Moss,,0,Østfold,34942.0,2014,166025.0,24.0,109.0,270.0,18.23333333333333,2.0,0,0.0,Ukjent,2026-03-03
444190985,Nissan Leaf,https://www.finn.no/mobility/item/444190985,Rolvsøy ∙ ROLVSØY BILSALG,Rolvsøy,ROLVSØY BILSALG,1,Østfold,37000.0,2013,140000.0,40.0,109.0,270.0,12.0,2.0,0,0.0,Ukjent,2026-03-03
432214685,Nissan Leaf,https://www.finn.no/mobility/item/432214685,Slitu ∙ ØSTFOLD BILSALG,Slitu,ØSTFOLD BILSALG,1,Østfold,169000.0,2020,47900.0,40.0,150.0,270.0,12.0,2.0,0,1.0,Ukjent,2026-03-03
452408394,Nissan Leaf,https://www.finn.no/mobility/item/452408394,Torp ∙ VELAND AUTO AS,Torp,VELAND AUTO AS,1,Rogaland,98900.0,2018,95700.0,40.0,150.0,270.0,12.0,2.0,0,1.0,Ukjent,2026-03-03
411071449,Nissan Leaf,https://www.finn.no/mobility/item/411071449,Sarpsborg ∙ Grandahl Bil AS avd. Sarpsborg,Sarpsborg,Grandahl Bil AS avd. Sarpsborg,1,Østfold,169000.0,2020,82000.0,40.0,150.0,270.0,12.0,2.0,0,1.0,Ukjent,2026-03-03
405259147,Nissan Leaf,https://www.finn.no/mobility/item/405259147,Kråkerøy ∙ Japan Auto AS,Kråkerøy,Japan Auto AS,1,Østfold,48000.0,2015,154553.0,24.0,109.0,160.0,3.8333333333333335,6.0,0,1.0,Ukjent,2026-03-03
448245939,Nissan Leaf,https://www.finn.no/mobility/item/448245939,Moss ∙ Brennes Auto Moss AS,Moss,Brennes Auto Moss AS,1,Østfold,169000.0,2021,82500.0,62.0,218.0,385.0,12.0,2.0,0,1.0,Ukjent,2026-03-03
452380441,Nissan Leaf,https://www.finn.no/mobility/item/452380441,Rolvsøy ∙ Hvaler Bruktbil AS,Rolvsøy,Hvaler Bruktbil AS,1,Østfold,139900.0,2020,69980.0,40.0,150.0,270.0,12.0,2.0,0,1.0,Ukjent,2026-03-03
443291527,Nissan Leaf,https://www.finn.no/mobility/item/443291527,Gamle Fredrikstad ∙ ØSTFOLD AUTO AS,Gamle Fredrikstad,ØSTFOLD AUTO AS,1,Østfold,159000.0,2019,77000.0,40.0,218.0,270.0,12.0,2.0,0,1.0,Ukjent,2026-03-03
442570576,Nissan Leaf,https://www.finn.no/mobility/item/442570576,Moss ∙ Dahles Auto Moss AS,Moss,Dahles Auto Moss AS,1,Østfold,144900.0,2020,75000.0,40.0,150.0,270.0,12.0,2.0,0,1.0,Ukjent,2026-03-03
448220058,Nissan Leaf,https://www.finn.no/mobility/item/448220058,Moss ∙ Sandvika Bil AS,Moss,Sandvika Bil AS,1,Østfold,119000.0,2019,100300.0,40.0,150.0,280.0,12.0,2.0,0,1.0,Ukjent,2026-03-03
325593233,Nissan Leaf,https://www.finn.no/mobility/item/325593233,Gressvik ∙ Kjelvik Invest,Gressvik,Kjelvik Invest,1,Østfold,67700.0,2015,144900.0,24.0,109.0,155.0,12.0,1.0,0,0.0,Ukjent,2026-03-03
420776811,Nissan Leaf,https://www.finn.no/mobility/item/420776811,Fredrikstad,Fredrikstad,,0,Østfold,104434.0,2018,112000.0,40.0,150.0,270.0,7.0,2.0,0,0.0,Ukjent,2026-03-03
452105854,Nissan Leaf,https://www.finn.no/mobility/item/452105854,Rolvsøy ∙ ROLVSØY BILSALG,Rolvsøy,ROLVSØY BILSALG,1,Østfold,26000.0,2014,187000.0,40.0,109.0,270.0,12.0,2.0,0,0.0,Ukjent,2026-03-03
442278760,Nissan Leaf,https://www.finn.no/mobility/item/442278760,Sarpsborg ∙ Rebil Salgshjelp,Sarpsborg,Rebil Salgshjelp,1,Østfold,31900.0,2012,92500.0,20.0,109.0,90.0,3.933333333333333,2.0,0,0.0,Ukjent,2026-03-03
304263831,Nissan Leaf,https://www.finn.no/mobility/item/304263831,Moss ∙ RS BILMEGLING AS,Moss,RS BILMEGLING AS,1,Østfold,239800.0,2022,20000.0,40.0,150.0,270.0,12.0,2.0,0,1.0,Ukjent,2026-03-03
448183513,Nissan Leaf,https://www.finn.no/mobility/item/448183513,Fredrikstad ∙ BILSALG NORGE AS,Fredrikstad,BILSALG NORGE AS,1,Østfold,47942.0,2014,120100.0,24.0,109.0,270.0,7.0,1.0,0,0.0,Ukjent,2026-03-03
448019563,Nissan Leaf,https://www.finn.no/mobility/item/448019563,Moss ∙ Rebil,Moss,Rebil,1,Østfold,169900.0,2019,101000.0,62.0,218.0,385.0,12.0,2.0,0,1.0,Ukjent,2026-03-03
452071269,Nissan Leaf,https://www.finn.no/mobility/item/452071269,Våler i Østfold,Våler i Østfold,,0,Østfold,36942.0,2013,138000.0,24.0,109.0,112.0,14.766666666666667,3.0,0,0.0,Ukjent,2026-03-03
292475198,Nissan Leaf,https://www.finn.no/mobility/item/292475198,Rygge ∙ ØRA AUTO AS,Rygge,ØRA AUTO AS,1,Oslo/Akershus,169000.0,2018,39800.0,40.0,150.0,270.0,12.0,2.0,0,1.0,Ukjent,2026-03-03
439627708,Nissan Leaf,https://www.finn.no/mobility/item/439627708,Tomter,Tomter,,0,Oslo/Akershus,59434.0,2016,100021.0,30.0,109.0,250.0,1.0333333333333334,2.0,0,0.0,Ukjent,2026-03-03
442181534,Nissan Leaf,https://www.finn.no/mobility/item/442181534,Sarpsborg ∙ Sørlie Bil AS,Sarpsborg,Sørlie Bil AS,1,Østfold,55000.0,2014,154000.0,40.0,150.0,270.0,12.0,2.0,0,1.0,Ukjent,2026-03-03
451834661,Nissan Leaf,https://www.finn.no/mobility/item/451834661,Sarpsborg ∙ Brennes Auto AS,Sarpsborg,Brennes Auto AS,1,Østfold,189900.0,2020,69500.0,62.0,218.0,384.0,12.0,2.0,0,0.0,Ukjent,2026-03-03
441720972,Nissan Leaf,https://www.finn.no/mobility/item/441720972,Greåker ∙ BIL & MEK AS,Greåker,BIL & MEK AS,1,Østfold,25000.0,2017,157800.0,30.0,109.0,270.0,-27.5,1.0,0,0.0,Ukjent,2026-03-03
451641454,Nissan Leaf,https://www.finn.no/mobility/item/451641454,Halden ∙ Mobility Halden AS,Halden,Mobility Halden AS,1,Østfold,189000.0,2021,63200.0,59.0,217.0,385.0,12.0,2.0,0,1.0,Ukjent,2026-03-03
451832445,Nissan Leaf,https://www.finn.no/mobility/item/451832445,Sarpsborg ∙ Brennes Auto AS,Sarpsborg,Brennes Auto AS,1,Østfold,209000.0,2021,57000.0,62.0,218.0,385.0,12.0,1.0,0,1.0,Ukjent,2026-03-03
441605315,Nissan Leaf,https://www.finn.no/mobility/item/441605315,Sarpsborg ∙ Grandahl Bil AS avd. Sarpsborg,Sarpsborg,Grandahl Bil AS avd. Sarpsborg,1,Østfold,179000.0,2020,49000.0,40.0,150.0,270.0,12.0,2.0,0,1.0,Ukjent,2026-03-03
453249223,Nissan Leaf,https://www.finn.no/mobility/item/453249223,Stathelle ∙ Telemark Bilutsalg AS,Stathelle,Telemark Bilutsalg AS,1,Vestfold/Telemark,34900.0,2015,116200.0,40.0,109.0,270.0,12.0,2.0,0,0.0,Ukjent,2026-03-03
451777175,Nissan Leaf,https://www.finn.no/mobility/item/451777175,Ulefoss,Ulefoss,,0,Vestfold/Telemark,134000.0,2019,58000.0,40.0,150.0,270.0,16.0,2.0,0,0.0,Ukjent,2026-03-03
453112654,Nissan Leaf,https://www.finn.no/mobility/item/453112654,Porsgrunn,Porsgrunn,,0,Vestfold/Telemark,29942.0,2013,108000.0,40.0,109.0,270.0,23.933333333333334,3.0,0,0.0,Ukjent,2026-03-03
452469723,Nissan Leaf,https://www.finn.no/mobility/item/452469723,Skien ∙ KARS Nenset,Skien,KARS Nenset,1,Vestfold/Telemark,22000.0,2013,114000.0,24.0,109.0,270.0,12.0,2.0,0,1.0,Ukjent,2026-03-03
445804901,Nissan Leaf,https://www.finn.no/mobility/item/445804901,Bø i Telemark,Bø i Telemark,,0,Vestfold/Telemark,114432.0,2019,99850.0,40.0,150.0,270.0,8.666666666666666,1.0,0,1.0,Ukjent,2026-03-03
452409778,Nissan Leaf,https://www.finn.no/mobility/item/452409778,Skien ∙ GRENLAND BIL AS,Skien,GRENLAND BIL AS,1,Vestfold/Telemark,159000.0,2020,74000.0,40.0,150.0,270.0,12.0,2.0,0,0.0,Ukjent,2026-03-03
452395330,Nissan Leaf,https://www.finn.no/mobility/item/452395330,Skien ∙ Mobile Skien AS,Skien,Mobile Skien AS,1,Vestfold/Telemark,129000.0,2018,67800.0,40.0,150.0,270.0,2.933333333333333,2.0,0,1.0,Ukjent,2026-03-03
452379736,Nissan Leaf,https://www.finn.no/mobility/item/452379736,Notodden ∙ RS Bilsenter AS,Notodden,RS Bilsenter AS,1,Vestfold/Telemark,173532.0,2020,44000.0,62.0,215.0,385.0,-24.53333333333333,1.0,0,1.0,Ukjent,2026-03-03
446617108,Nissan Leaf,https://www.finn.no/mobility/item/446617108,Bø i Telemark,Bø i Telemark,,0,Vestfold/Telemark,169932.0,2020,86000.0,62.0,215.0,385.0,2.333333333333333,2.0,0,0.0,Ukjent,2026-03-03
451464875,Nissan Leaf,https://www.finn.no/mobility/item/451464875,Bø i Telemark ∙ Mobile Bø AS,Bø i Telemark,Mobile Bø AS,1,Vestfold/Telemark,149900.0,2021,79518.0,40.0,150.0,270.0,8.566666666666666,2.0,0,1.0,Ukjent,2026-03-03
451011559,Nissan Leaf,https://www.finn.no/mobility/item/451011559,Skien ∙ Mobile Skien AS,Skien,Mobile Skien AS,1,Vestfold/Telemark,229000.0,2023,73582.0,59.0,218.0,395.0,13.5,2.0,0,1.0,Ukjent,2026-03-03
451126986,Nissan Leaf,https://www.finn.no/mobility/item/451126986,Stathelle ∙ Telemark Bilutsalg AS,Stathelle,Telemark Bilutsalg AS,1,Vestfold/Telemark,24900.0,2013,156800.0,40.0,109.0,270.0,12.0,3.0,0,0.0,Ukjent,2026-03-03
451327405,Nissan Leaf,https://www.finn.no/mobility/item/451327405,Stathelle ∙ Telemark Bilutsalg AS,Stathelle,Telemark Bilutsalg AS,1,Vestfold/Telemark,27500.0,2016,137800.0,40.0,109.0,270.0,12.0,2.0,0,0.0,Ukjent,2026-03-03
449909764,Nissan Leaf,https://www.finn.no/mobility/item/449909764,Kviteseid,Kviteseid,,0,Vestfold/Telemark,91532.0,2018,155000.0,40.0,150.0,220.0,15.066666666666666,2.0,0,0.0,Ukjent,2026-03-03
449714209,Nissan Leaf,https://www.finn.no/mobility/item/449714209,Ulefoss,Ulefoss,,0,Vestfold/Telemark,199900.0,2023,51000.0,39.0,150.0,270.0,15.633333333333333,1.0,0,1.0,Ukjent,2026-03-03
448242354,Nissan Leaf,https://www.finn.no/mobility/item/448242354,Skien ∙ STAR BIL AS,Skien,STAR BIL AS,1,Vestfold/Telemark,179000.0,2021,85000.0,40.0,218.0,270.0,12.0,2.0,0,1.0,Ukjent,2026-03-03
449494112,Nissan Leaf,https://www.finn.no/mobility/item/449494112,Skien ∙ Mobile Skien AS,Skien,Mobile Skien AS,1,Vestfold/Telemark,49000.0,2013,117755.0,24.0,109.0,270.0,18.166666666666668,2.0,0,1.0,Ukjent,2026-03-03
449360296,Nissan Leaf,https://www.finn.no/mobility/item/449360296,Porsgrunn ∙ PANORAMA AUTO AS,Porsgrunn,PANORAMA AUTO AS,1,Vestfold/Telemark,40800.0,2013,54500.0,40.0,109.0,270.0,12.0,2.0,0,0.0,Ukjent,2026-03-03
447454710,Nissan Leaf,https://www.finn.no/mobility/item/447454710,Skien ∙ C.S Bil Norge AS,Skien,C.S Bil Norge AS,1,Vestfold/Telemark,115000.0,2018,97600.0,40.0,150.0,270.0,6.8,2.0,0,1.0,Ukjent,2026-03-03
448106701,Nissan Leaf,https://www.finn.no/mobility/item/448106701,Skien ∙ AUTOMOTOR AS,Skien,AUTOMOTOR AS,1,Vestfold/Telemark,239000.0,2024,13900.0,40.0,150.0,278.0,12.0,2.0,0,1.0,Ukjent,2026-03-03
444938061,Nissan Leaf,https://www.finn.no/mobility/item/444938061,Porsgrunn ∙ PANORAMA AUTO AS,Porsgrunn,PANORAMA AUTO AS,1,Vestfold/Telemark,173900.0,2020,64363.0,40.0,218.0,385.0,12.0,2.0,0,1.0,Ukjent,2026-03-03
441508099,Nissan Leaf,https://www.finn.no/mobility/item/441508099,Bø i Telemark ∙ Mobile Bø AS,Bø i Telemark,Mobile Bø AS,1,Vestfold/Telemark,158900.0,2020,46909.0,40.0,150.0,270.0,0.0333333333333333,2.0,0,1.0,Ukjent,2026-03-03
441012108,Nissan Leaf,https://www.finn.no/mobility/item/441012108,Stathelle ∙ Telemark Bilutsalg AS,Stathelle,Telemark Bilutsalg AS,1,Vestfold/Telemark,169900.0,2021,30700.0,40.0,150.0,270.0,12.0,1.0,0,0.0,Ukjent,2026-03-03
441012966,Nissan Leaf,https://www.finn.no/mobility/item/441012966,Stathelle ∙ Telemark Bilutsalg AS,Stathelle,Telemark Bilutsalg AS,1,Vestfold/Telemark,144900.0,2021,40700.0,40.0,150.0,270.0,12.0,1.0,0,0.0,Ukjent,2026-03-03
440200253,Nissan Leaf,https://www.finn.no/mobility/item/440200253,Skien ∙ Lassen Auto AS,Skien,Lassen Auto AS,1,Vestfold/Telemark,198800.0,2022,26489.0,40.0,150.0,280.0,12.0,2.0,0,1.0,Ukjent,2026-03-03
434712232,Nissan Leaf,https://www.finn.no/mobility/item/434712232,Kyrksæterøra,Kyrksæterøra,,0,Annet,94434.0,2018,162523.0,40.0,150.0,270.0,23.266666666666666,2.0,0,0.0,Tekna,2026-03-03
451385081,Nissan Leaf,https://www.finn.no/mobility/item/451385081,Brumunddal ∙ GEIR EVENSTAD,Brumunddal,GEIR EVENSTAD,1,Annet,179900.0,2022,27000.0,39.0,150.0,270.0,7.233333333333333,1.0,0,1.0,Visia,2026-03-03
453002168,Nissan Leaf,https://www.finn.no/mobility/item/453002168,Ulsteinvik,Ulsteinvik,,0,Annet,124532.0,2018,96000.0,40.0,150.0,270.0,9.033333333333331,5.0,0,0.0,Tekna,2026-03-03
453554500,Nissan Leaf,https://www.finn.no/mobility/item/453554500,Skodje ∙ Auksjonen.No AS,Skodje,Auksjonen.No AS,1,Annet,144532.0,2021,39000.0,40.0,150.0,270.0,12.0,1.0,0,0.0,Ukjent,2026-03-03
453011642,Nissan Leaf,https://www.finn.no/mobility/item/453011642,Gjettum,Gjettum,,0,Annet,49532.0,2015,80000.0,24.0,109.0,150.0,13.233333333333333,2.0,0,0.0,Tekna,2026-03-03
453551279,Nissan Leaf,https://www.finn.no/mobility/item/453551279,Tromsdalen ∙ Biltrend Tromsø AS,Tromsdalen,Biltrend Tromsø AS,1,Annet,99098.0,2017,46000.0,30.0,109.0,270.0,12.0,1.0,0,0.0,Ukjent,2026-03-03
453472010,Nissan Leaf,https://www.finn.no/mobility/item/453472010,Rud ∙ Birger N. Haug AS avd. Rud,Rud,Birger N. Haug AS avd. Rud,1,Annet,229900.0,2022,41959.0,62.0,215.0,270.0,12.0,1.0,0,1.0,Ukjent,2026-03-03
452487759,Nissan Leaf,https://www.finn.no/mobility/item/452487759,Skedsmokorset,Skedsmokorset,,0,Annet,26942.0,2014,256000.0,24.0,109.0,120.0,23.933333333333334,1.0,0,0.0,Ukjent,2026-03-03
453468914,Nissan Leaf,https://www.finn.no/mobility/item/453468914,Bodø ∙ Sulland Bodø,Bodø,Sulland Bodø,1,Nord-Norge,219000.0,2021,46326.0,62.0,215.0,385.0,17.7,1.0,0,1.0,Tekna,2026-03-03
452990764,Nissan Leaf,https://www.finn.no/mobility/item/452990764,Kristiansand S ∙ Premium Auto AS,Kristiansand S,Premium Auto AS,1,Sørlandet,169000.0,2022,62000.0,40.0,150.0,285.0,12.0,1.0,0,1.0,Ukjent,2026-03-03
453226961,Nissan Leaf,https://www.finn.no/mobility/item/453226961,Åfjord,Åfjord,,0,Annet,36942.0,2013,82558.0,24.0,109.0,270.0,18.03333333333333,3.0,0,0.0,Ukjent,2026-03-03
453528998,Nissan Leaf,https://www.finn.no/mobility/item/453528998,Sjøvegan,Sjøvegan,,0,Annet,109532.0,2018,132678.0,40.0,150.0,270.0,21.866666666666667,3.0,0,0.0,Ukjent,2026-03-03
452997850,Nissan Leaf,https://www.finn.no/mobility/item/452997850,Ankenes,Ankenes,,0,Annet,219532.0,2021,65500.0,62.0,215.0,385.0,15.2,1.0,0,0.0,Ukjent,2026-03-03
453518314,Nissan Leaf,https://www.finn.no/mobility/item/453518314,Bru,Bru,,0,Annet,118532.0,2018,110350.0,40.0,150.0,270.0,8.033333333333333,1.0,0,0.0,Tekna,2026-03-03
453462141,Nissan Leaf,https://www.finn.no/mobility/item/453462141,Kristiansand S,Kristiansand S,,0,Sørlandet,33942.0,2013,140000.0,40.0,109.0,100.0,9.133333333333333,2.0,0,0.0,Ukjent,2026-03-03
453462062,Nissan Leaf,https://www.finn.no/mobility/item/453462062,Rud ∙ Birger N. Haug Outlet Rud,Rud,Birger N. Haug Outlet Rud,1,Annet,99900.0,2018,148548.0,40.0,150.0,270.0,23.266666666666666,1.0,0,0.0,Ukjent,2026-03-03
453458451,Nissan Leaf,https://www.finn.no/mobility/item/453458451,Klæbu ∙ Auksjonen.No AS,Klæbu,Auksjonen.No AS,1,Annet,21942.0,2012,121000.0,40.0,109.0,270.0,12.0,1.0,0,0.0,Ukjent,2026-03-03
450430726,Nissan Leaf,https://www.finn.no/mobility/item/450430726,Rud ∙ Birger N. Haug Outlet Rud,Rud,Birger N. Haug Outlet Rud,1,Annet,48900.0,2016,120000.0,30.0,109.0,270.0,13.933333333333334,1.0,0,0.0,Tekna,2026-03-03
452985303,Nissan Leaf,https://www.finn.no/mobility/item/452985303,Drammen ∙ AUTO REFRANCE AS,Drammen,AUTO REFRANCE AS,1,Oslo/Akershus,149999.0,2021,151000.0,40.0,218.0,385.0,12.0,1.0,0,1.0,Ukjent,2026-03-03
453518885,Nissan Leaf,https://www.finn.no/mobility/item/453518885,Åros ∙ Birger N Haug AS avd Røyken,Åros,Birger N Haug AS avd Røyken,1,Vestland,114900.0,2018,75355.0,40.0,150.0,270.0,23.8,1.0,0,1.0,Ukjent,2026-03-03
452861330,Nissan Leaf,https://www.finn.no/mobility/item/452861330,Skodje,Skodje,,0,Annet,135532.0,2019,118756.0,40.0,150.0,270.0,11.8,2.0,0,0.0,N-Connecta,2026-03-03
453454369,Nissan Leaf,https://www.finn.no/mobility/item/453454369,Andebu,Andebu,,0,Annet,104532.0,2018,113350.0,40.0,150.0,270.0,23.266666666666666,3.0,0,0.0,Ukjent,2026-03-03
453508885,Nissan Leaf,https://www.finn.no/mobility/item/453508885,Harstad,Harstad,,0,Nord-Norge,156532.0,2019,60580.0,40.0,150.0,270.0,12.566666666666666,1.0,0,0.0,Tekna,2026-03-03
453453882,Nissan Leaf,https://www.finn.no/mobility/item/453453882,Trondheim ∙ Melhus Bil Trondheim AS,Trondheim,Melhus Bil Trondheim AS,1,Trøndelag,179900.0,2021,31063.0,40.0,150.0,270.0,12.0,1.0,0,1.0,Ukjent,2026-03-03
453313855,Nissan Leaf,https://www.finn.no/mobility/item/453313855,Oslo,Oslo,,0,Oslo/Akershus,157532.0,2020,84000.0,62.0,215.0,385.0,9.6,5.0,0,0.0,Ukjent,2026-03-03
450486981,Nissan Leaf,https://www.finn.no/mobility/item/450486981,Ingeberg,Ingeberg,,0,Annet,52532.0,2015,75000.0,24.0,109.0,270.0,17.966666666666665,2.0,0,0.0,Ukjent,2026-03-03
453161230,Nissan Leaf,https://www.finn.no/mobility/item/453161230,Skarnes,Skarnes,,0,Annet,31842.0,2013,174200.0,24.0,109.0,270.0,14.833333333333334,1.0,0,0.0,Tekna,2026-03-03
453452502,Nissan Leaf,https://www.finn.no/mobility/item/453452502,Kongsvinger ∙ Toyota Sulland Kongsvinger,Kongsvinger,Toyota Sulland Kongsvinger,1,Annet,64000.0,2017,133000.0,30.0,109.0,120.0,12.0,1.0,0,1.0,Tekna,2026-03-03
453507749,Nissan Leaf,https://www.finn.no/mobility/item/453507749,Stange ∙ Torgersen Bil AS,Stange,Torgersen Bil AS,1,Annet,58532.0,2015,108000.0,24.0,109.0,270.0,13.066666666666666,2.0,0,0.0,Ukjent,2026-03-03
452978310,Nissan Leaf,https://www.finn.no/mobility/item/452978310,Bodø ∙ Auksjonen.No AS,Bodø,Auksjonen.No AS,1,Nord-Norge,44532.0,2015,114869.0,40.0,109.0,270.0,12.0,1.0,0,0.0,Tekna,2026-03-03
453501608,Nissan Leaf,https://www.finn.no/mobility/item/453501608,Åros ∙ Birger N Haug AS avd Røyken,Åros,Birger N Haug AS avd Røyken,1,Vestland,124900.0,2020,109000.0,40.0,150.0,270.0,24.066666666666663,1.0,0,1.0,Ukjent,2026-03-03
453446880,Nissan Leaf,https://www.finn.no/mobility/item/453446880,Trondheim ∙ Auto 8-8 Witro AS,Trondheim,Auto 8-8 Witro AS,1,Trøndelag,168900.0,2021,44100.0,39.0,149.0,270.0,12.0,1.0,0,1.0,Ukjent,2026-03-03
449932019,Nissan Leaf,https://www.finn.no/mobility/item/449932019,Ås,Ås,,0,Annet,67532.0,2016,146800.0,30.0,109.0,250.0,20.666666666666668,7.0,0,0.0,Ukjent,2026-03-03
453496501,Nissan Leaf,https://www.finn.no/mobility/item/453496501,Oslo ∙ BROEN BIL AS,Oslo,BROEN BIL AS,1,Oslo/Akershus,64942.0,2013,37100.0,24.0,109.0,150.0,15.733333333333333,1.0,0,1.0,Acenta,2026-03-03
452972769,Nissan Leaf,https://www.finn.no/mobility/item/452972769,Kristiansand S ∙ Gumpen Motor,Kristiansand S,Gumpen Motor,1,Sørlandet,169000.0,2022,46866.0,39.0,149.0,285.0,12.0,1.0,0,1.0,Visia,2026-03-03
453126979,Nissan Leaf,https://www.finn.no/mobility/item/453126979,Tveit,Tveit,,0,Annet,33900.0,2013,244863.0,40.0,109.0,270.0,15.266666666666667,3.0,0,0.0,Ukjent,2026-03-03
453444415,Nissan Leaf,https://www.finn.no/mobility/item/453444415,Trondheim ∙ Melhus Bil Trondheim AS,Trondheim,Melhus Bil Trondheim AS,1,Trøndelag,179900.0,2021,39133.0,40.0,150.0,270.0,12.0,1.0,0,1.0,Acenta,2026-03-03
452971240,Nissan Leaf,https://www.finn.no/mobility/item/452971240,Stjørdal ∙ Auto 8-8 Trio AS,Stjørdal,Auto 8-8 Trio AS,1,Trøndelag,189000.0,2021,91000.0,59.0,217.0,385.0,12.0,1.0,0,1.0,N-Connecta,2026-03-03
453116923,Nissan Leaf,https://www.finn.no/mobility/item/453116923,Ulsteinvik,Ulsteinvik,,0,Annet,199532.0,2022,43917.0,39.0,150.0,270.0,7.6,1.0,0,1.0,Tekna,2026-03-03
453440607,Nissan Leaf,https://www.finn.no/mobility/item/453440607,Vinstra ∙ Auto24 AS,Vinstra,Auto24 AS,1,Annet,49995.0,2014,95885.0,24.0,109.0,135.0,12.0,3.0,0,1.0,Ukjent,2026-03-03
453488586,Nissan Leaf,https://www.finn.no/mobility/item/453488586,Dombås,Dombås,,0,Annet,209532.0,2018,158000.0,40.0,150.0,270.0,22.83333333333333,2.0,0,0.0,Ukjent,2026-03-03
452679250,Nissan Leaf,https://www.finn.no/mobility/item/452679250,Gardermoen ∙ Birger N. Haug AS avd Gardermoen Outlet,Gardermoen,Birger N. Haug AS avd Gardermoen Outlet,1,Annet,144900.0,2019,50929.0,40.0,150.0,270.0,15.7,1.0,0,0.0,Tekna,2026-03-03
453487638,Nissan Leaf,https://www.finn.no/mobility/item/453487638,Sem ∙ Mobile Jarlsberg AS,Sem,Mobile Jarlsberg AS,1,Vestfold/Telemark,119000.0,2018,108846.0,40.0,150.0,270.0,24.2,1.0,0,1.0,Ukjent,2026-03-03
452968730,Nissan Leaf,https://www.finn.no/mobility/item/452968730,Kristiansand S ∙ Gumpen Motor,Kristiansand S,Gumpen Motor,1,Sørlandet,239000.0,2024,17668.0,39.0,149.0,278.0,12.0,1.0,0,1.0,Tekna,2026-03-03
452966668,Nissan Leaf,https://www.finn.no/mobility/item/452966668,Kristiansand S ∙ Gumpen Motor,Kristiansand S,Gumpen Motor,1,Sørlandet,239000.0,2024,20220.0,39.0,149.0,278.0,12.0,1.0,0,0.0,Ukjent,2026-03-03
450751640,Nissan Leaf,https://www.finn.no/mobility/item/450751640,Gardermoen ∙ Birger N. Haug AS avd Gardermoen Outlet,Gardermoen,Birger N. Haug AS avd Gardermoen Outlet,1,Annet,84900.0,2018,181000.0,40.0,150.0,270.0,24.2,1.0,0,0.0,Tekna,2026-03-03
450895613,Nissan Leaf,https://www.finn.no/mobility/item/450895613,Midsund,Midsund,,0,Annet,64532.0,2017,164841.0,30.0,109.0,120.0,23.433333333333334,3.0,0,0.0,Ukjent,2026-03-03
452940660,Nissan Leaf,https://www.finn.no/mobility/item/452940660,Straumsgrend,Straumsgrend,,0,Annet,119000.0,2018,106000.0,40.0,150.0,270.0,25.4,1.0,0,0.0,Ukjent,2026-03-03
453116071,Nissan Leaf,https://www.finn.no/mobility/item/453116071,Steinkjer ∙ Steinkjer Bil AS,Steinkjer,Steinkjer Bil AS,1,Annet,249000.0,2022,43000.0,62.0,218.0,395.0,12.0,1.0,0,1.0,Ukjent,2026-03-03
448529309,Nissan Leaf,https://www.finn.no/mobility/item/448529309,Lillestrøm ∙ Birger N. Haug AS Lillestrøm,Lillestrøm,Birger N. Haug AS Lillestrøm,1,Oslo/Akershus,149900.0,2021,57232.0,40.0,150.0,270.0,13.566666666666666,1.0,0,1.0,Ukjent,2026-03-03
453476798,Nissan Leaf,https://www.finn.no/mobility/item/453476798,Lillesand,Lillesand,,0,Annet,28532.0,2016,126766.0,30.0,109.0,270.0,2.8,3.0,0,0.0,Tekna,2026-03-03
452959306,Nissan Leaf,https://www.finn.no/mobility/item/452959306,Kristiansand S ∙ Gumpen Motor,Kristiansand S,Gumpen Motor,1,Sørlandet,229000.0,2022,29728.0,59.0,217.0,396.0,12.0,1.0,0,1.0,e+,2026-03-03
453477159,Nissan Leaf,https://www.finn.no/mobility/item/453477159,Rud ∙ Birger N. Haug Outlet Rud,Rud,Birger N. Haug Outlet Rud,1,Annet,149900.0,2021,115803.0,40.0,150.0,270.0,24.066666666666663,1.0,0,0.0,Ukjent,2026-03-03
453112305,Nissan Leaf,https://www.finn.no/mobility/item/453112305,Bodø ∙ iBiln AS avd. Bodø,Bodø,iBiln AS avd. Bodø,1,Nord-Norge,219900.0,2022,82150.0,40.0,122.0,396.0,12.0,1.0,0,1.0,Tekna,2026-03-03
453423697,Nissan Leaf,https://www.finn.no/mobility/item/453423697,Oslo ∙ Mobile Skøyen AS,Oslo,Mobile Skøyen AS,1,Oslo/Akershus,238900.0,2023,41388.0,59.0,218.0,395.0,12.033333333333331,1.0,0,1.0,N-Connecta,2026-03-03
453425363,Nissan Leaf,https://www.finn.no/mobility/item/453425363,Hønefoss ∙ Bertel O. Steen Ringerike,Hønefoss,Bertel O. Steen Ringerike,1,Vestland,159000.0,2021,122000.0,59.0,217.0,385.0,12.0,1.0,0,1.0,N-Connecta,2026-03-03
453473663,Nissan Leaf,https://www.finn.no/mobility/item/453473663,Arendal ∙ AUTO COMPANY AS,Arendal,AUTO COMPANY AS,1,Sørlandet,129900.0,2018,47632.0,40.0,150.0,270.0,12.0,1.0,0,1.0,Tekna,2026-03-03
453415743,Nissan Leaf,https://www.finn.no/mobility/item/453415743,Oslo ∙ Bilnor Outlet,Oslo,Bilnor Outlet,1,Oslo/Akershus,55000.0,2017,103700.0,30.0,109.0,270.0,11.766666666666667,3.0,0,0.0,Tekna,2026-03-03
453473376,Nissan Leaf,https://www.finn.no/mobility/item/453473376,Arendal ∙ AUTO COMPANY AS,Arendal,AUTO COMPANY AS,1,Sørlandet,129900.0,2019,51979.0,40.0,150.0,270.0,12.0,2.0,0,1.0,Ukjent,2026-03-03
452956303,Nissan Leaf,https://www.finn.no/mobility/item/452956303,Kristiansand S ∙ Gumpen Motor,Kristiansand S,Gumpen Motor,1,Sørlandet,199000.0,2022,9723.0,39.0,150.0,278.0,12.0,1.0,0,1.0,Ukjent,2026-03-03
453078912,Nissan Leaf,https://www.finn.no/mobility/item/453078912,Steinkjer ∙ Steinkjer Bil AS,Steinkjer,Steinkjer Bil AS,1,Annet,285000.0,2023,9000.0,62.0,218.0,378.0,12.0,1.0,0,1.0,Ukjent,2026-03-03
450293931,Nissan Leaf,https://www.finn.no/mobility/item/450293931,Gardermoen ∙ Birger N. Haug AS avd Gardermoen Outlet,Gardermoen,Birger N. Haug AS avd Gardermoen Outlet,1,Annet,109900.0,2018,93000.0,40.0,150.0,270.0,9.2,1.0,0,0.0,Tekna,2026-03-03
452935876,Nissan Leaf,https://www.finn.no/mobility/item/452935876,Kjeller,Kjeller,,0,Annet,144432.0,2019,91600.0,40.0,150.0,270.0,18.7,1.0,0,0.0,Tekna,2026-03-03
453065943,Nissan Leaf,https://www.finn.no/mobility/item/453065943,Ski ∙ Birger N. Haug Ski,Ski,Birger N. Haug Ski,1,Oslo/Akershus,252900.0,2024,44723.0,59.0,218.0,395.0,23.5,1.0,0,1.0,N-Connecta,2026-03-03
453065682,Nissan Leaf,https://www.finn.no/mobility/item/453065682,Ski ∙ Birger N. Haug Ski,Ski,Birger N. Haug Ski,1,Oslo/Akershus,219900.0,2023,78012.0,59.0,218.0,395.0,11.3,1.0,0,1.0,Ukjent,2026-03-03
452952743,Nissan Leaf,https://www.finn.no/mobility/item/452952743,Kristiansand S ∙ Mobile Sørlandsparken AS,Kristiansand S,Mobile Sørlandsparken AS,1,Sørlandet,219000.0,2022,49100.0,62.0,215.0,270.0,22.866666666666667,1.0,0,1.0,N-Connecta,2026-03-03
452823629,Nissan Leaf,https://www.finn.no/mobility/item/452823629,Gardermoen ∙ Birger N. Haug AS avd Gardermoen Outlet,Gardermoen,Birger N. Haug AS avd Gardermoen Outlet,1,Annet,179900.0,2020,70305.0,62.0,215.0,385.0,9.566666666666666,1.0,0,0.0,N-Connecta,2026-03-03
453035306,Nissan Leaf,https://www.finn.no/mobility/item/453035306,Tromsø,Tromsø,,0,Nord-Norge,129532.0,2019,93449.0,40.0,150.0,270.0,12.933333333333334,2.0,0,0.0,Tekna,2026-03-03
453407576,Nissan Leaf,https://www.finn.no/mobility/item/453407576,Rud ∙ Birger N. Haug AS avd. Rud,Rud,Birger N. Haug AS avd. Rud,1,Annet,199900.0,2022,38500.0,39.0,150.0,278.0,9.266666666666667,1.0,0,1.0,N-Connecta,2026-03-03
453009232,Nissan Leaf,https://www.finn.no/mobility/item/453009232,Kristiansand S,Kristiansand S,,0,Sørlandet,33532.0,2015,143000.0,24.0,109.0,110.0,10.866666666666667,1.0,0,0.0,Ukjent,2026-03-03
453013319,Nissan Leaf,https://www.finn.no/mobility/item/453013319,Jaren,Jaren,,0,Annet,54999.0,2015,82403.0,24.0,109.0,150.0,15.9,2.0,0,0.0,Ukjent,2026-03-03
451929048,Nissan Leaf,https://www.finn.no/mobility/item/451929048,Gardermoen ∙ Birger N. Haug AS avd Gardermoen Outlet,Gardermoen,Birger N. Haug AS avd Gardermoen Outlet,1,Annet,144900.0,2020,63659.0,40.0,150.0,270.0,24.133333333333333,1.0,0,0.0,N-Connecta,2026-03-03
433626715,Nissan Leaf,https://www.finn.no/mobility/item/433626715,Vanvikan,Vanvikan,,0,Annet,139434.0,2019,122000.0,62.0,215.0,385.0,14.566666666666666,1.0,0,0.0,Tekna,2026-03-03
453405191,Nissan Leaf,https://www.finn.no/mobility/item/453405191,Rud ∙ Birger N. Haug AS avd. Rud,Rud,Birger N. Haug AS avd. Rud,1,Annet,229900.0,2024,22660.0,39.0,150.0,278.0,25.6,1.0,0,1.0,N-Connecta,2026-03-03
453403393,Nissan Leaf,https://www.finn.no/mobility/item/453403393,Rasta ∙ Auksjonen.No AS,Rasta,Auksjonen.No AS,1,Annet,65532.0,2019,218000.0,40.0,150.0,270.0,12.0,1.0,0,0.0,Ukjent,2026-03-03
453401055,Nissan Leaf,https://www.finn.no/mobility/item/453401055,Oslo,Oslo,,0,Oslo/Akershus,16942.0,2013,134215.0,40.0,109.0,270.0,0.5666666666666667,2.0,0,0.0,Ukjent,2026-03-03
453351357,Nissan Leaf,https://www.finn.no/mobility/item/453351357,Tromsø,Tromsø,,0,Nord-Norge,16942.0,2013,144000.0,24.0,109.0,50.0,12.033333333333331,4.0,0,0.0,Ukjent,2026-03-03
453326933,Nissan Leaf,https://www.finn.no/mobility/item/453326933,Skjetten ∙ Møller Bil Bruktbil avd. Outlet Stor-Oslo,Skjetten,Møller Bil Bruktbil avd. Outlet Stor-Oslo,1,Annet,59000.0,2017,75000.0,40.0,109.0,270.0,12.066666666666666,1.0,0,1.0,Ukjent,2026-03-03
453330939,Nissan Leaf,https://www.finn.no/mobility/item/453330939,Vennesla,Vennesla,,0,Annet,36942.0,2013,106600.0,40.0,109.0,270.0,10.133333333333333,1.0,0,0.0,Ukjent,2026-03-03
453309741,Nissan Leaf,https://www.finn.no/mobility/item/453309741,Klokkarvik,Klokkarvik,,0,Annet,52532.0,2017,168000.0,30.0,109.0,270.0,15.1,1.0,0,0.0,Ukjent,2026-03-03
453307370,Nissan Leaf,https://www.finn.no/mobility/item/453307370,Nesoddtangen,Nesoddtangen,,0,Annet,14942.0,2013,142000.0,40.0,109.0,270.0,8.266666666666667,3.0,0,0.0,Ukjent,2026-03-03
453299889,Nissan Leaf,https://www.finn.no/mobility/item/453299889,Skodje,Skodje,,0,Annet,33942.0,2013,103500.0,40.0,109.0,270.0,22.7,4.0,0,0.0,Ukjent,2026-03-03
453303332,Nissan Leaf,https://www.finn.no/mobility/item/453303332,Jakobsli,Jakobsli,,0,Annet,114532.0,2018,92440.0,40.0,150.0,270.0,6.0,2.0,0,0.0,N-Connecta,2026-03-03
448070988,Nissan Leaf,https://www.finn.no/mobility/item/448070988,Ski,Ski,,0,Oslo/Akershus,187505.0,2023,32736.0,39.0,150.0,270.0,12.933333333333334,1.0,0,1.0,N-Connecta,2026-03-03
453275492,Nissan Leaf,https://www.finn.no/mobility/item/453275492,Kristiansand S ∙ BERGES AUTO AS,Kristiansand S,BERGES AUTO AS,1,Sørlandet,49995.0,2014,135000.0,24.0,109.0,270.0,23.0,1.0,0,1.0,Ukjent,2026-03-03
449913229,Nissan Leaf,https://www.finn.no/mobility/item/449913229,Rådal,Rådal,,0,Vestland,41532.0,2015,77330.0,24.0,109.0,270.0,15.6,1.0,0,0.0,Tekna,2026-03-03
426670130,Nissan Leaf,https://www.finn.no/mobility/item/426670130,Ørsta,Ørsta,,0,Annet,139000.0,2020,88000.0,40.0,150.0,270.0,18.2,1.0,0,0.0,Ukjent,2026-03-03
452796100,Nissan Leaf,https://www.finn.no/mobility/item/452796100,Hamar ∙ Storhamar Bil AS,Hamar,Storhamar Bil AS,1,Annet,169000.0,2020,57978.0,40.0,218.0,385.0,12.0,1.0,0,1.0,N-Connecta,2026-03-03
435811744,Nissan Leaf,https://www.finn.no/mobility/item/435811744,Lillestrøm,Lillestrøm,,0,Oslo/Akershus,139334.0,2018,90000.0,40.0,150.0,270.0,-0.1333333333333333,2.0,0,0.0,N-Connecta,2026-03-03
452937970,Nissan Leaf,https://www.finn.no/mobility/item/452937970,Minnesund,Minnesund,,0,Annet,164532.0,2020,97729.0,62.0,215.0,385.0,-18.9,3.0,0,0.0,Ukjent,2026-03-03
452792743,Nissan Leaf,https://www.finn.no/mobility/item/452792743,Elverum ∙ Elverumbil AS,Elverum,Elverumbil AS,1,Annet,215000.0,2024,36056.0,40.0,150.0,278.0,12.0,1.0,0,1.0,N-Connecta,2026-03-03
448035512,Nissan Leaf,https://www.finn.no/mobility/item/448035512,Rud ∙ Birger N. Haug Outlet Rud,Rud,Birger N. Haug Outlet Rud,1,Annet,132900.0,2020,74682.0,40.0,150.0,270.0,23.366666666666667,1.0,0,0.0,Ukjent,2026-03-03
438760191,Nissan Leaf,https://www.finn.no/mobility/item/438760191,Heimdal,Heimdal,,0,Annet,153532.0,2021,60770.0,40.0,150.0,270.0,21.7,1.0,0,1.0,N-Connecta,2026-03-03
451548192,Nissan Leaf,https://www.finn.no/mobility/item/451548192,Tomasjord,Tomasjord,,0,Annet,208532.0,2021,73000.0,62.0,215.0,385.0,18.133333333333333,1.0,0,1.0,Tekna,2026-03-03
452904969,Nissan Leaf,https://www.finn.no/mobility/item/452904969,Bødalen ∙ Vøyen Auto,Bødalen,Vøyen Auto,1,Annet,102532.0,2018,104000.0,40.0,150.0,270.0,23.866666666666667,1.0,0,0.0,Ukjent,2026-03-03
452945936,Nissan Leaf,https://www.finn.no/mobility/item/452945936,Vanse ∙ Auksjonen.No AS,Vanse,Auksjonen.No AS,1,Annet,13942.0,2012,165100.0,40.0,109.0,270.0,12.0,1.0,0,0.0,Ukjent,2026-03-03
452782652,Nissan Leaf,https://www.finn.no/mobility/item/452782652,Kvinesdal ∙ Kverneland Bil | Volvo og MG Kvinesdal,Kvinesdal,Kverneland Bil | Volvo og MG Kvinesdal,1,Annet,134900.0,2019,96000.0,39.0,149.0,270.0,12.0,1.0,0,1.0,Ukjent,2026-03-03
446905871,Nissan Leaf,https://www.finn.no/mobility/item/446905871,Lierstranda ∙ Røhneselmer AS avd. Lier,Lierstranda,Røhneselmer AS avd. Lier,1,Annet,221900.0,2022,34900.0,62.0,217.0,385.0,12.0,1.0,0,1.0,N-Connecta,2026-03-03
452936689,Nissan Leaf,https://www.finn.no/mobility/item/452936689,Spillum ∙ Høylandet Auto AS,Spillum,Høylandet Auto AS,1,Annet,149000.0,2021,98500.0,40.0,150.0,270.0,12.0,1.0,0,1.0,Tekna,2026-03-03
452691687,Nissan Leaf,https://www.finn.no/mobility/item/452691687,Ålesund ∙ Auto 8-8 Ålesund AS,Ålesund,Auto 8-8 Ålesund AS,1,Annet,159000.0,2020,85000.0,40.0,150.0,270.0,12.0,1.0,0,1.0,Tekna,2026-03-03
442114719,Nissan Leaf,https://www.finn.no/mobility/item/442114719,Lillestrøm ∙ Birger N. Haug AS Lillestrøm,Lillestrøm,Birger N. Haug AS Lillestrøm,1,Oslo/Akershus,179900.0,2022,44959.0,39.0,150.0,278.0,8.333333333333334,1.0,0,1.0,Ukjent,2026-03-03
452933021,Nissan Leaf,https://www.finn.no/mobility/item/452933021,Gol ∙ GOL AUTO AS,Gol,GOL AUTO AS,1,Annet,119000.0,2019,119171.0,40.0,122.0,270.0,12.0,1.0,0,1.0,Ukjent,2026-03-03
452930828,Nissan Leaf,https://www.finn.no/mobility/item/452930828,Jessheim ∙ CARSTORE OUTLET,Jessheim,CARSTORE OUTLET,1,Oslo/Akershus,159900.0,2022,91500.0,39.0,150.0,285.0,9.333333333333334,1.0,0,1.0,Ukjent,2026-03-03
452771047,Nissan Leaf,https://www.finn.no/mobility/item/452771047,Mauseidvåg ∙ BILHUSET SUNDE AS,Mauseidvåg,BILHUSET SUNDE AS,1,Annet,139800.0,2018,92000.0,40.0,150.0,278.0,12.0,1.0,0,1.0,Tekna,2026-03-03
452930107,Nissan Leaf,https://www.finn.no/mobility/item/452930107,Trondheim ∙ Auto 8-8 Witro AS,Trondheim,Auto 8-8 Witro AS,1,Trøndelag,129000.0,2018,90100.0,40.0,150.0,270.0,12.0,1.0,0,1.0,N-Connecta,2026-03-03
452760694,Nissan Leaf,https://www.finn.no/mobility/item/452760694,Trondheim ∙ Bilmekka AS,Trondheim,Bilmekka AS,1,Trøndelag,58900.0,2016,144000.0,40.0,109.0,270.0,12.0,2.0,0,1.0,Acenta,2026-03-03
452536899,Nissan Leaf,https://www.finn.no/mobility/item/452536899,Lillestrøm ∙ Birger N. Haug AS Lillestrøm,Lillestrøm,Birger N. Haug AS Lillestrøm,1,Oslo/Akershus,279900.0,2023,14657.0,59.0,218.0,395.0,12.833333333333334,1.0,0,1.0,Ukjent,2026-03-03
452676299,Nissan Leaf,https://www.finn.no/mobility/item/452676299,Øvrebø ∙ DBBIL AS,Øvrebø,DBBIL AS,1,Annet,249000.0,2023,18100.0,40.0,218.0,396.0,12.0,1.0,0,1.0,Ukjent,2026-03-03
452536824,Nissan Leaf,https://www.finn.no/mobility/item/452536824,Tromsø ∙ Traasdahl AS,Tromsø,Traasdahl AS,1,Nord-Norge,224900.0,2024,23500.0,39.0,150.0,280.0,28.2,1.0,0,1.0,N-Connecta,2026-03-03
452754283,Nissan Leaf,https://www.finn.no/mobility/item/452754283,Mjøndalen ∙ Auto Connect AS,Mjøndalen,Auto Connect AS,1,Annet,89000.0,2017,93300.0,30.0,109.0,270.0,12.0,1.0,0,1.0,Ukjent,2026-03-03
452674261,Nissan Leaf,https://www.finn.no/mobility/item/452674261,Ranheim ∙ Nardo Bil AS Jaguar Land Rover,Ranheim,Nardo Bil AS Jaguar Land Rover,1,Annet,139900.0,2018,57260.0,40.0,150.0,270.0,12.0,1.0,0,1.0,Ukjent,2026-03-03
452536579,Nissan Leaf,https://www.finn.no/mobility/item/452536579,Heimdal ∙ Myauto AS,Heimdal,Myauto AS,1,Annet,129000.0,2018,94605.0,40.0,150.0,270.0,12.0,1.0,0,1.0,Ukjent,2026-03-03
444385287,Nissan Leaf,https://www.finn.no/mobility/item/444385287,Trondheim,Trondheim,,0,Trøndelag,193000.0,2022,42200.0,40.0,150.0,270.0,21.466666666666665,2.0,0,1.0,Tekna,2026-03-03
452850005,Nissan Leaf,https://www.finn.no/mobility/item/452850005,Lillestrøm,Lillestrøm,,0,Oslo/Akershus,33942.0,2013,147500.0,24.0,109.0,270.0,16.633333333333333,2.0,0,0.0,Tekna,2026-03-03
452535110,Nissan Leaf,https://www.finn.no/mobility/item/452535110,Heimdal ∙ Myauto AS,Heimdal,Myauto AS,1,Annet,123900.0,2018,129047.0,40.0,150.0,250.0,12.0,1.0,0,1.0,Ukjent,2026-03-03
452531854,Nissan Leaf,https://www.finn.no/mobility/item/452531854,Mauseidvåg ∙ BILHUSET SUNDE AS,Mauseidvåg,BILHUSET SUNDE AS,1,Annet,225800.0,2023,27000.0,40.0,150.0,278.0,12.0,1.0,0,1.0,Ukjent,2026-03-03
452665963,Nissan Leaf,https://www.finn.no/mobility/item/452665963,Lørenskog ∙ MAX AUTO AS,Lørenskog,MAX AUTO AS,1,Oslo/Akershus,229900.0,2024,29618.0,40.0,150.0,278.0,12.0,1.0,0,1.0,Ukjent,2026-03-03
452668681,Nissan Leaf,https://www.finn.no/mobility/item/452668681,Gardermoen ∙ Birger N. Haug AS avd Gardermoen Outlet,Gardermoen,Birger N. Haug AS avd Gardermoen Outlet,1,Annet,69900.0,2017,82150.0,30.0,109.0,270.0,16.1,1.0,0,0.0,Tekna,2026-03-03
452851185,Nissan Leaf,https://www.finn.no/mobility/item/452851185,Kristiansand S ∙ Mobile Sørlandsparken AS,Kristiansand S,Mobile Sørlandsparken AS,1,Sørlandet,209000.0,2021,42700.0,62.0,215.0,385.0,19.866666666666667,1.0,0,1.0,Tekna,2026-03-03
452656488,Nissan Leaf,https://www.finn.no/mobility/item/452656488,Lørenskog ∙ Auto Solution AS,Lørenskog,Auto Solution AS,1,Oslo/Akershus,114800.0,2019,82284.0,40.0,150.0,270.0,12.0,1.0,0,1.0,Tekna,2026-03-03
425071903,Nissan Leaf,https://www.finn.no/mobility/item/425071903,Klæbu,Klæbu,,0,Annet,54434.0,2016,162500.0,30.0,109.0,250.0,4.066666666666666,2.0,0,0.0,Ukjent,2026-03-03
452531428,Nissan Leaf,https://www.finn.no/mobility/item/452531428,Drammen ∙ Mobile Drammen AS,Drammen,Mobile Drammen AS,1,Oslo/Akershus,238900.0,2023,35998.0,59.0,218.0,395.0,18.6,1.0,0,1.0,N-Connecta,2026-03-03
451242743,Nissan Leaf,https://www.finn.no/mobility/item/451242743,Steinkjer,Steinkjer,,0,Annet,135000.0,2019,84000.0,40.0,150.0,270.0,18.466666666666665,2.0,0,0.0,Tekna,2026-03-03
452530617,Nissan Leaf,https://www.finn.no/mobility/item/452530617,Drammen ∙ Mobile Drammen AS,Drammen,Mobile Drammen AS,1,Oslo/Akershus,167900.0,2022,22127.0,39.0,150.0,285.0,8.266666666666667,1.0,0,1.0,Ukjent,2026-03-03
452530495,Nissan Leaf,https://www.finn.no/mobility/item/452530495,Drammen ∙ Mobile Drammen AS,Drammen,Mobile Drammen AS,1,Oslo/Akershus,184900.0,2022,28741.0,39.0,150.0,278.0,1.6333333333333333,1.0,0,1.0,Tekna,2026-03-03
452728165,Nissan Leaf,https://www.finn.no/mobility/item/452728165,Billingstad ∙ RøhneSelmer AS avd. Asker og Bærum,Billingstad,RøhneSelmer AS avd. Asker og Bærum,1,Annet,234900.0,2024,9106.0,40.0,150.0,270.0,12.0,1.0,0,1.0,Ukjent,2026-03-03
450755255,Nissan Leaf,https://www.finn.no/mobility/item/450755255,Lillestrøm ∙ Birger N. Haug AS Lillestrøm,Lillestrøm,Birger N. Haug AS Lillestrøm,1,Oslo/Akershus,179900.0,2022,65178.0,39.0,150.0,278.0,9.966666666666669,1.0,0,1.0,Ukjent,2026-03-03
452833845,Nissan Leaf,https://www.finn.no/mobility/item/452833845,Ridabu ∙ Mobile Hamar AS,Ridabu,Mobile Hamar AS,1,Annet,169000.0,2023,84811.0,39.0,150.0,278.0,10.666666666666666,1.0,0,1.0,Ukjent,2026-03-03
452713190,Nissan Leaf,https://www.finn.no/mobility/item/452713190,Braskereidfoss,Braskereidfoss,,0,Oslo/Akershus,53532.0,2016,106000.0,30.0,109.0,270.0,23.33333333333333,4.0,0,0.0,Acenta,2026-03-03
452530334,Nissan Leaf,https://www.finn.no/mobility/item/452530334,Drammen ∙ Mobile Drammen AS,Drammen,Mobile Drammen AS,1,Oslo/Akershus,179900.0,2022,32381.0,39.0,150.0,278.0,1.6333333333333333,1.0,0,1.0,Tekna,2026-03-03
452647243,Nissan Leaf,https://www.finn.no/mobility/item/452647243,Gjerdrum ∙ Optimal Auto AS,Gjerdrum,Optimal Auto AS,1,Annet,199900.0,2021,73800.0,62.0,218.0,385.0,12.0,1.0,0,1.0,Tekna,2026-03-03
452530054,Nissan Leaf,https://www.finn.no/mobility/item/452530054,Drammen ∙ Mobile Drammen AS,Drammen,Mobile Drammen AS,1,Oslo/Akershus,164900.0,2021,29686.0,40.0,150.0,270.0,-2.466666666666667,1.0,0,1.0,N-Connecta,2026-03-03
452639352,Nissan Leaf,https://www.finn.no/mobility/item/452639352,Løten ∙ Autoplan AS,Løten,Autoplan AS,1,Annet,69000.0,2022,65411.0,40.0,150.0,270.0,22.6,1.0,0,1.0,Ukjent,2026-03-03
452526652,Nissan Leaf,https://www.finn.no/mobility/item/452526652,Stjørdal ∙ Auto 8-8 Trio AS,Stjørdal,Auto 8-8 Trio AS,1,Trøndelag,169000.0,2022,85347.0,39.0,149.0,270.0,12.0,1.0,0,1.0,Ukjent,2026-03-03
452519154,Nissan Leaf,https://www.finn.no/mobility/item/452519154,Stjørdal ∙ Auto 8-8 Trio AS,Stjørdal,Auto 8-8 Trio AS,1,Trøndelag,215000.0,2023,3800.0,39.0,150.0,270.0,12.0,1.0,0,1.0,Visia,2026-03-03
452703867,Nissan Leaf,https://www.finn.no/mobility/item/452703867,Søndeled ∙ Christian Aasbø AS,Søndeled,Christian Aasbø AS,1,Annet,89532.0,2018,138000.0,40.0,150.0,270.0,24.1,5.0,0,0.0,Ukjent,2026-03-03
452513782,Nissan Leaf,https://www.finn.no/mobility/item/452513782,Slemmestad,Slemmestad,,0,Annet,31932.0,2013,175000.0,24.0,109.0,120.0,15.833333333333334,2.0,0,0.0,Ukjent,2026-03-03
452808226,Nissan Leaf,https://www.finn.no/mobility/item/452808226,Fetsund ∙ Nitteberg Bil AS,Fetsund,Nitteberg Bil AS,1,Annet,119000.0,2018,53500.0,40.0,150.0,270.0,12.0,1.0,0,1.0,Ukjent,2026-03-03
449335996,Nissan Leaf,https://www.finn.no/mobility/item/449335996,Melhus,Melhus,,0,Annet,39532.0,2015,89000.0,40.0,109.0,270.0,7.466666666666667,3.0,0,0.0,Ukjent,2026-03-03
452512931,Nissan Leaf,https://www.finn.no/mobility/item/452512931,Ski ∙ Birger N. Haug Ski,Ski,Birger N. Haug Ski,1,Oslo/Akershus,189900.0,2021,55000.0,62.0,215.0,385.0,13.033333333333331,1.0,0,1.0,N-Connecta,2026-03-03
452618215,Nissan Leaf,https://www.finn.no/mobility/item/452618215,Hønefoss ∙ BANGGREN BIL AS,Hønefoss,BANGGREN BIL AS,1,Vestland,45000.0,2014,132000.0,40.0,33.0,270.0,12.0,1.0,0,0.0,Ukjent,2026-03-03
452788066,Nissan Leaf,https://www.finn.no/mobility/item/452788066,Volda,Volda,,0,Annet,154532.0,2019,39830.0,40.0,150.0,270.0,23.066666666666663,2.0,0,0.0,Ukjent,2026-03-03
452614221,Nissan Leaf,https://www.finn.no/mobility/item/452614221,Ridabu,Ridabu,,0,Annet,16942.0,2013,183850.0,24.0,109.0,270.0,13.233333333333333,10.0,0,0.0,Ukjent,2026-03-03
452806640,Nissan Leaf,https://www.finn.no/mobility/item/452806640,Kristiansand S ∙ Autoform Kristiansand AS,Kristiansand S,Autoform Kristiansand AS,1,Sørlandet,119000.0,2018,84200.0,40.0,150.0,270.0,12.0,1.0,0,1.0,Ukjent,2026-03-03
452031786,Nissan Leaf,https://www.finn.no/mobility/item/452031786,Ålesund ∙ Auto 8-8 Ålesund AS,Ålesund,Auto 8-8 Ålesund AS,1,Annet,189000.0,2022,27000.0,39.0,149.0,284.0,12.0,1.0,0,1.0,Acenta,2026-03-03
451987259,Nissan Leaf,https://www.finn.no/mobility/item/451987259,Børsa,Børsa,,0,Annet,190000.0,2022,29100.0,39.0,150.0,270.0,8.6,2.0,0,0.0,Ukjent,2026-03-03
451987962,Nissan Leaf,https://www.finn.no/mobility/item/451987962,Vikersund ∙ Modum Bilservice Thomas Tandberg,Vikersund,Modum Bilservice Thomas Tandberg,1,Annet,31942.0,2012,208000.0,24.0,109.0,270.0,3.8666666666666663,3.0,0,0.0,Ukjent,2026-03-03
448970682,Nissan Leaf,https://www.finn.no/mobility/item/448970682,Hommelvik,Hommelvik,,0,Annet,99532.0,2018,122812.0,40.0,150.0,270.0,5.4,1.0,0,0.0,Ukjent,2026-03-03
451973073,Nissan Leaf,https://www.finn.no/mobility/item/451973073,Inndyr,Inndyr,,0,Annet,246505.0,2024,6500.0,39.0,150.0,270.0,26.23333333333333,1.0,0,1.0,N-Connecta,2026-03-03
451897535,Nissan Leaf,https://www.finn.no/mobility/item/451897535,Høvik ∙ Bilia Outlet,Høvik,Bilia Outlet,1,Annet,129000.0,2019,97000.0,39.0,149.0,270.0,12.0,1.0,0,1.0,Tekna,2026-03-03
451895506,Nissan Leaf,https://www.finn.no/mobility/item/451895506,Lierstranda ∙ Røhneselmer AS avd. Lier,Lierstranda,Røhneselmer AS avd. Lier,1,Annet,179900.0,2021,92000.0,59.0,217.0,385.0,12.0,1.0,0,0.0,Tekna,2026-03-03
451775191,Nissan Leaf,https://www.finn.no/mobility/item/451775191,Liland,Liland,,0,Annet,154532.0,2020,62350.0,40.0,150.0,270.0,6.533333333333333,1.0,0,0.0,N-Connecta,2026-03-03
451963702,Nissan Leaf,https://www.finn.no/mobility/item/451963702,Hønefoss ∙ BANGGREN BIL AS,Hønefoss,BANGGREN BIL AS,1,Vestland,65000.0,2015,94000.0,40.0,109.0,270.0,12.0,1.0,0,0.0,Ukjent,2026-03-03
451958301,Nissan Leaf,https://www.finn.no/mobility/item/451958301,Lørenskog ∙ Bertel O. Steen Lørenskog,Lørenskog,Bertel O. Steen Lørenskog,1,Oslo/Akershus,229900.0,2022,31500.0,59.0,217.0,395.0,12.0,1.0,0,1.0,Ukjent,2026-03-03
444031112,Nissan Leaf,https://www.finn.no/mobility/item/444031112,Lillestrøm ∙ Birger N. Haug AS Lillestrøm,Lillestrøm,Birger N. Haug AS Lillestrøm,1,Oslo/Akershus,189900.0,2022,23331.0,39.0,150.0,278.0,8.866666666666667,1.0,0,1.0,Ukjent,2026-03-03
452402817,Nissan Leaf,https://www.finn.no/mobility/item/452402817,Drammen ∙ Sulland Drammen,Drammen,Sulland Drammen,1,Oslo/Akershus,149900.0,2019,44542.0,40.0,150.0,270.0,16.3,1.0,0,1.0,Tekna,2026-03-03
451833540,Nissan Leaf,https://www.finn.no/mobility/item/451833540,Heimdal ∙ RSA BIL Trondheim,Heimdal,RSA BIL Trondheim,1,Annet,109000.0,2018,125000.0,40.0,150.0,270.0,12.0,1.0,0,1.0,N-Connecta,2026-03-03
451401733,Nissan Leaf,https://www.finn.no/mobility/item/451401733,Måndalen,Måndalen,,0,Annet,144532.0,2020,76530.0,40.0,150.0,270.0,7.866666666666666,1.0,0,0.0,Ukjent,2026-03-03
452344992,Nissan Leaf,https://www.finn.no/mobility/item/452344992,Jessheim ∙ Sulland Jessheim,Jessheim,Sulland Jessheim,1,Oslo/Akershus,188900.0,2022,60200.0,39.0,149.0,270.0,12.0,1.0,0,1.0,N-Connecta,2026-03-03
451823735,Nissan Leaf,https://www.finn.no/mobility/item/451823735,Steinkjer,Steinkjer,,0,Annet,93532.0,2018,199000.0,40.0,150.0,270.0,23.8,1.0,0,0.0,Ukjent,2026-03-03
449342114,Nissan Leaf,https://www.finn.no/mobility/item/449342114,Sandvika ∙ DRIVALIA LEASE NORGE AS,Sandvika,DRIVALIA LEASE NORGE AS,1,Annet,179000.0,2021,49300.0,62.0,215.0,385.0,21.5,1.0,0,1.0,Ukjent,2026-03-03
452381999,Nissan Leaf,https://www.finn.no/mobility/item/452381999,Ålesund ∙ Auto 8-8 Ålesund AS,Ålesund,Auto 8-8 Ålesund AS,1,Annet,188000.0,2022,63000.0,39.0,150.0,270.0,12.0,1.0,0,1.0,Ukjent,2026-03-03
445441910,Nissan Leaf,https://www.finn.no/mobility/item/445441910,Lier,Lier,,0,Annet,174532.0,2022,63000.0,39.0,150.0,270.0,5.0,1.0,0,1.0,Ukjent,2026-03-03
451824507,Nissan Leaf,https://www.finn.no/mobility/item/451824507,Billingstad ∙ ALDO BIL AS,Billingstad,ALDO BIL AS,1,Annet,45000.0,2015,150000.0,40.0,150.0,199.0,12.0,1.0,0,0.0,Ukjent,2026-03-03
452309227,Nissan Leaf,https://www.finn.no/mobility/item/452309227,Billingstad ∙ RøhneSelmer AS avd. Asker og Bærum,Billingstad,RøhneSelmer AS avd. Asker og Bærum,1,Annet,139900.0,2019,87608.0,39.0,149.0,270.0,12.0,1.0,0,1.0,N-Connecta,2026-03-03
447363064,Nissan Leaf,https://www.finn.no/mobility/item/447363064,"Gardermoen ∙ Birger N. Haug, Hovinmovegen 6, 2060 Gardermoen",Gardermoen,"Birger N. Haug, Hovinmovegen 6, 2060 Gardermoen",1,Annet,279900.0,2023,14838.0,59.0,218.0,270.0,12.0,1.0,0,1.0,Ukjent,2026-03-03
452380951,Nissan Leaf,https://www.finn.no/mobility/item/452380951,Tiller ∙ Sulland Trondheim,Tiller,Sulland Trondheim,1,Annet,229900.0,2022,57501.0,59.0,217.0,385.0,12.0,1.0,0,1.0,Ukjent,2026-03-03
452381578,Nissan Leaf,https://www.finn.no/mobility/item/452381578,Steinkjer ∙ Auto Fire AS,Steinkjer,Auto Fire AS,1,Annet,129900.0,2018,93800.0,40.0,150.0,270.0,12.0,2.0,0,1.0,Tekna,2026-03-03
451816190,Nissan Leaf,https://www.finn.no/mobility/item/451816190,Hokksund ∙ BilYard AS,Hokksund,BilYard AS,1,Annet,49900.0,2014,55000.0,40.0,109.0,270.0,12.0,1.0,0,0.0,Ukjent,2026-03-03
451950687,Nissan Leaf,https://www.finn.no/mobility/item/451950687,Tromsø ∙ iBiln AS avd. Tromsø,Tromsø,iBiln AS avd. Tromsø,1,Nord-Norge,49900.0,2014,132000.0,40.0,33.0,135.0,12.0,1.0,0,1.0,Ukjent,2026-03-03
452269024,Nissan Leaf,https://www.finn.no/mobility/item/452269024,Støren,Støren,,0,Annet,164900.0,2019,76900.0,62.0,215.0,385.0,21.166666666666668,2.0,0,0.0,Tekna,2026-03-03
452380822,Nissan Leaf,https://www.finn.no/mobility/item/452380822,Tiller ∙ Sulland Trondheim,Tiller,Sulland Trondheim,1,Annet,229900.0,2022,56120.0,59.0,217.0,385.0,12.0,1.0,0,1.0,Ukjent,2026-03-03
451924999,Nissan Leaf,https://www.finn.no/mobility/item/451924999,Kløfta ∙ Rebil,Kløfta,Rebil,1,Annet,174900.0,2022,117100.0,62.0,218.0,385.0,12.0,1.0,0,1.0,Tekna,2026-03-03
452380887,Nissan Leaf,https://www.finn.no/mobility/item/452380887,Tiller ∙ Sulland Trondheim,Tiller,Sulland Trondheim,1,Annet,229900.0,2022,61775.0,59.0,217.0,385.0,12.0,1.0,0,1.0,Ukjent,2026-03-03
452268508,Nissan Leaf,https://www.finn.no/mobility/item/452268508,Kristiansand S,Kristiansand S,,0,Sørlandet,63532.0,2016,99787.0,30.0,109.0,270.0,3.433333333333333,2.0,0,0.0,Ukjent,2026-03-03
451797283,Nissan Leaf,https://www.finn.no/mobility/item/451797283,Bodø,Bodø,,0,Nord-Norge,119532.0,2018,80925.0,40.0,150.0,240.0,23.53333333333333,2.0,0,0.0,Ukjent,2026-03-03
452380269,Nissan Leaf,https://www.finn.no/mobility/item/452380269,Tiller ∙ Sulland Trondheim,Tiller,Sulland Trondheim,1,Annet,234500.0,2022,47850.0,59.0,217.0,385.0,12.0,1.0,0,1.0,Ukjent,2026-03-03
451801845,Nissan Leaf,https://www.finn.no/mobility/item/451801845,Hønefoss ∙ Mobile Hønefoss AS,Hønefoss,Mobile Hønefoss AS,1,Vestland,139000.0,2022,95188.0,39.0,150.0,270.0,24.766666666666666,1.0,0,1.0,Ukjent,2026-03-03
451921018,Nissan Leaf,https://www.finn.no/mobility/item/451921018,Harstad ∙ Biltrend Harstad AS,Harstad,Biltrend Harstad AS,1,Nord-Norge,119000.0,2018,72400.0,40.0,150.0,270.0,12.0,1.0,0,1.0,Ukjent,2026-03-03
452379843,Nissan Leaf,https://www.finn.no/mobility/item/452379843,Harstad ∙ Norbil AS,Harstad,Norbil AS,1,Nord-Norge,199000.0,2020,82000.0,62.0,218.0,385.0,12.0,3.0,0,1.0,Tekna,2026-03-03
451769858,Nissan Leaf,https://www.finn.no/mobility/item/451769858,Narvik ∙ Svebjørn Auto AS,Narvik,Svebjørn Auto AS,1,Nord-Norge,139000.0,2018,82887.0,40.0,150.0,270.0,12.333333333333334,1.0,0,1.0,N-Connecta,2026-03-03
452509755,Nissan Leaf,https://www.finn.no/mobility/item/452509755,Kongsvinger ∙ Mobile Kongsvinger,Kongsvinger,Mobile Kongsvinger,1,Annet,158900.0,2022,50137.0,39.0,150.0,285.0,8.366666666666667,1.0,0,1.0,Visia,2026-03-03
451690348,Nissan Leaf,https://www.finn.no/mobility/item/451690348,Klæbu,Klæbu,,0,Annet,158532.0,2019,99429.0,62.0,215.0,385.0,12.0,1.0,0,0.0,Tekna,2026-03-03
451771479,Nissan Leaf,https://www.finn.no/mobility/item/451771479,Stjørdal ∙ Aage Vold Autosalg AS,Stjørdal,Aage Vold Autosalg AS,1,Trøndelag,189000.0,2020,37700.0,62.0,218.0,385.0,12.0,1.0,0,1.0,Ukjent,2026-03-03
452503606,Nissan Leaf,https://www.finn.no/mobility/item/452503606,Ulsteinvik ∙ BILHALLEN ULSTEINVIK AS,Ulsteinvik,BILHALLEN ULSTEINVIK AS,1,Annet,75000.0,2016,128000.0,40.0,109.0,270.0,12.0,1.0,0,1.0,Ukjent,2026-03-03
449186064,Nissan Leaf,https://www.finn.no/mobility/item/449186064,Narvik,Narvik,,0,Nord-Norge,39000.0,2014,193000.0,40.0,109.0,270.0,19.366666666666667,1.0,0,0.0,Ukjent,2026-03-03
452377083,Nissan Leaf,https://www.finn.no/mobility/item/452377083,"Tiller ∙ Sulland Trondheim BMW, MINI",Tiller,"Sulland Trondheim BMW, MINI",1,Annet,199900.0,2022,91878.0,59.0,217.0,385.0,12.0,1.0,0,1.0,Tekna,2026-03-03
434805388,Nissan Leaf,https://www.finn.no/mobility/item/434805388,Laksvatn,Laksvatn,,0,Annet,154434.0,2021,64000.0,40.0,150.0,270.0,20.866666666666667,3.0,0,0.0,N-Connecta,2026-03-03
402468999,Nissan Leaf,https://www.finn.no/mobility/item/402468999,Brumunddal,Brumunddal,,0,Annet,139434.0,2021,135000.0,62.0,215.0,385.0,-5.733333333333333,1.0,0,0.0,Ukjent,2026-03-03
452133070,Nissan Leaf,https://www.finn.no/mobility/item/452133070,Lierskogen,Lierskogen,,0,Annet,89900.0,2018,137000.0,40.0,150.0,270.0,6.0,4.0,0,0.0,Tekna,2026-03-03
452372770,Nissan Leaf,https://www.finn.no/mobility/item/452372770,Jakobsli ∙ Gjevik Bil AS,Jakobsli,Gjevik Bil AS,1,Annet,168900.0,2021,37000.0,40.0,150.0,270.0,12.0,1.0,0,1.0,Ukjent,2026-03-03
451758421,Nissan Leaf,https://www.finn.no/mobility/item/451758421,Stjørdal ∙ Aage Vold Autosalg AS,Stjørdal,Aage Vold Autosalg AS,1,Trøndelag,149000.0,2020,43000.0,40.0,150.0,270.0,12.0,1.0,0,1.0,Ukjent,2026-03-03
452120358,Nissan Leaf,https://www.finn.no/mobility/item/452120358,Brekkestø,Brekkestø,,0,Annet,99532.0,2018,152000.0,40.0,150.0,270.0,6.333333333333333,4.0,0,0.0,Tekna,2026-03-03
452098141,Nissan Leaf,https://www.finn.no/mobility/item/452098141,Aurskog,Aurskog,,0,Annet,94532.0,2018,178000.0,40.0,150.0,270.0,9.033333333333331,5.0,0,0.0,Tekna,2026-03-03
452354960,Nissan Leaf,https://www.finn.no/mobility/item/452354960,Minnesund ∙ Aasen Bil AS,Minnesund,Aasen Bil AS,1,Annet,239000.0,2023,71832.0,59.0,218.0,396.0,13.733333333333333,1.0,0,1.0,Ukjent,2026-03-03
452350048,Nissan Leaf,https://www.finn.no/mobility/item/452350048,Ski ∙ AUTO 24/7 AS,Ski,AUTO 24/7 AS,1,Oslo/Akershus,129999.0,2018,59900.0,40.0,150.0,270.0,12.0,1.0,0,1.0,Ukjent,2026-03-03
451954162,Nissan Leaf,https://www.finn.no/mobility/item/451954162,Heimdal,Heimdal,,0,Annet,44942.0,2013,123000.0,24.0,109.0,270.0,10.933333333333334,1.0,0,0.0,Tekna,2026-03-03
452349624,Nissan Leaf,https://www.finn.no/mobility/item/452349624,Rud ∙ Birger N. Haug Outlet Rud,Rud,Birger N. Haug Outlet Rud,1,Annet,199900.0,2020,59730.0,62.0,215.0,385.0,12.0,1.0,0,0.0,Tekna,2026-03-03
452499520,Nissan Leaf,https://www.finn.no/mobility/item/452499520,Hønefoss ∙ Auto Kompetanse AS,Hønefoss,Auto Kompetanse AS,1,Vestland,97500.0,2019,148900.0,40.0,150.0,270.0,12.0,1.0,0,0.0,Ukjent,2026-03-03
452497607,Nissan Leaf,https://www.finn.no/mobility/item/452497607,Kristiansund N ∙ Car4Sale AS,Kristiansund N,Car4Sale AS,1,Annet,99900.0,2018,103000.0,40.0,150.0,270.0,12.0,1.0,0,1.0,Tekna,2026-03-03
452447002,Nissan Leaf,https://www.finn.no/mobility/item/452447002,Kristiansand S ∙ BERGES AUTO AS,Kristiansand S,BERGES AUTO AS,1,Sørlandet,49999.0,2014,109000.0,24.0,109.0,270.0,23.9,1.0,0,1.0,Ukjent,2026-03-03
447469776,Nissan Leaf,https://www.finn.no/mobility/item/447469776,Fjellhamar,Fjellhamar,,0,Annet,144532.0,2021,64000.0,40.0,150.0,270.0,4.933333333333334,1.0,0,0.0,N-Connecta,2026-03-03
452440216,Nissan Leaf,https://www.finn.no/mobility/item/452440216,Drammen,Drammen,,0,Oslo/Akershus,173532.0,2021,43800.0,40.0,150.0,270.0,15.7,1.0,0,1.0,Ukjent,2026-03-03
452431158,Nissan Leaf,https://www.finn.no/mobility/item/452431158,Sætre,Sætre,,0,Annet,124432.0,2018,62000.0,40.0,150.0,270.0,24.2,3.0,0,0.0,Ukjent,2026-03-03
450176397,Nissan Leaf,https://www.finn.no/mobility/item/450176397,Fjerdingby,Fjerdingby,,0,Annet,49532.0,2016,85559.0,30.0,109.0,270.0,6.0,1.0,0,1.0,Ukjent,2026-03-03
452421445,Nissan Leaf,https://www.finn.no/mobility/item/452421445,Støren,Støren,,0,Annet,29000.0,2012,118532.0,40.0,109.0,270.0,-0.1333333333333333,6.0,0,1.0,Ukjent,2026-03-03
451312709,Nissan Leaf,https://www.finn.no/mobility/item/451312709,Ski,Ski,,0,Oslo/Akershus,229532.0,2022,27950.0,62.0,215.0,385.0,5.033333333333333,1.0,0,1.0,N-Connecta,2026-03-03
451714717,Nissan Leaf,https://www.finn.no/mobility/item/451714717,Kristiansand S ∙ Autoform Kristiansand AS,Kristiansand S,Autoform Kristiansand AS,1,Sørlandet,109000.0,2018,112500.0,40.0,150.0,270.0,12.0,1.0,0,1.0,Ukjent,2026-03-03
451700536,Nissan Leaf,https://www.finn.no/mobility/item/451700536,Kløfta ∙ Rebil,Kløfta,Rebil,1,Annet,85000.0,2017,40300.0,30.0,109.0,250.0,12.0,1.0,0,1.0,Tekna,2026-03-03
447285052,Nissan Leaf,https://www.finn.no/mobility/item/447285052,Harøy,Harøy,,0,Annet,149532.0,2021,92000.0,40.0,150.0,270.0,12.6,1.0,0,0.0,Ukjent,2026-03-03
451448124,Nissan Leaf,https://www.finn.no/mobility/item/451448124,Vollen,Vollen,,0,Annet,34532.0,2016,87000.0,24.0,109.0,270.0,-0.1333333333333333,1.0,0,0.0,Ukjent,2026-03-03
451659147,Nissan Leaf,https://www.finn.no/mobility/item/451659147,Kongsberg ∙ Mobile Autopartner AS,Kongsberg,Mobile Autopartner AS,1,Annet,249900.0,2024,39959.0,59.0,218.0,395.0,22.566666666666663,1.0,0,1.0,N-Connecta,2026-03-03
451641883,Nissan Leaf,https://www.finn.no/mobility/item/451641883,Røyse,Røyse,,0,Annet,118000.0,2018,82000.0,40.0,150.0,270.0,24.1,2.0,0,0.0,Tekna,2026-03-03
451463603,Nissan Leaf,https://www.finn.no/mobility/item/451463603,Drammen ∙ RSA BIL Drammen,Drammen,RSA BIL Drammen,1,Oslo/Akershus,129000.0,2018,57547.0,40.0,150.0,270.0,12.0,1.0,0,1.0,Ukjent,2026-03-03
451644843,Nissan Leaf,https://www.finn.no/mobility/item/451644843,Ålesund ∙ Auto 8-8 Ålesund AS,Ålesund,Auto 8-8 Ålesund AS,1,Annet,129000.0,2018,115000.0,39.0,149.0,270.0,12.0,1.0,0,1.0,Tekna,2026-03-03
451627961,Nissan Leaf,https://www.finn.no/mobility/item/451627961,Gardermoen ∙ Resale AS,Gardermoen,Resale AS,1,Annet,69900.0,2016,80000.0,40.0,109.0,270.0,12.0,1.0,0,0.0,Tekna,2026-03-03
293259020,Nissan Leaf,https://www.finn.no/mobility/item/293259020,Vøyenenga,Vøyenenga,,0,Annet,114147.0,2018,72500.0,40.0,150.0,250.0,1.9,1.0,0,0.0,Tekna,2026-03-03
451622525,Nissan Leaf,https://www.finn.no/mobility/item/451622525,Kristiansand S ∙ Ydse Auto Salg AS,Kristiansand S,Ydse Auto Salg AS,1,Sørlandet,58900.0,2015,98830.0,40.0,109.0,270.0,12.0,1.0,0,1.0,Tekna,2026-03-03
451371149,Nissan Leaf,https://www.finn.no/mobility/item/451371149,Heimdal ∙ RSA BIL Trondheim,Heimdal,RSA BIL Trondheim,1,Annet,139900.0,2018,60000.0,39.0,149.0,270.0,12.0,1.0,0,1.0,Tekna,2026-03-03
451367956,Nissan Leaf,https://www.finn.no/mobility/item/451367956,Billingstad ∙ Mobile Asker AS,Billingstad,Mobile Asker AS,1,Annet,125000.0,2018,87100.0,40.0,150.0,270.0,3.033333333333333,1.0,0,1.0,Tekna,2026-03-03
451217724,Nissan Leaf,https://www.finn.no/mobility/item/451217724,Inderøy,Inderøy,,0,Annet,99532.0,2018,162892.0,40.0,150.0,270.0,23.266666666666666,1.0,0,0.0,Ukjent,2026-03-03
445535890,Nissan Leaf,https://www.finn.no/mobility/item/445535890,Melhus,Melhus,,0,Annet,108582.0,2017,29471.0,31.0,109.0,175.0,14.233333333333333,2.0,0,0.0,Ukjent,2026-03-03
451221542,Nissan Leaf,https://www.finn.no/mobility/item/451221542,Lillesand,Lillesand,,0,Annet,110532.0,2019,168620.0,40.0,150.0,270.0,18.166666666666668,1.0,0,0.0,Tekna,2026-03-03
443421727,Nissan Leaf,https://www.finn.no/mobility/item/443421727,Fåvang,Fåvang,,0,Annet,159999.0,2020,80000.0,62.0,215.0,385.0,24.166666666666668,1.0,0,0.0,Ukjent,2026-03-03
371604966,Nissan Leaf,https://www.finn.no/mobility/item/371604966,Tønsberg,Tønsberg,,0,Vestfold/Telemark,35755.0,2014,186000.0,40.0,109.0,120.0,3.1666666666666665,3.0,0,0.0,Ukjent,2026-03-03
449854520,Nissan Leaf,https://www.finn.no/mobility/item/449854520,Trondheim,Trondheim,,0,Trøndelag,119532.0,2018,82500.0,40.0,150.0,270.0,-1.0666666666666669,1.0,0,0.0,Ukjent,2026-03-03
451326502,Nissan Leaf,https://www.finn.no/mobility/item/451326502,Steinkjer ∙ HERMANN BIL AS,Steinkjer,HERMANN BIL AS,1,Annet,139000.0,2018,108000.0,40.0,150.0,270.0,12.0,1.0,0,1.0,N-Connecta,2026-03-03
424829398,Nissan Leaf,https://www.finn.no/mobility/item/424829398,Otta,Otta,,0,Annet,129434.0,2019,156000.0,62.0,218.0,385.0,17.333333333333332,3.0,0,0.0,Ukjent,2026-03-03
451529508,Nissan Leaf,https://www.finn.no/mobility/item/451529508,Krokstadelva,Krokstadelva,,0,Annet,139532.0,2020,59000.0,40.0,150.0,270.0,9.033333333333331,2.0,0,0.0,Ukjent,2026-03-03
438943071,Nissan Leaf,https://www.finn.no/mobility/item/438943071,Lierstranda ∙ Birger N. Haug avd Drammen,Lierstranda,Birger N. Haug avd Drammen,1,Annet,243900.0,2023,25870.0,59.0,218.0,395.0,13.533333333333331,1.0,0,1.0,N-Connecta,2026-03-03
450804957,Nissan Leaf,https://www.finn.no/mobility/item/450804957,Lillestrøm,Lillestrøm,,0,Oslo/Akershus,159532.0,2020,105860.0,62.0,215.0,385.0,-0.1333333333333333,4.0,0,0.0,Ukjent,2026-03-03
451291256,Nissan Leaf,https://www.finn.no/mobility/item/451291256,Mandal,Mandal,,0,Annet,64532.0,2017,158288.0,30.0,109.0,270.0,16.1,2.0,0,0.0,Ukjent,2026-03-03
451281166,Nissan Leaf,https://www.finn.no/mobility/item/451281166,Saltstraumen,Saltstraumen,,0,Vestland,45532.0,2016,165000.0,30.0,109.0,250.0,19.066666666666663,4.0,0,0.0,Ukjent,2026-03-03
450795799,Nissan Leaf,https://www.finn.no/mobility/item/450795799,Ski ∙ Mobile Follo AS,Ski,Mobile Follo AS,1,Oslo/Akershus,214400.0,2023,10208.0,39.0,150.0,278.0,17.5,1.0,0,1.0,N-Connecta,2026-03-03
451546949,Nissan Leaf,https://www.finn.no/mobility/item/451546949,Eggkleiva ∙ Opstad Bil,Eggkleiva,Opstad Bil,1,Annet,53942.0,2014,105000.0,40.0,109.0,270.0,23.966666666666665,1.0,0,0.0,Ukjent,2026-03-03
451250811,Nissan Leaf,https://www.finn.no/mobility/item/451250811,Drammen ∙ Bilsalongen AS,Drammen,Bilsalongen AS,1,Oslo/Akershus,155600.0,2023,79000.0,40.0,150.0,278.0,12.0,1.0,0,1.0,Tekna,2026-03-03
450689561,Nissan Leaf,https://www.finn.no/mobility/item/450689561,Arendal,Arendal,,0,Sørlandet,42532.0,2017,163491.0,30.0,109.0,270.0,16.1,1.0,0,0.0,Tekna,2026-03-03
444983194,Nissan Leaf,https://www.finn.no/mobility/item/444983194,Vegårshei,Vegårshei,,0,Annet,84532.0,2018,162000.0,40.0,150.0,270.0,21.5,2.0,0,0.0,Ukjent,2026-03-03
450915534,Nissan Leaf,https://www.finn.no/mobility/item/450915534,Nesbru ∙ BILFUNN AS,Nesbru,BILFUNN AS,1,Annet,127000.0,2018,74000.0,40.0,150.0,270.0,12.0,1.0,0,0.0,Ukjent,2026-03-03
450921363,Nissan Leaf,https://www.finn.no/mobility/item/450921363,Nesbru ∙ BILFUNN AS,Nesbru,BILFUNN AS,1,Annet,129000.0,2018,96000.0,40.0,150.0,270.0,12.0,1.0,0,0.0,Tekna,2026-03-03
450758393,Nissan Leaf,https://www.finn.no/mobility/item/450758393,Furnes ∙ Møller Bil Hamar,Furnes,Møller Bil Hamar,1,Annet,189000.0,2020,67450.0,62.0,215.0,385.0,7.933333333333334,1.0,0,1.0,N-Connecta,2026-03-03
450920708,Nissan Leaf,https://www.finn.no/mobility/item/450920708,Kristiansund N ∙ AUTO 8-8 SILDNES & HALAAS AS,Kristiansund N,AUTO 8-8 SILDNES & HALAAS AS,1,Annet,129000.0,2018,93000.0,40.0,150.0,270.0,12.0,1.0,0,1.0,Tekna,2026-03-03
450903887,Nissan Leaf,https://www.finn.no/mobility/item/450903887,Arendal ∙ TG BIL & BÅT AS,Arendal,TG BIL & BÅT AS,1,Sørlandet,99000.0,2018,111000.0,40.0,150.0,270.0,12.0,1.0,0,0.0,Ukjent,2026-03-03
450892849,Nissan Leaf,https://www.finn.no/mobility/item/450892849,Ålesund ∙ Auto 8-8 Ålesund AS,Ålesund,Auto 8-8 Ålesund AS,1,Annet,179000.0,2022,34000.0,39.0,149.0,284.0,12.0,1.0,0,1.0,Acenta,2026-03-03
450752610,Nissan Leaf,https://www.finn.no/mobility/item/450752610,Maura ∙ ONSRUD AUTO GARDERMOEN AS,Maura,ONSRUD AUTO GARDERMOEN AS,1,Annet,179000.0,2023,48500.0,40.0,150.0,285.0,12.0,1.0,0,1.0,Ukjent,2026-03-03
449772574,Nissan Leaf,https://www.finn.no/mobility/item/449772574,Bærums Verk,Bærums Verk,,0,Oslo/Akershus,114532.0,2018,107269.0,40.0,150.0,270.0,3.933333333333333,1.0,0,0.0,Tekna,2026-03-03
450735939,Nissan Leaf,https://www.finn.no/mobility/item/450735939,Dal ∙ GARDERMOEN BILSENTER AS,Dal,GARDERMOEN BILSENTER AS,1,Annet,138800.0,2021,103500.0,40.0,150.0,270.0,12.0,1.0,0,1.0,Ukjent,2026-03-03
450641508,Nissan Leaf,https://www.finn.no/mobility/item/450641508,Ås ∙ Auksjonen.No AS,Ås,Auksjonen.No AS,1,Annet,18942.0,2011,115745.0,40.0,109.0,270.0,12.0,1.0,0,0.0,Ukjent,2026-03-03
450317411,Nissan Leaf,https://www.finn.no/mobility/item/450317411,Stord,Stord,,0,Rogaland,137532.0,2019,78950.0,40.0,150.0,270.0,19.166666666666668,1.0,0,0.0,Ukjent,2026-03-03
450724755,Nissan Leaf,https://www.finn.no/mobility/item/450724755,Bekkestua,Bekkestua,,0,Annet,19000.0,2012,97100.0,40.0,109.0,270.0,-0.1333333333333333,3.0,0,0.0,Ukjent,2026-03-03
450637089,Nissan Leaf,https://www.finn.no/mobility/item/450637089,Lillestrøm ∙ Automotors AS,Lillestrøm,Automotors AS,1,Oslo/Akershus,127000.0,2019,101000.0,40.0,150.0,270.0,12.0,1.0,0,1.0,Ukjent,2026-03-03
450867361,Nissan Leaf,https://www.finn.no/mobility/item/450867361,Kristiansund N ∙ Slatlem Kristiansund,Kristiansund N,Slatlem Kristiansund,1,Annet,139000.0,2018,54200.0,40.0,150.0,270.0,12.0,1.0,0,0.0,Ukjent,2026-03-03
450725123,Nissan Leaf,https://www.finn.no/mobility/item/450725123,Hamar ∙ Storhamar Bil AS,Hamar,Storhamar Bil AS,1,Annet,159000.0,2021,115272.0,40.0,218.0,385.0,12.0,1.0,0,1.0,N-Connecta,2026-03-03
450719320,Nissan Leaf,https://www.finn.no/mobility/item/450719320,Kokstad ∙ Bilia Kokstad,Kokstad,Bilia Kokstad,1,Vestland,239900.0,2022,30000.0,62.0,286.0,396.0,12.0,1.0,0,1.0,Ukjent,2026-03-03
450627842,Nissan Leaf,https://www.finn.no/mobility/item/450627842,Maura ∙ ONSRUD AUTO GARDERMOEN AS,Maura,ONSRUD AUTO GARDERMOEN AS,1,Annet,198900.0,2022,53500.0,40.0,150.0,270.0,12.0,1.0,0,1.0,Tekna,2026-03-03
450860953,Nissan Leaf,https://www.finn.no/mobility/item/450860953,Arendal ∙ TG BIL & BÅT AS,Arendal,TG BIL & BÅT AS,1,Sørlandet,99000.0,2019,141000.0,40.0,150.0,270.0,12.0,1.0,0,0.0,Ukjent,2026-03-03
450824993,Nissan Leaf,https://www.finn.no/mobility/item/450824993,Alta,Alta,,0,Nord-Norge,79532.0,2016,97300.0,30.0,109.0,188.0,3.533333333333333,3.0,0,0.0,Ukjent,2026-03-03
450240136,Nissan Leaf,https://www.finn.no/mobility/item/450240136,Ås,Ås,,0,Annet,154999.0,2022,67000.0,40.0,150.0,270.0,22.366666666666667,1.0,0,1.0,Acenta,2026-03-03
450819789,Nissan Leaf,https://www.finn.no/mobility/item/450819789,Gol,Gol,,0,Annet,104532.0,2018,112200.0,40.0,150.0,270.0,20.83333333333333,3.0,0,0.0,Ukjent,2026-03-03
443360380,Nissan Leaf,https://www.finn.no/mobility/item/443360380,Nesoddtangen,Nesoddtangen,,0,Annet,154900.0,2020,39900.0,40.0,150.0,270.0,7.2,1.0,0,1.0,Tekna,2026-03-03
450624174,Nissan Leaf,https://www.finn.no/mobility/item/450624174,Kongsvinger ∙ Taugbøl Bil og Maskin,Kongsvinger,Taugbøl Bil og Maskin,1,Annet,125000.0,2019,106040.0,40.0,150.0,270.0,20.7,1.0,0,1.0,Ukjent,2026-03-03
450620449,Nissan Leaf,https://www.finn.no/mobility/item/450620449,Trondheim ∙ Auto 8-8 Witro AS,Trondheim,Auto 8-8 Witro AS,1,Trøndelag,189000.0,2021,93600.0,59.0,217.0,385.0,12.0,1.0,0,1.0,N-Connecta,2026-03-03
450688659,Nissan Leaf,https://www.finn.no/mobility/item/450688659,Gardermoen ∙ Resale AS,Gardermoen,Resale AS,1,Annet,109900.0,2018,100000.0,40.0,150.0,270.0,12.0,1.0,0,0.0,Tekna,2026-03-03
445828608,Nissan Leaf,https://www.finn.no/mobility/item/445828608,Trondheim,Trondheim,,0,Trøndelag,67000.0,2015,91978.0,24.0,109.0,270.0,18.866666666666667,3.0,0,0.0,Tekna,2026-03-03
450613797,Nissan Leaf,https://www.finn.no/mobility/item/450613797,Lier,Lier,,0,Annet,39942.0,2014,84606.0,24.0,109.0,199.0,9.033333333333331,3.0,0,0.0,Ukjent,2026-03-03
450617746,Nissan Leaf,https://www.finn.no/mobility/item/450617746,Bodø ∙ Flygt Bil AS,Bodø,Flygt Bil AS,1,Nord-Norge,189900.0,2020,118226.0,62.0,218.0,380.0,12.0,1.0,0,1.0,Tekna,2026-03-03
330830134,Nissan Leaf,https://www.finn.no/mobility/item/330830134,Rådal,Rådal,,0,Vestland,157000.0,2021,45000.0,40.0,150.0,270.0,21.7,2.0,0,1.0,Ukjent,2026-03-03
450617203,Nissan Leaf,https://www.finn.no/mobility/item/450617203,Kristiansand S ∙ Autoform Kristiansand AS,Kristiansand S,Autoform Kristiansand AS,1,Sørlandet,129000.0,2018,92500.0,40.0,150.0,270.0,12.0,1.0,0,0.0,Tekna,2026-03-03
434603759,Nissan Leaf,https://www.finn.no/mobility/item/434603759,Ski,Ski,,0,Oslo/Akershus,124434.0,2019,31143.0,40.0,150.0,270.0,17.533333333333335,1.0,0,0.0,N-Connecta,2026-03-03
450599675,Nissan Leaf,https://www.finn.no/mobility/item/450599675,Trondheim ∙ Melhus Bil Trondheim AS,Trondheim,Melhus Bil Trondheim AS,1,Trøndelag,185000.0,2020,73808.0,62.0,217.0,385.0,12.0,1.0,0,1.0,Ukjent,2026-03-03
450597307,Nissan Leaf,https://www.finn.no/mobility/item/450597307,Nodeland,Nodeland,,0,Annet,21942.0,2012,170000.0,24.0,109.0,270.0,8.033333333333333,2.0,0,0.0,Ukjent,2026-03-03
434652319,Nissan Leaf,https://www.finn.no/mobility/item/434652319,Vågland,Vågland,,0,Annet,125000.0,2018,86000.0,40.0,150.0,270.0,23.266666666666666,2.0,0,0.0,Ukjent,2026-03-03
450582784,Nissan Leaf,https://www.finn.no/mobility/item/450582784,Bodø ∙ Auto 8-8 Imaas,Bodø,Auto 8-8 Imaas,1,Nord-Norge,269900.0,2023,10200.0,59.0,217.0,385.0,12.0,1.0,0,1.0,Ukjent,2026-03-03
450579943,Nissan Leaf,https://www.finn.no/mobility/item/450579943,Kokstad ∙ Møller Bil Bruktbilsenter Bergen,Kokstad,Møller Bil Bruktbilsenter Bergen,1,Vestland,199900.0,2020,29300.0,62.0,215.0,385.0,7.766666666666667,1.0,0,1.0,Ukjent,2026-03-03
450574444,Nissan Leaf,https://www.finn.no/mobility/item/450574444,Hønefoss ∙ Importservice Bil AS,Hønefoss,Importservice Bil AS,1,Vestland,170000.0,2021,114600.0,62.0,218.0,385.0,12.0,1.0,0,1.0,Tekna,2026-03-03
450495078,Nissan Leaf,https://www.finn.no/mobility/item/450495078,Kristiansand S ∙ Bilblink.no,Kristiansand S,Bilblink.no,1,Sørlandet,31870.0,2013,141000.0,40.0,150.0,270.0,12.0,1.0,0,0.0,Ukjent,2026-03-03
450501640,Nissan Leaf,https://www.finn.no/mobility/item/450501640,Hjellestad,Hjellestad,,0,Annet,124532.0,2018,118498.0,40.0,150.0,270.0,7.0,4.0,0,0.0,N-Connecta,2026-03-03
442321209,Nissan Leaf,https://www.finn.no/mobility/item/442321209,Langhus,Langhus,,0,Annet,16942.0,2012,197900.0,15.0,109.0,120.0,-3.566666666666667,2.0,0,0.0,Ukjent,2026-03-03
450477915,Nissan Leaf,https://www.finn.no/mobility/item/450477915,Drammen ∙ SEBIL AS,Drammen,SEBIL AS,1,Oslo/Akershus,119990.0,2018,71100.0,40.0,150.0,270.0,12.0,1.0,0,0.0,Ukjent,2026-03-03
450460112,Nissan Leaf,https://www.finn.no/mobility/item/450460112,Hamar ∙ AUTOVAULT AS,Hamar,AUTOVAULT AS,1,Annet,169900.0,2020,56400.0,40.0,218.0,385.0,12.0,1.0,0,1.0,Ukjent,2026-03-03
405680801,Nissan Leaf,https://www.finn.no/mobility/item/405680801,Ørnes,Ørnes,,0,Annet,123434.0,2018,104000.0,40.0,150.0,270.0,7.966666666666667,3.0,0,0.0,Ukjent,2026-03-03
449813475,Nissan Leaf,https://www.finn.no/mobility/item/449813475,Kløfta ∙ Rebil,Kløfta,Rebil,1,Annet,174900.0,2021,68550.0,62.0,218.0,385.0,12.0,1.0,0,1.0,Tekna,2026-03-03
449462078,Nissan Leaf,https://www.finn.no/mobility/item/449462078,Tiller ∙ Nardo Bil Sandmoen,Tiller,Nardo Bil Sandmoen,1,Annet,139900.0,2020,90000.0,40.0,150.0,270.0,12.0,1.0,0,1.0,Ukjent,2026-03-03
449813236,Nissan Leaf,https://www.finn.no/mobility/item/449813236,Ridabu ∙ Mobile Hamar AS,Ridabu,Mobile Hamar AS,1,Annet,169000.0,2021,94849.0,62.0,215.0,270.0,11.4,1.0,0,1.0,Ukjent,2026-03-03
450427688,Nissan Leaf,https://www.finn.no/mobility/item/450427688,Drammen ∙ Motor Forum Drammen,Drammen,Motor Forum Drammen,1,Oslo/Akershus,128000.0,2019,82950.0,39.0,149.0,270.0,12.0,1.0,0,1.0,Ukjent,2026-03-03
449439288,Nissan Leaf,https://www.finn.no/mobility/item/449439288,Stjørdal ∙ Auto 8-8 Trio AS,Stjørdal,Auto 8-8 Trio AS,1,Trøndelag,119000.0,2018,138000.0,40.0,150.0,270.0,12.0,1.0,0,1.0,Ukjent,2026-03-03
449808591,Nissan Leaf,https://www.finn.no/mobility/item/449808591,Stjørdal ∙ Bertel O. Steen Stjørdal,Stjørdal,Bertel O. Steen Stjørdal,1,Trøndelag,249000.0,2023,56000.0,59.0,217.0,397.0,12.0,1.0,0,1.0,Acenta,2026-03-03
450427160,Nissan Leaf,https://www.finn.no/mobility/item/450427160,Kokstad ∙ BILN AS,Kokstad,BILN AS,1,Vestland,189900.0,2022,77590.0,40.0,218.0,389.0,12.0,1.0,0,1.0,Ukjent,2026-03-03
449788223,Nissan Leaf,https://www.finn.no/mobility/item/449788223,Førde ∙ Opus AS,Førde,Opus AS,1,Vestland,69000.0,2016,158824.0,30.0,109.0,250.0,12.0,1.0,0,1.0,Ukjent,2026-03-03
450254085,Nissan Leaf,https://www.finn.no/mobility/item/450254085,Tennfjord,Tennfjord,,0,Annet,149532.0,2021,29000.0,40.0,150.0,270.0,23.1,1.0,0,1.0,Ukjent,2026-03-03
449340577,Nissan Leaf,https://www.finn.no/mobility/item/449340577,Sandvika ∙ DRIVALIA LEASE NORGE AS,Sandvika,DRIVALIA LEASE NORGE AS,1,Annet,219000.0,2022,28000.0,62.0,215.0,385.0,6.666666666666667,1.0,0,1.0,Ukjent,2026-03-03
449415867,Nissan Leaf,https://www.finn.no/mobility/item/449415867,Arendal ∙ GRIMSTAD BRUKTBIL AS,Arendal,GRIMSTAD BRUKTBIL AS,1,Sørlandet,39000.0,2012,88200.0,40.0,109.0,83.0,20.566666666666663,1.0,0,1.0,Ukjent,2026-03-03
449394066,Nissan Leaf,https://www.finn.no/mobility/item/449394066,Skodje,Skodje,,0,Annet,162532.0,2021,39000.0,40.0,150.0,270.0,10.6,1.0,0,1.0,Ukjent,2026-03-03
449374668,Nissan Leaf,https://www.finn.no/mobility/item/449374668,Kleppestø ∙ SPZ BIL AS,Kleppestø,SPZ BIL AS,1,Vestland,239900.0,2023,44500.0,40.0,150.0,278.0,12.0,1.0,0,1.0,N-Connecta,2026-03-03
450248197,Nissan Leaf,https://www.finn.no/mobility/item/450248197,Kleppestø ∙ SPZ BIL AS,Kleppestø,SPZ BIL AS,1,Vestland,229900.0,2023,46000.0,40.0,150.0,278.0,12.0,1.0,0,1.0,Ukjent,2026-03-03
450178852,Nissan Leaf,https://www.finn.no/mobility/item/450178852,Åfjord,Åfjord,,0,Annet,99000.0,2018,134007.0,40.0,150.0,270.0,17.566666666666666,1.0,0,0.0,Ukjent,2026-03-03
449782813,Nissan Leaf,https://www.finn.no/mobility/item/449782813,Hønefoss ∙ Mobile Hønefoss AS,Hønefoss,Mobile Hønefoss AS,1,Vestland,259000.0,2024,48800.0,59.0,218.0,395.0,23.8,1.0,0,1.0,N-Connecta,2026-03-03
449368686,Nissan Leaf,https://www.finn.no/mobility/item/449368686,Storebø,Storebø,,0,Annet,46842.0,2014,125795.0,40.0,109.0,110.0,19.566666666666663,2.0,0,0.0,Ukjent,2026-03-03
426068205,Nissan Leaf,https://www.finn.no/mobility/item/426068205,Fauske,Fauske,,0,Annet,159434.0,2021,78000.0,40.0,150.0,270.0,11.2,1.0,0,0.0,Ukjent,2026-03-03
450179920,Nissan Leaf,https://www.finn.no/mobility/item/450179920,Lillestrøm ∙ Automotors AS,Lillestrøm,Automotors AS,1,Oslo/Akershus,133000.0,2019,91000.0,40.0,150.0,270.0,12.0,1.0,0,1.0,Ukjent,2026-03-03
449360467,Nissan Leaf,https://www.finn.no/mobility/item/449360467,Rådal ∙ BILHUB AS,Rådal,BILHUB AS,1,Vestland,129000.0,2018,67801.0,40.0,150.0,270.0,12.0,1.0,0,1.0,N-Connecta,2026-03-03
449782463,Nissan Leaf,https://www.finn.no/mobility/item/449782463,Hønefoss ∙ Mobile Hønefoss AS,Hønefoss,Mobile Hønefoss AS,1,Vestland,269000.0,2024,31500.0,59.0,218.0,395.0,23.8,1.0,0,1.0,N-Connecta,2026-03-03
450147346,Nissan Leaf,https://www.finn.no/mobility/item/450147346,Kløfta ∙ Romerike Autohus AS,Kløfta,Romerike Autohus AS,1,Annet,159000.0,2020,87000.0,62.0,218.0,385.0,12.0,1.0,0,1.0,N-Connecta,2026-03-03
450329060,Nissan Leaf,https://www.finn.no/mobility/item/450329060,Kløfta ∙ Autorada AS,Kløfta,Autorada AS,1,Annet,89000.0,2018,150000.0,40.0,150.0,270.0,12.0,1.0,0,0.0,Ukjent,2026-03-03
450107986,Nissan Leaf,https://www.finn.no/mobility/item/450107986,Ottestad ∙ AUTOLINKS AS,Ottestad,AUTOLINKS AS,1,Annet,134900.0,2019,52550.0,40.0,150.0,270.0,12.0,1.0,0,1.0,Ukjent,2026-03-03
449063272,Nissan Leaf,https://www.finn.no/mobility/item/449063272,Blomsterdalen ∙ Flesland Bil AS,Blomsterdalen,Flesland Bil AS,1,Vestland,29900.0,2013,110000.0,40.0,109.0,270.0,12.0,1.0,0,0.0,Ukjent,2026-03-03
449686133,Nissan Leaf,https://www.finn.no/mobility/item/449686133,Drammen ∙ Sulland Drammen,Drammen,Sulland Drammen,1,Oslo/Akershus,69900.0,2016,87525.0,30.0,109.0,270.0,7.633333333333334,1.0,0,1.0,Acenta,2026-03-03
450307464,Nissan Leaf,https://www.finn.no/mobility/item/450307464,Isdalstø ∙ Vest Motor AS,Isdalstø,Vest Motor AS,1,Vestland,199000.0,2023,42130.0,40.0,150.0,278.0,12.0,1.0,0,1.0,N-Connecta,2026-03-03
448955948,Nissan Leaf,https://www.finn.no/mobility/item/448955948,Svelvik,Svelvik,,0,Annet,199990.0,2020,39950.0,62.0,215.0,385.0,23.23333333333333,2.0,0,0.0,Ukjent,2026-03-03
449684751,Nissan Leaf,https://www.finn.no/mobility/item/449684751,Korsvegen ∙ BERG AUTO NORSPORTS AS,Korsvegen,BERG AUTO NORSPORTS AS,1,Annet,19942.0,2012,133000.0,40.0,109.0,270.0,12.0,1.0,0,0.0,Ukjent,2026-03-03
449242369,Nissan Leaf,https://www.finn.no/mobility/item/449242369,Nesttun ∙ PARADIS BIL,Nesttun,PARADIS BIL,1,Vestland,53532.0,2015,81000.0,24.0,109.0,270.0,16.0,1.0,0,0.0,Ukjent,2026-03-03
447132728,Nissan Leaf,https://www.finn.no/mobility/item/447132728,Sandvika ∙ DRIVALIA LEASE NORGE AS,Sandvika,DRIVALIA LEASE NORGE AS,1,Annet,199000.0,2022,76000.0,62.0,217.0,385.0,-0.7,1.0,0,1.0,Ukjent,2026-03-03
449635410,Nissan Leaf,https://www.finn.no/mobility/item/449635410,Kristiansand S ∙ Hedin Automotive Kristiansand,Kristiansand S,Hedin Automotive Kristiansand,1,Sørlandet,169000.0,2021,81622.0,40.0,150.0,270.0,12.0,1.0,0,1.0,Ukjent,2026-03-03
448876389,Nissan Leaf,https://www.finn.no/mobility/item/448876389,Ellingsøy,Ellingsøy,,0,Annet,114532.0,2018,109211.0,40.0,150.0,270.0,23.2,1.0,0,0.0,Ukjent,2026-03-03
448880489,Nissan Leaf,https://www.finn.no/mobility/item/448880489,Bruvik,Bruvik,,0,Annet,13942.0,2012,160000.0,40.0,109.0,60.0,-18.7,1.0,0,0.0,Ukjent,2026-03-03
449555089,Nissan Leaf,https://www.finn.no/mobility/item/449555089,Lillestrøm ∙ Automotors AS,Lillestrøm,Automotors AS,1,Oslo/Akershus,99000.0,2018,149040.0,40.0,150.0,260.0,12.0,1.0,0,1.0,Ukjent,2026-03-03
450004431,Nissan Leaf,https://www.finn.no/mobility/item/450004431,Hokksund ∙ BilYard AS,Hokksund,BilYard AS,1,Annet,49900.0,2015,131000.0,40.0,109.0,270.0,12.0,1.0,0,0.0,Ukjent,2026-03-03
449238926,Nissan Leaf,https://www.finn.no/mobility/item/449238926,Jevnaker,Jevnaker,,0,Annet,51942.0,2012,160000.0,62.0,109.0,270.0,2.933333333333333,2.0,0,0.0,Ukjent,2026-03-03
450278046,Nissan Leaf,https://www.finn.no/mobility/item/450278046,Mo i Rana ∙ Ramseng Auto AS,Mo i Rana,Ramseng Auto AS,1,Annet,339000.0,2025,6000.0,59.0,214.0,396.0,12.0,1.0,0,0.0,Ukjent,2026-03-03
446089693,Nissan Leaf,https://www.finn.no/mobility/item/446089693,Krokelvdalen,Krokelvdalen,,0,Annet,176532.0,2022,40000.0,40.0,150.0,270.0,2.1333333333333333,1.0,0,0.0,Ukjent,2026-03-03
449200014,Nissan Leaf,https://www.finn.no/mobility/item/449200014,Trondheim ∙ LADE ARENA AUTO AS,Trondheim,LADE ARENA AUTO AS,1,Trøndelag,239000.0,2022,27679.0,62.0,218.0,395.0,12.0,1.0,0,1.0,N-Connecta,2026-03-03
448811395,Nissan Leaf,https://www.finn.no/mobility/item/448811395,Lørenskog ∙ JuTo Bil AS,Lørenskog,JuTo Bil AS,1,Oslo/Akershus,74532.0,2019,218000.0,40.0,150.0,270.0,15.1,3.0,0,0.0,Ukjent,2026-03-03
449441976,Nissan Leaf,https://www.finn.no/mobility/item/449441976,Asker,Asker,,0,Oslo/Akershus,128000.0,2019,50000.0,40.0,150.0,270.0,12.0,1.0,0,0.0,Tekna,2026-03-03
449519457,Nissan Leaf,https://www.finn.no/mobility/item/449519457,Ålesund ∙ Auto 8-8 Ålesund AS,Ålesund,Auto 8-8 Ålesund AS,1,Annet,218900.0,2022,11500.0,39.0,149.0,278.0,12.0,1.0,0,1.0,Ukjent,2026-03-03
449995365,Nissan Leaf,https://www.finn.no/mobility/item/449995365,Kokstad ∙ Møller Bil Bruktbilsenter Bergen,Kokstad,Møller Bil Bruktbilsenter Bergen,1,Vestland,209900.0,2021,58100.0,62.0,215.0,385.0,21.966666666666665,1.0,0,1.0,Tekna,2026-03-03
449990407,Nissan Leaf,https://www.finn.no/mobility/item/449990407,Ågotnes,Ågotnes,,0,Annet,107532.0,2018,114000.0,40.0,150.0,270.0,8.033333333333333,1.0,0,0.0,Ukjent,2026-03-03
450273719,Nissan Leaf,https://www.finn.no/mobility/item/450273719,Hokksund ∙ Hokksund Auto AS,Hokksund,Hokksund Auto AS,1,Annet,189000.0,2020,38595.0,62.0,218.0,385.0,12.0,1.0,0,1.0,N-Connecta,2026-03-03
449507121,Nissan Leaf,https://www.finn.no/mobility/item/449507121,Stjørdal ∙ Auto 8-8 Trio AS,Stjørdal,Auto 8-8 Trio AS,1,Trøndelag,189000.0,2022,53000.0,40.0,150.0,270.0,12.0,1.0,0,1.0,Ukjent,2026-03-03
448742416,Nissan Leaf,https://www.finn.no/mobility/item/448742416,Florvåg,Florvåg,,0,Annet,134532.0,2020,50500.0,40.0,150.0,270.0,24.6,1.0,0,0.0,Ukjent,2026-03-03
449984879,Nissan Leaf,https://www.finn.no/mobility/item/449984879,Ranheim ∙ Nardo Bil AS Jaguar Land Rover,Ranheim,Nardo Bil AS Jaguar Land Rover,1,Annet,169900.0,2019,30310.0,40.0,150.0,285.0,12.0,1.0,0,1.0,Tekna,2026-03-03
437991303,Nissan Leaf,https://www.finn.no/mobility/item/437991303,Strandvik,Strandvik,,0,Annet,49532.0,2017,97000.0,30.0,109.0,270.0,12.033333333333331,2.0,0,0.0,Ukjent,2026-03-03
448725506,Nissan Leaf,https://www.finn.no/mobility/item/448725506,Ski ∙ AUTO 24/7 AS,Ski,AUTO 24/7 AS,1,Oslo/Akershus,139999.0,2020,74000.0,40.0,150.0,270.0,12.0,1.0,0,1.0,Tekna,2026-03-03
441887816,Nissan Leaf,https://www.finn.no/mobility/item/441887816,Drammen,Drammen,,0,Oslo/Akershus,131434.0,2019,71650.0,40.0,150.0,270.0,14.666666666666666,2.0,0,0.0,Tekna,2026-03-03
447098165,Nissan Leaf,https://www.finn.no/mobility/item/447098165,Førde,Førde,,0,Vestland,119900.0,2018,90400.0,40.0,150.0,270.0,22.7,2.0,0,1.0,Tekna,2026-03-03
449941428,Nissan Leaf,https://www.finn.no/mobility/item/449941428,Bergen,Bergen,,0,Vestland,134532.0,2019,99750.0,40.0,150.0,270.0,12.466666666666669,1.0,0,0.0,Ukjent,2026-03-03
448698658,Nissan Leaf,https://www.finn.no/mobility/item/448698658,Kristiansand S ∙ ELBILFORMIDLING AS,Kristiansand S,ELBILFORMIDLING AS,1,Sørlandet,59900.0,2017,121900.0,30.0,109.0,250.0,11.433333333333334,1.0,0,1.0,Ukjent,2026-03-03
449924579,Nissan Leaf,https://www.finn.no/mobility/item/449924579,Heimdal ∙ ARM Bil AS,Heimdal,ARM Bil AS,1,Annet,189000.0,2022,18026.0,40.0,150.0,270.0,12.0,1.0,0,1.0,Ukjent,2026-03-03
449088162,Nissan Leaf,https://www.finn.no/mobility/item/449088162,Orkanger,Orkanger,,0,Annet,99532.0,2020,142800.0,40.0,150.0,270.0,24.666666666666668,1.0,0,0.0,Ukjent,2026-03-03
342913155,Nissan Leaf,https://www.finn.no/mobility/item/342913155,Vennesla,Vennesla,,0,Annet,169900.0,2022,37300.0,39.0,150.0,270.0,22.366666666666667,1.0,0,1.0,Ukjent,2026-03-03
449878222,Nissan Leaf,https://www.finn.no/mobility/item/449878222,Flateby ∙ A&N AUTO AS,Flateby,A&N AUTO AS,1,Annet,86900.0,2018,160800.0,40.0,150.0,270.0,24.2,2.0,0,0.0,Ukjent,2026-03-03
448689452,Nissan Leaf,https://www.finn.no/mobility/item/448689452,Grimstad ∙ Grimstad Bil AS,Grimstad,Grimstad Bil AS,1,Sørlandet,109000.0,2019,162300.0,40.0,150.0,270.0,12.0,1.0,0,1.0,Ukjent,2026-03-03
449065999,Nissan Leaf,https://www.finn.no/mobility/item/449065999,Sæbøvågen,Sæbøvågen,,0,Annet,104532.0,2018,114000.0,40.0,150.0,270.0,7.0,1.0,0,0.0,Ukjent,2026-03-03
449849487,Nissan Leaf,https://www.finn.no/mobility/item/449849487,Gardermoen ∙ Resale AS,Gardermoen,Resale AS,1,Annet,55000.0,2016,170000.0,40.0,109.0,270.0,12.0,2.0,0,0.0,Tekna,2026-03-03
448679649,Nissan Leaf,https://www.finn.no/mobility/item/448679649,Arendal ∙ Z-AUTO AS,Arendal,Z-AUTO AS,1,Sørlandet,39900.0,2013,92215.0,40.0,33.0,270.0,12.0,1.0,0,1.0,Ukjent,2026-03-03
448527763,Nissan Leaf,https://www.finn.no/mobility/item/448527763,Kristiansand S ∙ ELBILFORMIDLING AS,Kristiansand S,ELBILFORMIDLING AS,1,Sørlandet,114900.0,2018,115700.0,40.0,150.0,270.0,7.733333333333333,2.0,0,1.0,Ukjent,2026-03-03
448523921,Nissan Leaf,https://www.finn.no/mobility/item/448523921,Trondheim ∙ tm bil,Trondheim,tm bil,1,Trøndelag,144900.0,2020,75270.0,40.0,150.0,270.0,23.7,1.0,0,1.0,N-Connecta,2026-03-03
448394774,Nissan Leaf,https://www.finn.no/mobility/item/448394774,Stjørdal ∙ Aage Vold Autosalg AS,Stjørdal,Aage Vold Autosalg AS,1,Trøndelag,169000.0,2021,36600.0,40.0,150.0,270.0,12.0,1.0,0,1.0,Ukjent,2026-03-03
449825613,Nissan Leaf,https://www.finn.no/mobility/item/449825613,Førde ∙ Motorarena AS,Førde,Motorarena AS,1,Vestland,189000.0,2021,29000.0,40.0,150.0,270.0,12.0,1.0,0,0.0,Ukjent,2026-03-03
448648896,Nissan Leaf,https://www.finn.no/mobility/item/448648896,Vøyenenga ∙ Naka Autosport AS,Vøyenenga,Naka Autosport AS,1,Annet,29000.0,2013,168409.0,40.0,109.0,270.0,12.0,1.0,0,1.0,Ukjent,2026-03-03
447813871,Nissan Leaf,https://www.finn.no/mobility/item/447813871,Froland ∙ BILBUTIKKEN FROLAND AS,Froland,BILBUTIKKEN FROLAND AS,1,Annet,209900.0,2021,55000.0,62.0,218.0,385.0,12.0,1.0,0,1.0,Ukjent,2026-03-03
448652411,Nissan Leaf,https://www.finn.no/mobility/item/448652411,Sofiemyr ∙ Hasa Bil AS,Sofiemyr,Hasa Bil AS,1,Annet,73000.0,2015,61000.0,30.0,109.0,150.0,21.266666666666666,1.0,0,0.0,Ukjent,2026-03-03
447379376,Nissan Leaf,https://www.finn.no/mobility/item/447379376,Lørenskog ∙ FURUSET CAR SENTER & PREMIUM BIL,Lørenskog,FURUSET CAR SENTER & PREMIUM BIL,1,Oslo/Akershus,185000.0,2020,57500.0,62.0,215.0,385.0,23.33333333333333,1.0,0,1.0,Tekna,2026-03-03
447647058,Nissan Leaf,https://www.finn.no/mobility/item/447647058,Mandal ∙ RO AUTO AS,Mandal,RO AUTO AS,1,Annet,144900.0,2020,87000.0,40.0,150.0,270.0,12.0,2.0,0,0.0,Tekna,2026-03-03
447597715,Nissan Leaf,https://www.finn.no/mobility/item/447597715,Drammen ∙ SCANDINANO AUTOTRADE AS,Drammen,SCANDINANO AUTOTRADE AS,1,Oslo/Akershus,24942.0,2013,133000.0,40.0,109.0,270.0,18.566666666666663,3.0,0,0.0,Ukjent,2026-03-03
447510114,Nissan Leaf,https://www.finn.no/mobility/item/447510114,Ask,Ask,,0,Annet,49532.0,2015,119000.0,24.0,109.0,270.0,19.166666666666668,2.0,0,0.0,Ukjent,2026-03-03
435137515,Nissan Leaf,https://www.finn.no/mobility/item/435137515,Mandal,Mandal,,0,Annet,38434.0,2015,187000.0,24.0,109.0,135.0,8.4,2.0,0,0.0,Ukjent,2026-03-03
447550976,Nissan Leaf,https://www.finn.no/mobility/item/447550976,Søgne ∙ Panther Auto AS,Søgne,Panther Auto AS,1,Annet,149900.0,2022,67000.0,40.0,150.0,270.0,12.0,1.0,0,1.0,N-Connecta,2026-03-03
447548734,Nissan Leaf,https://www.finn.no/mobility/item/447548734,Flaktveit,Flaktveit,,0,Annet,149532.0,2018,89500.0,40.0,150.0,270.0,-1.0666666666666669,1.0,0,0.0,Tekna,2026-03-03
447591355,Nissan Leaf,https://www.finn.no/mobility/item/447591355,Lillestrøm ∙ HANEBORG AUTO AS,Lillestrøm,HANEBORG AUTO AS,1,Oslo/Akershus,238800.0,2022,39900.0,62.0,218.0,385.0,12.0,1.0,0,1.0,Tekna,2026-03-03
447538039,Nissan Leaf,https://www.finn.no/mobility/item/447538039,Ålesund ∙ Auto 8-8 Ålesund AS,Ålesund,Auto 8-8 Ålesund AS,1,Annet,189000.0,2022,36500.0,39.0,150.0,270.0,12.0,1.0,0,1.0,Ukjent,2026-03-03
447536248,Nissan Leaf,https://www.finn.no/mobility/item/447536248,Kokstad ∙ AutoSale AS,Kokstad,AutoSale AS,1,Vestland,189900.0,2020,70000.0,40.0,218.0,385.0,12.0,1.0,0,1.0,Tekna,2026-03-03
447530094,Nissan Leaf,https://www.finn.no/mobility/item/447530094,Fyllingsdalen ∙ AutoSwap AS,Fyllingsdalen,AutoSwap AS,1,Vestland,139800.0,2018,77400.0,40.0,150.0,270.0,12.0,1.0,0,0.0,Tekna,2026-03-03
448394611,Nissan Leaf,https://www.finn.no/mobility/item/448394611,Stjørdal ∙ Aage Vold Autosalg AS,Stjørdal,Aage Vold Autosalg AS,1,Trøndelag,169000.0,2021,27900.0,40.0,150.0,270.0,12.0,1.0,0,1.0,Ukjent,2026-03-03
447516896,Nissan Leaf,https://www.finn.no/mobility/item/447516896,Kongsvinger ∙ Mobile Kongsvinger,Kongsvinger,Mobile Kongsvinger,1,Annet,148900.0,2020,152354.0,62.0,215.0,385.0,22.5,1.0,0,1.0,N-Connecta,2026-03-03
381753524,Nissan Leaf,https://www.finn.no/mobility/item/381753524,Sandsli,Sandsli,,0,Annet,154350.0,2020,54000.0,40.0,150.0,270.0,20.666666666666668,2.0,0,0.0,Ukjent,2026-03-03
448394494,Nissan Leaf,https://www.finn.no/mobility/item/448394494,Stjørdal ∙ Aage Vold Autosalg AS,Stjørdal,Aage Vold Autosalg AS,1,Trøndelag,169000.0,2021,38700.0,40.0,150.0,270.0,12.0,1.0,0,1.0,Ukjent,2026-03-03
447625689,Nissan Leaf,https://www.finn.no/mobility/item/447625689,Overhalla ∙ Overhalla Speed Auto,Overhalla,Overhalla Speed Auto,1,Annet,99932.0,2019,120800.0,40.0,150.0,270.0,23.4,1.0,0,1.0,Ukjent,2026-03-03
447480928,Nissan Leaf,https://www.finn.no/mobility/item/447480928,Krokstadelva ∙ DAYTONA BILSENTER AS,Krokstadelva,DAYTONA BILSENTER AS,1,Annet,55900.0,2015,87000.0,24.0,109.0,270.0,12.0,1.0,0,1.0,Ukjent,2026-03-03
448375483,Nissan Leaf,https://www.finn.no/mobility/item/448375483,Steinkjer ∙ Auto Fire AS,Steinkjer,Auto Fire AS,1,Annet,129900.0,2018,86300.0,40.0,150.0,270.0,12.0,2.0,0,1.0,Tekna,2026-03-03
447436711,Nissan Leaf,https://www.finn.no/mobility/item/447436711,Sofiemyr ∙ BILVERDEN1 AS,Sofiemyr,BILVERDEN1 AS,1,Annet,55000.0,2015,112000.0,24.0,109.0,150.0,13.5,1.0,0,0.0,Ukjent,2026-03-03
448284588,Nissan Leaf,https://www.finn.no/mobility/item/448284588,Kvål ∙ DAYTONA AUTO AS,Kvål,DAYTONA AUTO AS,1,Annet,109900.0,2018,112000.0,40.0,150.0,270.0,12.0,1.0,0,1.0,Ukjent,2026-03-03
447416201,Nissan Leaf,https://www.finn.no/mobility/item/447416201,Levanger ∙ BILHJØRNET AS,Levanger,BILHJØRNET AS,1,Annet,109000.0,2019,151000.0,40.0,150.0,270.0,12.0,1.0,0,1.0,Ukjent,2026-03-03
447369201,Nissan Leaf,https://www.finn.no/mobility/item/447369201,Skedsmokorset ∙ AUTOMOTIVE AS,Skedsmokorset,AUTOMOTIVE AS,1,Annet,39900.0,2014,108000.0,40.0,109.0,270.0,12.0,1.0,0,0.0,Ukjent,2026-03-03
448232378,Nissan Leaf,https://www.finn.no/mobility/item/448232378,Steinkjer ∙ Steinkjer Bil AS,Steinkjer,Steinkjer Bil AS,1,Annet,139000.0,2019,79000.0,40.0,150.0,270.0,12.0,1.0,0,1.0,N-Connecta,2026-03-03
448219165,Nissan Leaf,https://www.finn.no/mobility/item/448219165,Furnes ∙ BILPORTALEN AS,Furnes,BILPORTALEN AS,1,Annet,65000.0,2015,74500.0,40.0,109.0,270.0,12.0,1.0,0,0.0,Ukjent,2026-03-03
448195567,Nissan Leaf,https://www.finn.no/mobility/item/448195567,Drammen ∙ RSA BIL Drammen,Drammen,RSA BIL Drammen,1,Oslo/Akershus,199000.0,2022,32541.0,39.0,150.0,270.0,12.0,1.0,0,1.0,Ukjent,2026-03-03
447272810,Nissan Leaf,https://www.finn.no/mobility/item/447272810,Nesttun ∙ Bergen Bilsjef AS,Nesttun,Bergen Bilsjef AS,1,Vestland,34942.0,2014,149329.0,24.0,109.0,270.0,8.033333333333333,2.0,0,0.0,Tekna,2026-03-03
448179976,Nissan Leaf,https://www.finn.no/mobility/item/448179976,Stjørdal ∙ Kristoffersen Bil AS,Stjørdal,Kristoffersen Bil AS,1,Trøndelag,159900.0,2019,25600.0,40.0,150.0,270.0,12.0,1.0,0,1.0,Ukjent,2026-03-03
447255424,Nissan Leaf,https://www.finn.no/mobility/item/447255424,Elverum ∙ Mobile Elverum AS,Elverum,Mobile Elverum AS,1,Annet,179000.0,2020,87261.0,62.0,215.0,385.0,6.633333333333334,1.0,0,1.0,Ukjent,2026-03-03
447252194,Nissan Leaf,https://www.finn.no/mobility/item/447252194,Kristiansand S ∙ RSA BIL Kristiansand,Kristiansand S,RSA BIL Kristiansand,1,Sørlandet,157000.0,2020,81500.0,40.0,150.0,270.0,12.0,1.0,0,1.0,Tekna,2026-03-03
448062942,Nissan Leaf,https://www.finn.no/mobility/item/448062942,Roa ∙ Hadeland Bil AS,Roa,Hadeland Bil AS,1,Annet,41942.0,2014,79000.0,40.0,33.0,270.0,12.0,1.0,0,0.0,Ukjent,2026-03-03
447250743,Nissan Leaf,https://www.finn.no/mobility/item/447250743,Eide ∙ Auto 8-8 Sildnes & Halaas AS Avd Salg Eide,Eide,Auto 8-8 Sildnes & Halaas AS Avd Salg Eide,1,Annet,169000.0,2021,65000.0,40.0,150.0,270.0,12.0,1.0,0,1.0,Ukjent,2026-03-03
448047046,Nissan Leaf,https://www.finn.no/mobility/item/448047046,Vinterbro,Vinterbro,,0,Annet,129532.0,2019,143500.0,40.0,150.0,270.0,13.1,1.0,0,0.0,Ukjent,2026-03-03
448050477,Nissan Leaf,https://www.finn.no/mobility/item/448050477,Eidsvåg i Åsane ∙ Åsane Bil AS,Eidsvåg i Åsane,Åsane Bil AS,1,Annet,51942.0,2016,102000.0,160.0,109.0,149.0,12.0,1.0,0,1.0,Ukjent,2026-03-03
447217421,Nissan Leaf,https://www.finn.no/mobility/item/447217421,Kristiansand S ∙ Gumpens Auto Vest AS,Kristiansand S,Gumpens Auto Vest AS,1,Sørlandet,179000.0,2020,83775.0,62.0,215.0,385.0,23.5,1.0,0,1.0,Tekna,2026-03-03
448036635,Nissan Leaf,https://www.finn.no/mobility/item/448036635,Trondheim ∙ Okkenhaug Krogstad AS,Trondheim,Okkenhaug Krogstad AS,1,Trøndelag,119900.0,2018,92700.0,40.0,150.0,270.0,12.0,1.0,0,1.0,Ukjent,2026-03-03
447198450,Nissan Leaf,https://www.finn.no/mobility/item/447198450,Trondheim ∙ Trøndelag Bil AS,Trondheim,Trøndelag Bil AS,1,Trøndelag,159900.0,2021,46000.0,40.0,150.0,270.0,12.0,1.0,0,1.0,Acenta,2026-03-03
447187811,Nissan Leaf,https://www.finn.no/mobility/item/447187811,Kristiansand S ∙ Gumpens Auto Vest AS,Kristiansand S,Gumpens Auto Vest AS,1,Sørlandet,199000.0,2022,52179.0,39.0,150.0,270.0,1.1333333333333333,1.0,0,1.0,Tekna,2026-03-03
439700864,Nissan Leaf,https://www.finn.no/mobility/item/439700864,Arendal,Arendal,,0,Sørlandet,199000.0,2021,60237.0,62.0,215.0,385.0,5.666666666666667,1.0,0,1.0,Ukjent,2026-03-03
440082120,Nissan Leaf,https://www.finn.no/mobility/item/440082120,"Gardermoen ∙ Birger N. Haug, Hovinmovegen 6, 2060 Gardermoen",Gardermoen,"Birger N. Haug, Hovinmovegen 6, 2060 Gardermoen",1,Annet,244990.0,2024,30333.0,39.0,150.0,278.0,25.6,1.0,0,1.0,N-Connecta,2026-03-03
447144833,Nissan Leaf,https://www.finn.no/mobility/item/447144833,Nesttun ∙ Anto Bil AS,Nesttun,Anto Bil AS,1,Vestland,19000.0,2013,150000.0,24.0,109.0,270.0,-3.1333333333333333,4.0,0,0.0,Ukjent,2026-03-03
447074704,Nissan Leaf,https://www.finn.no/mobility/item/447074704,Stjørdal ∙ Bertel O. Steen Stjørdal,Stjørdal,Bertel O. Steen Stjørdal,1,Trøndelag,119000.0,2018,60000.0,40.0,150.0,270.0,12.0,1.0,0,1.0,Ukjent,2026-03-03
447045985,Nissan Leaf,https://www.finn.no/mobility/item/447045985,Harstad,Harstad,,0,Nord-Norge,149900.0,2020,82495.0,40.0,150.0,270.0,3.2666666666666666,1.0,0,0.0,Tekna,2026-03-03
432720663,Nissan Leaf,https://www.finn.no/mobility/item/432720663,Brattholmen,Brattholmen,,0,Vestland,144434.0,2019,55000.0,40.0,150.0,270.0,19.066666666666663,3.0,0,0.0,Tekna,2026-03-03
439760391,Nissan Leaf,https://www.finn.no/mobility/item/439760391,Averøy,Averøy,,0,Annet,154434.0,2021,68000.0,40.0,150.0,270.0,15.2,2.0,0,0.0,Tekna,2026-03-03
446632458,Nissan Leaf,https://www.finn.no/mobility/item/446632458,Billingstad ∙ FIRST AUTO AS,Billingstad,FIRST AUTO AS,1,Annet,49000.0,2014,84000.0,40.0,109.0,270.0,12.0,1.0,0,0.0,Ukjent,2026-03-03
446672979,Nissan Leaf,https://www.finn.no/mobility/item/446672979,Kjeller,Kjeller,,0,Annet,37942.0,2014,148700.0,24.0,109.0,110.0,22.53333333333333,4.0,0,0.0,Ukjent,2026-03-03
446504974,Nissan Leaf,https://www.finn.no/mobility/item/446504974,Fyllingsdalen ∙ AutoSwap AS,Fyllingsdalen,AutoSwap AS,1,Vestland,199800.0,2021,43400.0,62.0,218.0,385.0,12.0,1.0,0,1.0,Tekna,2026-03-03
440534587,Nissan Leaf,https://www.finn.no/mobility/item/440534587,Loddefjord,Loddefjord,,0,Annet,119900.0,2019,85000.0,40.0,150.0,270.0,12.933333333333334,1.0,0,1.0,Tekna,2026-03-03
443173205,Nissan Leaf,https://www.finn.no/mobility/item/443173205,Nyborg,Nyborg,,0,Vestland,106434.0,2018,74000.0,40.0,150.0,270.0,12.533333333333331,1.0,0,0.0,Ukjent,2026-03-03
446453084,Nissan Leaf,https://www.finn.no/mobility/item/446453084,Lørenskog,Lørenskog,,0,Oslo/Akershus,36942.0,2014,125000.0,24.0,109.0,270.0,6.466666666666667,2.0,0,0.0,Tekna,2026-03-03
446453588,Nissan Leaf,https://www.finn.no/mobility/item/446453588,Lillestrøm ∙ Automotors AS,Lillestrøm,Automotors AS,1,Oslo/Akershus,44000.0,2015,178000.0,40.0,109.0,270.0,12.0,1.0,0,1.0,Tekna,2026-03-03
446385531,Nissan Leaf,https://www.finn.no/mobility/item/446385531,Kokstad ∙ FANABILFORRETNING AS,Kokstad,FANABILFORRETNING AS,1,Vestland,69800.0,2016,68410.0,40.0,109.0,270.0,12.0,1.0,0,1.0,Ukjent,2026-03-03
446240093,Nissan Leaf,https://www.finn.no/mobility/item/446240093,Tiller ∙ Nardo Bil Sandmoen,Tiller,Nardo Bil Sandmoen,1,Annet,219000.0,2022,34600.0,40.0,150.0,270.0,12.0,1.0,0,1.0,Ukjent,2026-03-03
446113284,Nissan Leaf,https://www.finn.no/mobility/item/446113284,Langhus ∙ LANGHUS BIL OG KAROSSERI AS,Langhus,LANGHUS BIL OG KAROSSERI AS,1,Annet,79999.0,2017,90000.0,30.0,150.0,270.0,22.7,1.0,0,1.0,Ukjent,2026-03-03
446154353,Nissan Leaf,https://www.finn.no/mobility/item/446154353,Førde ∙ Motorarena AS,Førde,Motorarena AS,1,Vestland,199000.0,2021,15500.0,40.0,150.0,270.0,12.0,1.0,0,0.0,Ukjent,2026-03-03
446109672,Nissan Leaf,https://www.finn.no/mobility/item/446109672,Kløfta ∙ Rebil,Kløfta,Rebil,1,Annet,134000.0,2018,43800.0,40.0,150.0,270.0,12.0,1.0,0,1.0,Tekna,2026-03-03
443806803,Nissan Leaf,https://www.finn.no/mobility/item/443806803,Slemmestad ∙ ASKER BRUKTBIL AS,Slemmestad,ASKER BRUKTBIL AS,1,Annet,64729.0,2016,58660.0,40.0,109.0,270.0,12.0,1.0,0,1.0,Ukjent,2026-03-03
446090718,Nissan Leaf,https://www.finn.no/mobility/item/446090718,Malvik ∙ EC BIL OG FRITID AS,Malvik,EC BIL OG FRITID AS,1,Trøndelag,195000.0,2021,82400.0,62.0,218.0,385.0,12.833333333333334,1.0,0,1.0,N-Connecta,2026-03-03
446066482,Nissan Leaf,https://www.finn.no/mobility/item/446066482,Vikersund ∙ Bakken Bil,Vikersund,Bakken Bil,1,Annet,159000.0,2021,70000.0,40.0,150.0,270.0,18.466666666666665,1.0,0,1.0,Ukjent,2026-03-03
445824029,Nissan Leaf,https://www.finn.no/mobility/item/445824029,Kristiansund N,Kristiansund N,,0,Annet,39500.0,2013,93000.0,40.0,109.0,270.0,20.866666666666667,2.0,0,0.0,Ukjent,2026-03-03
443204395,Nissan Leaf,https://www.finn.no/mobility/item/443204395,Trollåsen ∙ Polar Bil AS,Trollåsen,Polar Bil AS,1,Annet,169434.0,2021,12000.0,40.0,150.0,270.0,21.266666666666666,1.0,0,1.0,Ukjent,2026-03-03
445978255,Nissan Leaf,https://www.finn.no/mobility/item/445978255,Fjellhamar ∙ Sentral Bil AS,Fjellhamar,Sentral Bil AS,1,Annet,179000.0,2019,76000.0,62.0,218.0,385.0,12.0,1.0,0,1.0,Tekna,2026-03-03
442921417,Nissan Leaf,https://www.finn.no/mobility/item/442921417,Ringebu ∙ GUDBRANDSDALEN BIL AS,Ringebu,GUDBRANDSDALEN BIL AS,1,Annet,109000.0,2018,105000.0,40.0,150.0,270.0,12.0,1.0,0,1.0,Ukjent,2026-03-03
442893296,Nissan Leaf,https://www.finn.no/mobility/item/442893296,Gol ∙ GOL AUTO AS,Gol,GOL AUTO AS,1,Annet,259000.0,2023,53750.0,62.0,218.0,385.0,12.0,1.0,0,1.0,Ukjent,2026-03-03
442885292,Nissan Leaf,https://www.finn.no/mobility/item/442885292,Stjørdal ∙ Kristoffersen Bil AS,Stjørdal,Kristoffersen Bil AS,1,Trøndelag,199900.0,2021,79100.0,40.0,218.0,270.0,12.0,1.0,0,1.0,Ukjent,2026-03-03
442802662,Nissan Leaf,https://www.finn.no/mobility/item/442802662,Urangsvåg ∙ 4 HJUL AUTO AS,Urangsvåg,4 HJUL AUTO AS,1,Annet,41900.0,2013,176000.0,40.0,109.0,270.0,12.0,1.0,0,0.0,Tekna,2026-03-03
442852203,Nissan Leaf,https://www.finn.no/mobility/item/442852203,Ørsta ∙ Toyota Sunnmøre AS,Ørsta,Toyota Sunnmøre AS,1,Annet,185000.0,2020,27000.0,40.0,150.0,270.0,8.933333333333334,1.0,0,1.0,Tekna,2026-03-03
442869536,Nissan Leaf,https://www.finn.no/mobility/item/442869536,Gol ∙ GOL AUTO AS,Gol,GOL AUTO AS,1,Annet,179000.0,2022,24400.0,40.0,150.0,295.0,12.0,1.0,0,1.0,Ukjent,2026-03-03
442635913,Nissan Leaf,https://www.finn.no/mobility/item/442635913,Hønefoss ∙ Mobile Hønefoss AS,Hønefoss,Mobile Hønefoss AS,1,Vestland,109000.0,2019,155000.0,40.0,150.0,270.0,19.633333333333333,1.0,0,1.0,Ukjent,2026-03-03
442500559,Nissan Leaf,https://www.finn.no/mobility/item/442500559,Arendal ∙ Sørlandet Bruktbil AS,Arendal,Sørlandet Bruktbil AS,1,Sørlandet,49900.0,2013,139900.0,24.0,33.0,140.0,12.0,1.0,0,0.0,Ukjent,2026-03-03
442257622,Nissan Leaf,https://www.finn.no/mobility/item/442257622,Stjørdal ∙ Auto 8-8 Trio AS,Stjørdal,Auto 8-8 Trio AS,1,Trøndelag,289000.0,2023,19533.0,59.0,218.0,396.0,12.0,1.0,0,0.0,Ukjent,2026-03-03
442440859,Nissan Leaf,https://www.finn.no/mobility/item/442440859,Kløfta ∙ Rebil Salgshjelp,Kløfta,Rebil Salgshjelp,1,Annet,164999.0,2021,93000.0,62.0,218.0,385.0,12.0,1.0,0,1.0,Ukjent,2026-03-03
441988167,Nissan Leaf,https://www.finn.no/mobility/item/441988167,Nyborg ∙ Sande Auto AS Åsane (Sandegruppen),Nyborg,Sande Auto AS Åsane (Sandegruppen),1,Vestland,179000.0,2020,60000.0,62.0,215.0,385.0,8.366666666666667,1.0,0,1.0,N-Connecta,2026-03-03
441894864,Nissan Leaf,https://www.finn.no/mobility/item/441894864,Trondheim ∙ Strada Holding AS,Trondheim,Strada Holding AS,1,Trøndelag,205000.0,2021,58000.0,40.0,218.0,385.0,12.0,1.0,0,1.0,e+,2026-03-03
441430684,Nissan Leaf,https://www.finn.no/mobility/item/441430684,Trondheim ∙ RM BIL - Rune Malvik,Trondheim,RM BIL - Rune Malvik,1,Trøndelag,184900.0,2020,85000.0,62.0,215.0,385.0,20.766666666666666,1.0,0,1.0,e+,2026-03-03
441315985,Nissan Leaf,https://www.finn.no/mobility/item/441315985,Kristiansund N ∙ AUTO 8-8 SILDNES & HALAAS AS,Kristiansund N,AUTO 8-8 SILDNES & HALAAS AS,1,Annet,149000.0,2019,41500.0,40.0,150.0,270.0,12.0,1.0,0,1.0,Acenta,2026-03-03
441120616,Nissan Leaf,https://www.finn.no/mobility/item/441120616,Tromsø ∙ Sulland Tromsø,Tromsø,Sulland Tromsø,1,Nord-Norge,179000.0,2019,87000.0,40.0,150.0,270.0,-2.5,1.0,0,1.0,Tekna,2026-03-03
440533579,Nissan Leaf,https://www.finn.no/mobility/item/440533579,Kokstad ∙ PM Motor AS,Kokstad,PM Motor AS,1,Vestland,49900.0,2015,91900.0,24.0,109.0,270.0,8.033333333333333,2.0,0,0.0,Ukjent,2026-03-03
440656379,Nissan Leaf,https://www.finn.no/mobility/item/440656379,Trondheim ∙ RSR AS,Trondheim,RSR AS,1,Trøndelag,52000.0,2016,47300.0,30.0,109.0,250.0,23.73333333333333,2.0,0,0.0,Ukjent,2026-03-03
440503641,Nissan Leaf,https://www.finn.no/mobility/item/440503641,Ulsteinvik ∙ BILHALLEN ULSTEINVIK AS,Ulsteinvik,BILHALLEN ULSTEINVIK AS,1,Annet,79000.0,2016,128000.0,40.0,109.0,270.0,12.0,1.0,0,1.0,Ukjent,2026-03-03
440488609,Nissan Leaf,https://www.finn.no/mobility/item/440488609,Elverum ∙ Mobile Elverum AS,Elverum,Mobile Elverum AS,1,Annet,159000.0,2021,57829.0,40.0,150.0,270.0,13.333333333333334,1.0,0,1.0,Ukjent,2026-03-03
440500768,Nissan Leaf,https://www.finn.no/mobility/item/440500768,Trondheim ∙ HOLLA AUTOSENTER AS,Trondheim,HOLLA AUTOSENTER AS,1,Trøndelag,37000.0,2012,162164.0,40.0,109.0,270.0,12.0,1.0,0,1.0,Ukjent,2026-03-03
440425263,Nissan Leaf,https://www.finn.no/mobility/item/440425263,Trondheim ∙ Strada Holding AS,Trondheim,Strada Holding AS,1,Trøndelag,199000.0,2021,37700.0,40.0,218.0,385.0,12.0,1.0,0,1.0,Ukjent,2026-03-03
440380095,Nissan Leaf,https://www.finn.no/mobility/item/440380095,Isdalstø ∙ Vest Motor AS,Isdalstø,Vest Motor AS,1,Vestland,199000.0,2020,43500.0,40.0,218.0,385.0,12.0,1.0,0,0.0,N-Connecta,2026-03-03
440330202,Nissan Leaf,https://www.finn.no/mobility/item/440330202,Vågå ∙ Skogen Bil AS,Vågå,Skogen Bil AS,1,Annet,179000.0,2020,90000.0,62.0,215.0,385.0,8.2,1.0,0,1.0,Ukjent,2026-03-03
440318799,Nissan Leaf,https://www.finn.no/mobility/item/440318799,Trondheim ∙ Strada Holding AS,Trondheim,Strada Holding AS,1,Trøndelag,189000.0,2021,10500.0,40.0,150.0,270.0,12.0,1.0,0,1.0,N-Connecta,2026-03-03
440316997,Nissan Leaf,https://www.finn.no/mobility/item/440316997,Trondheim ∙ Strada Holding AS,Trondheim,Strada Holding AS,1,Trøndelag,229000.0,2022,37000.0,62.0,218.0,389.0,12.0,1.0,0,1.0,N-Connecta,2026-03-03
440228435,Nissan Leaf,https://www.finn.no/mobility/item/440228435,Tromsø ∙ Traasdahl AS,Tromsø,Traasdahl AS,1,Nord-Norge,239900.0,2024,11300.0,39.0,150.0,278.0,24.633333333333333,1.0,0,1.0,N-Connecta,2026-03-03
445766927,Nissan Leaf,https://www.finn.no/mobility/item/445766927,Trondheim ∙ Auto 8-8 Witro AS,Trondheim,Auto 8-8 Witro AS,1,Trøndelag,379400.0,2026,10.0,52.0,177.0,440.0,12.0,1.0,0,1.0,Ukjent,2026-03-03
445723269,Nissan Leaf,https://www.finn.no/mobility/item/445723269,Reinsvoll ∙ STENSBERG BIL AS,Reinsvoll,STENSBERG BIL AS,1,Annet,19999.0,2012,149800.0,40.0,109.0,270.0,12.0,1.0,0,1.0,Ukjent,2026-03-03
440088354,Nissan Leaf,https://www.finn.no/mobility/item/440088354,Ottestad ∙ AUTOLINKS AS,Ottestad,AUTOLINKS AS,1,Annet,196000.0,2021,52390.0,62.0,218.0,385.0,12.0,1.0,0,1.0,Ukjent,2026-03-03
445521965,Nissan Leaf,https://www.finn.no/mobility/item/445521965,Kristiansand S ∙ EVOAUTO AS,Kristiansand S,EVOAUTO AS,1,Sørlandet,134900.0,2018,64000.0,40.0,150.0,270.0,12.0,1.0,0,0.0,Ukjent,2026-03-03
439923697,Nissan Leaf,https://www.finn.no/mobility/item/439923697,Tiller ∙ Nardo Bil Sandmoen,Tiller,Nardo Bil Sandmoen,1,Annet,219900.0,2023,26700.0,39.0,150.0,270.0,12.0,1.0,0,1.0,N-Connecta,2026-03-03
383368784,Nissan Leaf,https://www.finn.no/mobility/item/383368784,Mjøndalen ∙ AUTO RS AS,Mjøndalen,AUTO RS AS,1,Annet,114900.0,2018,111580.0,40.0,150.0,270.0,12.0,1.0,0,1.0,N-Connecta,2026-03-03
442355678,Nissan Leaf,https://www.finn.no/mobility/item/442355678,Bodø,Bodø,,0,Nord-Norge,44532.0,2015,100600.0,24.0,150.0,270.0,14.066666666666666,1.0,0,0.0,Ukjent,2026-03-03
439695345,Nissan Leaf,https://www.finn.no/mobility/item/439695345,Sørumsand ∙ Rebil Salgshjelp,Sørumsand,Rebil Salgshjelp,1,Annet,115566.0,2018,97000.0,40.0,150.0,270.0,-0.1333333333333333,1.0,0,0.0,Tekna,2026-03-03
445328242,Nissan Leaf,https://www.finn.no/mobility/item/445328242,Blomsterdalen ∙ Flesland Bil AS,Blomsterdalen,Flesland Bil AS,1,Vestland,165900.0,2020,96000.0,40.0,218.0,385.0,12.0,1.0,0,1.0,Ukjent,2026-03-03
444967699,Nissan Leaf,https://www.finn.no/mobility/item/444967699,Sofiemyr ∙ Hasa Bil AS,Sofiemyr,Hasa Bil AS,1,Annet,59000.0,2016,99000.0,30.0,109.0,180.0,22.666666666666668,1.0,0,0.0,Tekna,2026-03-03
439536125,Nissan Leaf,https://www.finn.no/mobility/item/439536125,Kristiansand S ∙ Autoform Kristiansand AS,Kristiansand S,Autoform Kristiansand AS,1,Sørlandet,135000.0,2019,87000.0,40.0,150.0,270.0,12.0,1.0,0,1.0,N-Connecta,2026-03-03
439451271,Nissan Leaf,https://www.finn.no/mobility/item/439451271,Bødalen ∙ Rebil Salgshjelp,Bødalen,Rebil Salgshjelp,1,Annet,169000.0,2020,55000.0,40.0,150.0,270.0,-2.4,1.0,0,0.0,Ukjent,2026-03-03
445278384,Nissan Leaf,https://www.finn.no/mobility/item/445278384,Godvik ∙ Sande Auto Vest AS,Godvik,Sande Auto Vest AS,1,Vestland,29000.0,2014,140000.0,24.0,109.0,270.0,2.933333333333333,1.0,0,0.0,Tekna,2026-03-03
439373597,Nissan Leaf,https://www.finn.no/mobility/item/439373597,Bønes ∙ Motor Forum Bergen,Bønes,Motor Forum Bergen,1,Vestland,179900.0,2022,53000.0,40.0,150.0,270.0,12.0,1.0,0,1.0,Tekna,2026-03-03
439396933,Nissan Leaf,https://www.finn.no/mobility/item/439396933,Gol ∙ GOL AUTO AS,Gol,GOL AUTO AS,1,Annet,205000.0,2023,11500.0,40.0,150.0,270.0,12.0,1.0,0,1.0,Ukjent,2026-03-03
439377387,Nissan Leaf,https://www.finn.no/mobility/item/439377387,Harstad ∙ Ford Harstad AS - Bilhuset Harstad AS,Harstad,Ford Harstad AS - Bilhuset Harstad AS,1,Nord-Norge,155000.0,2020,93000.0,40.0,150.0,270.0,12.0,1.0,0,0.0,Ukjent,2026-03-03
439368737,Nissan Leaf,https://www.finn.no/mobility/item/439368737,Arendal ∙ AUTO COMPANY AS,Arendal,AUTO COMPANY AS,1,Sørlandet,99900.0,2018,140079.0,40.0,150.0,270.0,12.0,1.0,0,1.0,Acenta,2026-03-03
439132534,Nissan Leaf,https://www.finn.no/mobility/item/439132534,Elverum ∙ Mobile Elverum AS,Elverum,Mobile Elverum AS,1,Annet,99000.0,2017,93655.0,30.0,109.0,270.0,16.1,1.0,0,0.0,Ukjent,2026-03-03
445074316,Nissan Leaf,https://www.finn.no/mobility/item/445074316,Ålesund ∙ Auto 8-8 Ålesund AS,Ålesund,Auto 8-8 Ålesund AS,1,Annet,219000.0,2022,35000.0,40.0,150.0,270.0,12.0,1.0,0,1.0,Tekna,2026-03-03
439363609,Nissan Leaf,https://www.finn.no/mobility/item/439363609,Drammen ∙ BILNETT AS,Drammen,BILNETT AS,1,Oslo/Akershus,99999.0,2019,147000.0,40.0,150.0,270.0,12.0,1.0,0,0.0,Ukjent,2026-03-03
380169385,Nissan Leaf,https://www.finn.no/mobility/item/380169385,Trollåsen ∙ Polar Bil AS,Trollåsen,Polar Bil AS,1,Annet,162434.0,2020,19000.0,40.0,150.0,271.0,6.5,1.0,0,1.0,Ukjent,2026-03-03
444946972,Nissan Leaf,https://www.finn.no/mobility/item/444946972,Lindesnes ∙ Vigeland Bil AS,Lindesnes,Vigeland Bil AS,1,Annet,60000.0,2014,94214.0,40.0,33.0,270.0,12.0,1.0,0,0.0,Ukjent,2026-03-03
444942042,Nissan Leaf,https://www.finn.no/mobility/item/444942042,Rud ∙ Birger N Haug avd. Rud,Rud,Birger N Haug avd. Rud,1,Annet,369900.0,2026,5.0,52.0,177.0,445.0,12.0,1.0,0,1.0,Ukjent,2026-03-03
439114297,Nissan Leaf,https://www.finn.no/mobility/item/439114297,Hønefoss ∙ Mobile Hønefoss AS,Hønefoss,Mobile Hønefoss AS,1,Vestland,169000.0,2022,50590.0,39.0,150.0,285.0,8.6,1.0,0,1.0,Visia,2026-03-03
439101281,Nissan Leaf,https://www.finn.no/mobility/item/439101281,Trondheim ∙ LADE ARENA AUTO AS,Trondheim,LADE ARENA AUTO AS,1,Trøndelag,229000.0,2022,49525.0,62.0,218.0,395.0,12.0,1.0,0,1.0,N-Connecta,2026-03-03
439067894,Nissan Leaf,https://www.finn.no/mobility/item/439067894,Hildre ∙ AUTOLÅVEN AS,Hildre,AUTOLÅVEN AS,1,Annet,65942.0,2014,49124.0,24.0,109.0,270.0,5.666666666666667,1.0,0,0.0,Ukjent,2026-03-03
444911442,Nissan Leaf,https://www.finn.no/mobility/item/444911442,Rud ∙ Birger N Haug avd. Rud,Rud,Birger N Haug avd. Rud,1,Annet,479900.0,2026,5.0,75.0,217.0,622.0,12.0,1.0,0,1.0,Ukjent,2026-03-03
438768542,Nissan Leaf,https://www.finn.no/mobility/item/438768542,Kristiansand S ∙ Hedin Automotive Kristiansand,Kristiansand S,Hedin Automotive Kristiansand,1,Sørlandet,169000.0,2021,45000.0,40.0,150.0,270.0,12.0,1.0,0,1.0,Ukjent,2026-03-03
444931017,Nissan Leaf,https://www.finn.no/mobility/item/444931017,Lørenskog ∙ Ensjø Car Center AS,Lørenskog,Ensjø Car Center AS,1,Oslo/Akershus,169000.0,2021,56000.0,40.0,150.0,270.0,13.7,1.0,0,1.0,Tekna,2026-03-03
444927023,Nissan Leaf,https://www.finn.no/mobility/item/444927023,Fyllingsdalen ∙ AutoSwap AS,Fyllingsdalen,AutoSwap AS,1,Vestland,179800.0,2020,86900.0,40.0,218.0,385.0,12.0,1.0,0,1.0,N-Connecta,2026-03-03
438767361,Nissan Leaf,https://www.finn.no/mobility/item/438767361,Kristiansand S ∙ Hedin Automotive Kristiansand,Kristiansand S,Hedin Automotive Kristiansand,1,Sørlandet,239000.0,2022,30832.0,59.0,218.0,270.0,12.0,1.0,0,1.0,Ukjent,2026-03-03
438302035,Nissan Leaf,https://www.finn.no/mobility/item/438302035,Narvik ∙ Teknisk Bureau Narvik,Narvik,Teknisk Bureau Narvik,1,Nord-Norge,229000.0,2020,55124.0,62.0,217.0,385.0,12.0,1.0,0,1.0,N-Connecta,2026-03-03
444859580,Nissan Leaf,https://www.finn.no/mobility/item/444859580,Vennesla ∙ Dream Car,Vennesla,Dream Car,1,Annet,189999.0,2022,24000.0,40.0,150.0,270.0,12.0,1.0,0,1.0,Tekna,2026-03-03
438108074,Nissan Leaf,https://www.finn.no/mobility/item/438108074,Ankenes ∙ Sommerseth AS,Ankenes,Sommerseth AS,1,Annet,209000.0,2022,38000.0,39.0,150.0,270.0,12.0,1.0,0,0.0,Ukjent,2026-03-03
437987781,Nissan Leaf,https://www.finn.no/mobility/item/437987781,Kristiansand S ∙ Rigetjønn Bil AS,Kristiansand S,Rigetjønn Bil AS,1,Sørlandet,239000.0,2020,13400.0,62.0,218.0,385.0,12.0,1.0,0,1.0,Tekna,2026-03-03
437852856,Nissan Leaf,https://www.finn.no/mobility/item/437852856,"Gol ∙ Hovli Auto AS, Gol",Gol,"Hovli Auto AS, Gol",1,Annet,269900.0,2023,40166.0,59.0,218.0,395.0,21.566666666666663,1.0,0,1.0,Ukjent,2026-03-03
437098834,Nissan Leaf,https://www.finn.no/mobility/item/437098834,Hildre ∙ AUTOLÅVEN AS,Hildre,AUTOLÅVEN AS,1,Annet,33900.0,2013,116364.0,24.0,109.0,270.0,9.333333333333334,2.0,0,0.0,Ukjent,2026-03-03
436868043,Nissan Leaf,https://www.finn.no/mobility/item/436868043,Rykkinn ∙ ØKERN BILAUKSJON AS,Rykkinn,ØKERN BILAUKSJON AS,1,Annet,212500.0,2023,14500.0,40.0,150.0,278.0,12.0,1.0,0,0.0,Ukjent,2026-03-03
437132808,Nissan Leaf,https://www.finn.no/mobility/item/437132808,Kristiansand S ∙ Auto Teknikk Bilforretning AS,Kristiansand S,Auto Teknikk Bilforretning AS,1,Sørlandet,49000.0,2015,91000.0,40.0,109.0,270.0,12.0,1.0,0,0.0,Ukjent,2026-03-03
436807420,Nissan Leaf,https://www.finn.no/mobility/item/436807420,Elverum ∙ AUTO SELECT AS,Elverum,AUTO SELECT AS,1,Annet,69990.0,2015,115152.0,80.0,109.0,270.0,12.0,1.0,0,0.0,Tekna,2026-03-03
436803997,Nissan Leaf,https://www.finn.no/mobility/item/436803997,Stjørdal ∙ Strandveien Auto Stjørdal AS,Stjørdal,Strandveien Auto Stjørdal AS,1,Trøndelag,109000.0,2019,179000.0,40.0,122.0,270.0,12.0,1.0,0,1.0,Ukjent,2026-03-03
436610916,Nissan Leaf,https://www.finn.no/mobility/item/436610916,Sør-Fron ∙ Renshus Bil AS,Sør-Fron,Renshus Bil AS,1,Annet,134000.0,2018,87739.0,40.0,150.0,270.0,12.0,1.0,0,1.0,Ukjent,2026-03-03
436414408,Nissan Leaf,https://www.finn.no/mobility/item/436414408,Ålesund ∙ Per Aaland AS,Ålesund,Per Aaland AS,1,Annet,179000.0,2020,52000.0,40.0,150.0,270.0,12.0,1.0,0,1.0,Tekna,2026-03-03
435751291,Nissan Leaf,https://www.finn.no/mobility/item/435751291,Grinder ∙ Kongsvinger Bobil AS,Grinder,Kongsvinger Bobil AS,1,Annet,29900.0,2012,146000.0,40.0,109.0,270.0,2.933333333333333,1.0,0,0.0,Ukjent,2026-03-03
435579458,Nissan Leaf,https://www.finn.no/mobility/item/435579458,Kristiansund N ∙ Slatlem Kristiansund,Kristiansund N,Slatlem Kristiansund,1,Annet,129000.0,2018,102700.0,40.0,150.0,270.0,12.0,1.0,0,0.0,Ukjent,2026-03-03
435425871,Nissan Leaf,https://www.finn.no/mobility/item/435425871,Ytre Enebakk ∙ HS AUTO AS,Ytre Enebakk,HS AUTO AS,1,Annet,99900.0,2019,167000.0,40.0,150.0,270.0,12.0,1.0,0,1.0,Ukjent,2026-03-03
435056799,Nissan Leaf,https://www.finn.no/mobility/item/435056799,Trondheim ∙ tm bil,Trondheim,tm bil,1,Trøndelag,174532.0,2021,77600.0,62.0,215.0,385.0,13.466666666666669,1.0,0,1.0,N-Connecta,2026-03-03
434386338,Nissan Leaf,https://www.finn.no/mobility/item/434386338,Kristiansand S ∙ Car4Sale AS,Kristiansand S,Car4Sale AS,1,Sørlandet,110000.0,2018,109000.0,40.0,150.0,270.0,12.0,1.0,0,1.0,Ukjent,2026-03-03
433524395,Nissan Leaf,https://www.finn.no/mobility/item/433524395,Kristiansand S ∙ Mobile Auto Sør AS,Kristiansand S,Mobile Auto Sør AS,1,Sørlandet,259000.0,2024,29737.0,59.0,218.0,395.0,22.6,1.0,0,1.0,N-Connecta,2026-03-03
432035665,Nissan Leaf,https://www.finn.no/mobility/item/432035665,Jessheim ∙ Active Auto AS,Jessheim,Active Auto AS,1,Oslo/Akershus,19000.0,2011,134825.0,24.0,109.0,270.0,12.0,1.0,0,0.0,Ukjent,2026-03-03
432148773,Nissan Leaf,https://www.finn.no/mobility/item/432148773,Gardermoen ∙ NOR BIL AS,Gardermoen,NOR BIL AS,1,Annet,119434.0,2018,96000.0,40.0,150.0,270.0,1.1666666666666667,3.0,0,0.0,Ukjent,2026-03-03
432029753,Nissan Leaf,https://www.finn.no/mobility/item/432029753,Lørenskog ∙ FHM AUTOSPORT AS,Lørenskog,FHM AUTOSPORT AS,1,Oslo/Akershus,146000.0,2018,67000.0,40.0,150.0,270.0,12.0,1.0,0,0.0,Tekna,2026-03-03
429892656,Nissan Leaf,https://www.finn.no/mobility/item/429892656,Trondheim ∙ tm bil,Trondheim,tm bil,1,Trøndelag,94334.0,2016,112114.0,30.0,109.0,300.0,19.5,2.0,0,1.0,Tekna,2026-03-03
428988988,Nissan Leaf,https://www.finn.no/mobility/item/428988988,Fornebu ∙ Beret AS,Fornebu,Beret AS,1,Annet,179434.0,2021,63000.0,62.0,215.0,385.0,17.166666666666668,1.0,0,1.0,Ukjent,2026-03-03
427215269,Nissan Leaf,https://www.finn.no/mobility/item/427215269,Fetsund ∙ Automobil 1 AS,Fetsund,Automobil 1 AS,1,Annet,39990.0,2012,81000.0,24.0,109.0,130.0,12.0,1.0,0,1.0,Acenta,2026-03-03
428769990,Nissan Leaf,https://www.finn.no/mobility/item/428769990,Trondheim ∙ tm bil,Trondheim,tm bil,1,Trøndelag,139900.0,2020,166952.0,40.0,150.0,270.0,19.23333333333333,1.0,0,1.0,Acenta,2026-03-03
429514538,Nissan Leaf,https://www.finn.no/mobility/item/429514538,Trondheim ∙ tm bil,Trondheim,tm bil,1,Trøndelag,189899.0,2021,65711.0,62.0,215.0,385.0,7.5,1.0,0,1.0,Tekna,2026-03-03
426522742,Nissan Leaf,https://www.finn.no/mobility/item/426522742,Trondheim ∙ tm bil,Trondheim,tm bil,1,Trøndelag,169900.0,2020,64511.0,40.0,150.0,270.0,2.2666666666666666,1.0,0,1.0,N-Connecta,2026-03-03
424302880,Nissan Leaf,https://www.finn.no/mobility/item/424302880,Kokstad ∙ Mobile Kokstad AS,Kokstad,Mobile Kokstad AS,1,Vestland,199900.0,2023,26000.0,39.0,150.0,285.0,17.933333333333334,1.0,0,1.0,Visia,2026-03-03
424016041,Nissan Leaf,https://www.finn.no/mobility/item/424016041,Trondheim ∙ tm bil,Trondheim,tm bil,1,Trøndelag,169800.0,2020,69593.0,40.0,150.0,270.0,6.7,1.0,0,1.0,Tekna,2026-03-03
423670193,Nissan Leaf,https://www.finn.no/mobility/item/423670193,Trondheim ∙ tm bil,Trondheim,tm bil,1,Trøndelag,184900.0,2022,51111.0,39.0,150.0,275.0,3.3666666666666667,1.0,0,1.0,Visia,2026-03-03
423602340,Nissan Leaf,https://www.finn.no/mobility/item/423602340,Trondheim ∙ tm bil,Trondheim,tm bil,1,Trøndelag,99434.0,2016,94511.0,30.0,109.0,270.0,17.966666666666665,1.0,0,1.0,Tekna,2026-03-03
423123402,Nissan Leaf,https://www.finn.no/mobility/item/423123402,Ytre Enebakk ∙ Bruktbil Oslo og Akershus,Ytre Enebakk,Bruktbil Oslo og Akershus,1,Annet,59999.0,2013,59000.0,40.0,109.0,270.0,12.0,1.0,0,1.0,Tekna,2026-03-03
422048707,Nissan Leaf,https://www.finn.no/mobility/item/422048707,Strømmen ∙ AUTOGLIMT AS,Strømmen,AUTOGLIMT AS,1,Annet,119000.0,2018,129000.0,40.0,150.0,270.0,12.0,1.0,0,0.0,Tekna,2026-03-03
422978192,Nissan Leaf,https://www.finn.no/mobility/item/422978192,Trondheim ∙ tm bil,Trondheim,tm bil,1,Trøndelag,229434.0,2021,34850.0,62.0,215.0,385.0,12.866666666666667,2.0,0,1.0,N-Connecta,2026-03-03
420829363,Nissan Leaf,https://www.finn.no/mobility/item/420829363,Trondheim ∙ tm bil,Trondheim,tm bil,1,Trøndelag,159434.0,2020,87000.0,40.0,150.0,270.0,9.133333333333333,1.0,0,0.0,Acenta,2026-03-03
420214445,Nissan Leaf,https://www.finn.no/mobility/item/420214445,Trondheim ∙ tm bil,Trondheim,tm bil,1,Trøndelag,177900.0,2021,53828.0,40.0,150.0,270.0,15.1,1.0,0,1.0,Acenta,2026-03-03
415352083,Nissan Leaf,https://www.finn.no/mobility/item/415352083,Arendal ∙ Sigmund Aasen AS,Arendal,Sigmund Aasen AS,1,Sørlandet,199000.0,2022,47000.0,40.0,150.0,270.0,12.0,1.0,0,0.0,Ukjent,2026-03-03
402154884,Nissan Leaf,https://www.finn.no/mobility/item/402154884,Førde ∙ Motorarena AS,Førde,Motorarena AS,1,Vestland,179000.0,2020,24000.0,40.0,150.0,270.0,12.0,1.0,0,0.0,Ukjent,2026-03-03
396348545,Nissan Leaf,https://www.finn.no/mobility/item/396348545,Jessheim ∙ Pitstop Bilsalg Ny AS,Jessheim,Pitstop Bilsalg Ny AS,1,Oslo/Akershus,138982.0,2019,83000.0,40.0,150.0,270.0,12.0,1.0,0,1.0,Ukjent,2026-03-03
397523328,Nissan Leaf,https://www.finn.no/mobility/item/397523328,Stabekk ∙ FHM AUTOSPORT AS,Stabekk,FHM AUTOSPORT AS,1,Annet,199000.0,2021,92500.0,62.0,218.0,385.0,12.0,1.0,0,1.0,N-Connecta,2026-03-03
360470900,Nissan Leaf,https://www.finn.no/mobility/item/360470900,Lillehammer ∙ Lilleberg Bilmegling,Lillehammer,Lilleberg Bilmegling,1,Annet,151500.0,2019,68000.0,40.0,150.0,280.0,12.0,1.0,0,1.0,Ukjent,2026-03-03
